{"type":"FeatureCollection","features":[{"type":"Feature","geometry":{"type":"MultiPolygon","coordinates":[[[[14.48972876221508,50.07474774974219],[14.48931869995836,50.074721828737054],[14.48892439745196,50.07464506193355],[14.488561008611757,50.07452039967097],[14.488242498996499,50.07435263300049],[14.487981109008148,50.07414820951439],[14.487786883461144,50.07391498550583],[14.48766728560483,50.07366192399298],[14.48762691042604,50.07339875022189],[14.48766730823258,50.073135577895165],[14.487786925271777,50.072882520495504],[14.487981163636373,50.07264930264279],[14.488242558125663,50.072444886418],[14.488561063239983,50.072277127008824],[14.488924439262593,50.07215247090209],[14.489318722586114,50.07207570821179],[14.48972876221508,50.072049788651015],[14.490138801844045,50.07207570821179],[14.490533085167568,50.07215247090209],[14.490896461190179,50.072277127008824],[14.491214966304497,50.072444886418],[14.49147636079379,50.07264930264279],[14.491670599158383,50.072882520495504],[14.49179021619758,50.073135577895165],[14.49183061400412,50.07339875022189],[14.491790238825333,50.07366192399298],[14.491670640969017,50.07391498550583],[14.491476415422014,50.07414820951439],[14.491215025433661,50.07435263300049],[14.490896515818404,50.07452039967097],[14.490533126978203,50.07464506193355],[14.4901388244718,50.074721828737054],[14.48972876221508,50.07474774974219]]],[[[14.49122285,50.07335488663039],[14.491044529691921,50.07334361443546],[14.490873062376787,50.07331023105034],[14.49071503765381,50.07325601942405],[14.4905765284624,50.07318306294526],[14.490462857681539,50.073094165368666],[14.49037839356715,50.072992743056425],[14.490326381889833,50.072882693677364],[14.490308821222735,50.07276824641168],[14.490326386168935,50.07265379941913],[14.490378401473906,50.07254375081792],[14.490462868012214,50.072442329669826],[14.490576539644241,50.07235343346642],[14.490715047984482,50.072280478360824],[14.490873070283543,50.072226267898685],[14.491044533971026,50.072192885291415],[14.49122285,50.07218161336962],[14.491401166028975,50.072192885291415],[14.491572629716456,50.072226267898685],[14.491730652015518,50.072280478360824],[14.49186916035576,50.07235343346642],[14.491982831987787,50.072442329669826],[14.492067298526093,50.07254375081792],[14.492119313831065,50.07265379941913],[14.492136878777265,50.07276824641168],[14.492119318110168,50.072882693677364],[14.492067306432851,50.072992743056425],[14.49198284231846,50.073094165368666],[14.4918691715376,50.07318306294526],[14.49173066234619,50.07325601942405],[14.491572637623214,50.07331023105034],[14.49140117030808,50.07334361443546],[14.49122285,50.07335488663039]]]]},"properties":{"stopId":"U713Z102P","nodeId":"713","name":"Strašnická","hasPlatform":false,"platformLengthM":0,"isMetroZone":true}},{"type":"Feature","geometry":{"type":"MultiPolygon","coordinates":[[[[14.4754189,50.07974538054559],[14.475008794997876,50.07971945954033],[14.474614451389114,50.079642692736456],[14.474251024669444,50.07951803047333],[14.473932481853499,50.079350263802205],[14.47367106461921,50.07914584031546],[14.473476818827976,50.07891261630636],[14.473357208506915,50.07865955479314],[14.473316829121572,50.078396381021925],[14.473357231141035,50.07813320869532],[14.473476860650383,50.077880151296036],[14.473671119262814,50.07764693344386],[14.47393254099931,50.077442517219716],[14.474251079313047,50.07727475781119],[14.474614493211519,50.077150101704994],[14.475008817631998,50.07707333901505],[14.4754189,50.07704741945442],[14.475828982368,50.07707333901505],[14.476223306788478,50.077150101704994],[14.47658672068695,50.07727475781119],[14.476905259000686,50.077442517219716],[14.477166680737184,50.07764693344386],[14.477360939349614,50.077880151296036],[14.47748056885896,50.07813320869532],[14.477520970878425,50.078396381021925],[14.477480591493082,50.07865955479314],[14.47736098117202,50.07891261630636],[14.477166735380788,50.07914584031546],[14.476905318146496,50.079350263802205],[14.476586775330553,50.07951803047333],[14.476223348610883,50.079642692736456],[14.47582900500212,50.07971945954033],[14.4754189,50.07974538054559]]],[[[14.474046349999998,50.07945099676655],[14.473776846785501,50.07943396266782],[14.473517700984672,50.07938351501797],[14.473278871896895,50.07930159259301],[14.473069537905165,50.079191343777104],[14.472897743708012,50.079057005548904],[14.472770091149423,50.07890374062969],[14.472691485530515,50.07873743905564],[14.472664947149553,50.07856449180408],[14.472691495305378,50.0783915451764],[14.472770109211012,50.078225245378995],[14.472897767306618,50.078071983118726],[14.473069563448108,50.077937648026975],[14.4732788954955,50.0778274023475],[14.473517719046267,50.0777454825815],[14.473776856560363,50.077695036708306],[14.474046349999998,50.077678003233444],[14.474315843439634,50.077695036708306],[14.47457498095373,50.0777454825815],[14.474813804504496,50.0778274023475],[14.475023136551886,50.077937648026975],[14.475194932693379,50.078071983118726],[14.475322590788984,50.078225245378995],[14.47540120469462,50.0783915451764],[14.475427752850443,50.07856449180408],[14.475401214469482,50.07873743905564],[14.475322608850574,50.07890374062969],[14.475194956291986,50.079057005548904],[14.475023162094834,50.079191343777104],[14.4748138281031,50.07930159259301],[14.474574999015324,50.07938351501797],[14.474315853214495,50.07943396266782],[14.474046349999998,50.07945099676655]]]]},"properties":{"stopId":"U921Z102P","nodeId":"921","name":"Želivského","hasPlatform":false,"platformLengthM":0,"isMetroZone":true}},{"type":"Feature","geometry":{"type":"MultiPolygon","coordinates":[[[[14.450142342580602,50.0788152913322],[14.449732245534566,50.078789370326966],[14.449337909576078,50.07871260352316],[14.448974489906814,50.07858794126013],[14.448655953270423,50.07842017458912],[14.448394541107348,50.0782157511025],[14.44820029908412,50.077982527093496],[14.448080691083089,50.077729465580354],[14.4480403124807,50.07746629180916],[14.448080713716024,50.07720311948253],[14.448200340904334,50.07695006208318],[14.448394595748088,50.07671684423091],[14.448656012413137,50.076512428006644],[14.448974544547553,50.07634466859799],[14.449337951396291,50.076220012491696],[14.449732268167502,50.07614324980168],[14.450142342580602,50.07611733024102],[14.4505524169937,50.07614324980168],[14.45094673376491,50.076220012491696],[14.451310140613648,50.07634466859799],[14.451628672748067,50.076512428006644],[14.451890089413114,50.07671684423091],[14.452084344256868,50.07695006208318],[14.45220397144518,50.07720311948253],[14.452244372680504,50.07746629180916],[14.452203994078115,50.077729465580354],[14.45208438607708,50.077982527093496],[14.451890144053854,50.0782157511025],[14.451628731890779,50.07842017458912],[14.451310195254388,50.07858794126013],[14.450946775585123,50.07871260352316],[14.450552439626636,50.078789370326966],[14.450142342580602,50.0788152913322]]],[[[14.44978705,50.07855883875128],[14.449412657850429,50.07853517447749],[14.44905265445473,50.07846509112942],[14.44872087545158,50.078351282165926],[14.448430071530069,50.07819812149371],[14.4481914183353,50.07801149533597],[14.448014086962107,50.07779857597571],[14.44790489154758,50.0775675460766],[14.447868027500169,50.07732728418313],[14.44790491041108,50.077087023493654],[14.448014121817312,50.076855997023195],[14.448191463875817,50.076643082794305],[14.44843012082277,50.076456462689414],[14.448720920992097,50.07630330807006],[14.449052689309934,50.07618950423793],[14.44941267671393,50.07611942431853],[14.44978705,50.076095761248716],[14.450161423286072,50.07611942431853],[14.450521410690067,50.07618950423793],[14.450853179007906,50.07630330807006],[14.451143979177232,50.076456462689414],[14.451382636124185,50.076643082794305],[14.45155997818269,50.076855997023195],[14.451669189588921,50.077087023493654],[14.451706072499832,50.07732728418313],[14.451669208452422,50.0775675460766],[14.451560013037893,50.07779857597571],[14.451382681664702,50.07801149533597],[14.451144028469933,50.07819812149371],[14.450853224548423,50.078351282165926],[14.450521445545272,50.07846509112942],[14.450161442149572,50.07853517447749],[14.44978705,50.07855883875128]]]]},"properties":{"stopId":"U209Z102P","nodeId":"209","name":"Jiřího z Poděbrad","hasPlatform":false,"platformLengthM":0,"isMetroZone":true}},{"type":"Feature","geometry":{"type":"MultiPolygon","coordinates":[[[[14.438327592786894,50.076563123912635],[14.437917515004433,50.07653720290747],[14.43752319756906,50.076460436103815],[14.437159794970487,50.07633577384104],[14.436841273296265,50.076168007170324],[14.436579873411794,50.075963583683986],[14.436385640511794,50.07573035967524],[14.436266038128103,50.07547729816225],[14.436225661421437,50.07521412439111],[14.43626606075817,50.07495095206443],[14.436385682326703,50.07469789466491],[14.436579928045605,50.0744646768124],[14.436841332431472,50.07426026058783],[14.437159849604297,50.074092501178896],[14.437523239383967,50.073967845072346],[14.437917537634496,50.073891082382175],[14.438327592786894,50.07386516282146],[14.438737647939297,50.073891082382175],[14.439131946189821,50.073967845072346],[14.439495335969493,50.074092501178896],[14.439813853142319,50.07426026058783],[14.440075257528187,50.0744646768124],[14.44026950324709,50.07469789466491],[14.440389124815622,50.07495095206443],[14.440429524152355,50.07521412439111],[14.440389147445687,50.07547729816225],[14.440269545061994,50.07573035967524],[14.440075312161994,50.075963583683986],[14.439813912277527,50.076168007170324],[14.439495390603302,50.07633577384104],[14.43913198800473,50.076460436103815],[14.43873767056936,50.07653720290747],[14.438327592786894,50.076563123912635]]],[[[14.437643399999999,50.075955123871445],[14.43741918705836,50.07594095138041],[14.437203590879328,50.07589897857276],[14.437004897029544,50.07583081850993],[14.436830741420296,50.07573909064965],[14.436687816830558,50.075627320165694],[14.43658161569556,50.07549980245861],[14.43651621904727,50.07536143806711],[14.43649413971582,50.07521754432713],[14.436516225812548,50.07507365101897],[14.436581628196162,50.07493528785719],[14.436687833163381,50.07480777199052],[14.436830759098818,50.074696003677474],[14.437004913362365,50.074604277988115],[14.43720360337993,50.074536119765696],[14.437419193823638,50.07449414818777],[14.437643399999999,50.07447997612856],[14.43786760617636,50.07449414818777],[14.438083196620068,50.074536119765696],[14.438281886637633,50.074604277988115],[14.43845604090118,50.074696003677474],[14.438598966836619,50.07480777199052],[14.438705171803838,50.07493528785719],[14.43877057418745,50.07507365101897],[14.438792660284179,50.07521754432713],[14.43877058095273,50.07536143806711],[14.438705184304437,50.07549980245861],[14.438598983169438,50.075627320165694],[14.438456058579701,50.07573909064965],[14.438281902970456,50.07583081850993],[14.43808320912067,50.07589897857276],[14.43786761294164,50.07594095138041],[14.437643399999999,50.075955123871445]]]]},"properties":{"stopId":"U476Z102P","nodeId":"476","name":"Náměstí Míru","hasPlatform":false,"platformLengthM":0,"isMetroZone":true}},{"type":"Feature","geometry":{"type":"MultiPolygon","coordinates":[[[[14.438327592786894,50.076563123912635],[14.437917515004433,50.07653720290747],[14.43752319756906,50.076460436103815],[14.437159794970487,50.07633577384104],[14.436841273296265,50.076168007170324],[14.436579873411794,50.075963583683986],[14.436385640511794,50.07573035967524],[14.436266038128103,50.07547729816225],[14.436225661421437,50.07521412439111],[14.43626606075817,50.07495095206443],[14.436385682326703,50.07469789466491],[14.436579928045605,50.0744646768124],[14.436841332431472,50.07426026058783],[14.437159849604297,50.074092501178896],[14.437523239383967,50.073967845072346],[14.437917537634496,50.073891082382175],[14.438327592786894,50.07386516282146],[14.438737647939297,50.073891082382175],[14.439131946189821,50.073967845072346],[14.439495335969493,50.074092501178896],[14.439813853142319,50.07426026058783],[14.440075257528187,50.0744646768124],[14.44026950324709,50.07469789466491],[14.440389124815622,50.07495095206443],[14.440429524152355,50.07521412439111],[14.440389147445687,50.07547729816225],[14.440269545061994,50.07573035967524],[14.440075312161994,50.075963583683986],[14.439813912277527,50.076168007170324],[14.439495390603302,50.07633577384104],[14.43913198800473,50.076460436103815],[14.43873767056936,50.07653720290747],[14.438327592786894,50.076563123912635]]],[[[14.437643399999999,50.075955123871445],[14.43741918705836,50.07594095138041],[14.437203590879328,50.07589897857276],[14.437004897029544,50.07583081850993],[14.436830741420296,50.07573909064965],[14.436687816830558,50.075627320165694],[14.43658161569556,50.07549980245861],[14.43651621904727,50.07536143806711],[14.43649413971582,50.07521754432713],[14.436516225812548,50.07507365101897],[14.436581628196162,50.07493528785719],[14.436687833163381,50.07480777199052],[14.436830759098818,50.074696003677474],[14.437004913362365,50.074604277988115],[14.43720360337993,50.074536119765696],[14.437419193823638,50.07449414818777],[14.437643399999999,50.07447997612856],[14.43786760617636,50.07449414818777],[14.438083196620068,50.074536119765696],[14.438281886637633,50.074604277988115],[14.43845604090118,50.074696003677474],[14.438598966836619,50.07480777199052],[14.438705171803838,50.07493528785719],[14.43877057418745,50.07507365101897],[14.438792660284179,50.07521754432713],[14.43877058095273,50.07536143806711],[14.438705184304437,50.07549980245861],[14.438598983169438,50.075627320165694],[14.438456058579701,50.07573909064965],[14.438281902970456,50.07583081850993],[14.43808320912067,50.07589897857276],[14.43786761294164,50.07594095138041],[14.437643399999999,50.075955123871445]]]]},"properties":{"stopId":"U476Z101P","nodeId":"476","name":"Náměstí Míru","hasPlatform":false,"platformLengthM":0,"isMetroZone":true}},{"type":"Feature","geometry":{"type":"MultiPolygon","coordinates":[[[[14.450142342580602,50.0788152913322],[14.449732245534566,50.078789370326966],[14.449337909576078,50.07871260352316],[14.448974489906814,50.07858794126013],[14.448655953270423,50.07842017458912],[14.448394541107348,50.0782157511025],[14.44820029908412,50.077982527093496],[14.448080691083089,50.077729465580354],[14.4480403124807,50.07746629180916],[14.448080713716024,50.07720311948253],[14.448200340904334,50.07695006208318],[14.448394595748088,50.07671684423091],[14.448656012413137,50.076512428006644],[14.448974544547553,50.07634466859799],[14.449337951396291,50.076220012491696],[14.449732268167502,50.07614324980168],[14.450142342580602,50.07611733024102],[14.4505524169937,50.07614324980168],[14.45094673376491,50.076220012491696],[14.451310140613648,50.07634466859799],[14.451628672748067,50.076512428006644],[14.451890089413114,50.07671684423091],[14.452084344256868,50.07695006208318],[14.45220397144518,50.07720311948253],[14.452244372680504,50.07746629180916],[14.452203994078115,50.077729465580354],[14.45208438607708,50.077982527093496],[14.451890144053854,50.0782157511025],[14.451628731890779,50.07842017458912],[14.451310195254388,50.07858794126013],[14.450946775585123,50.07871260352316],[14.450552439626636,50.078789370326966],[14.450142342580602,50.0788152913322]]],[[[14.44978705,50.07855883875128],[14.449412657850429,50.07853517447749],[14.44905265445473,50.07846509112942],[14.44872087545158,50.078351282165926],[14.448430071530069,50.07819812149371],[14.4481914183353,50.07801149533597],[14.448014086962107,50.07779857597571],[14.44790489154758,50.0775675460766],[14.447868027500169,50.07732728418313],[14.44790491041108,50.077087023493654],[14.448014121817312,50.076855997023195],[14.448191463875817,50.076643082794305],[14.44843012082277,50.076456462689414],[14.448720920992097,50.07630330807006],[14.449052689309934,50.07618950423793],[14.44941267671393,50.07611942431853],[14.44978705,50.076095761248716],[14.450161423286072,50.07611942431853],[14.450521410690067,50.07618950423793],[14.450853179007906,50.07630330807006],[14.451143979177232,50.076456462689414],[14.451382636124185,50.076643082794305],[14.45155997818269,50.076855997023195],[14.451669189588921,50.077087023493654],[14.451706072499832,50.07732728418313],[14.451669208452422,50.0775675460766],[14.451560013037893,50.07779857597571],[14.451382681664702,50.07801149533597],[14.451144028469933,50.07819812149371],[14.450853224548423,50.078351282165926],[14.450521445545272,50.07846509112942],[14.450161442149572,50.07853517447749],[14.44978705,50.07855883875128]]]]},"properties":{"stopId":"U209Z101P","nodeId":"209","name":"Jiřího z Poděbrad","hasPlatform":false,"platformLengthM":0,"isMetroZone":true}},{"type":"Feature","geometry":{"type":"MultiPolygon","coordinates":[[[[14.474734799483217,50.079587626697446],[14.47432469583057,50.079561705692186],[14.473930353519409,50.07948493888833],[14.473566927995595,50.07936027662522],[14.4732483862278,50.079192509954105],[14.472986969853661,50.07898808646739],[14.472792724701542,50.078754862458304],[14.47267311477399,50.0785018009451],[14.472632735521445,50.078238627173874],[14.472673137407911,50.07797545484728],[14.472792766523572,50.07772239744798],[14.47298702449678,50.077489179595794],[14.473248445373082,50.07728476337163],[14.473566982638712,50.077117003963075],[14.473930395341437,50.07699234785686],[14.474324718464485,50.076915585166915],[14.474734799483217,50.07688966560627],[14.475144880501945,50.076915585166915],[14.475539203624994,50.07699234785686],[14.475902616327721,50.077117003963075],[14.476221153593352,50.07728476337163],[14.476482574469653,50.077489179595794],[14.47667683244286,50.07772239744798],[14.476796461558523,50.07797545484728],[14.476836863444985,50.078238627173874],[14.476796484192445,50.0785018009451],[14.476676874264893,50.078754862458304],[14.476482629112773,50.07898808646739],[14.476221212738634,50.079192509954105],[14.475902670970838,50.07936027662522],[14.475539245447026,50.07948493888833],[14.475144903135865,50.079561705692186],[14.474734799483217,50.079587626697446]]],[[[14.474046349999998,50.07945099676655],[14.473776846785501,50.07943396266782],[14.473517700984672,50.07938351501797],[14.473278871896895,50.07930159259301],[14.473069537905165,50.079191343777104],[14.472897743708012,50.079057005548904],[14.472770091149423,50.07890374062969],[14.472691485530515,50.07873743905564],[14.472664947149553,50.07856449180408],[14.472691495305378,50.0783915451764],[14.472770109211012,50.078225245378995],[14.472897767306618,50.078071983118726],[14.473069563448108,50.077937648026975],[14.4732788954955,50.0778274023475],[14.473517719046267,50.0777454825815],[14.473776856560363,50.077695036708306],[14.474046349999998,50.077678003233444],[14.474315843439634,50.077695036708306],[14.47457498095373,50.0777454825815],[14.474813804504496,50.0778274023475],[14.475023136551886,50.077937648026975],[14.475194932693379,50.078071983118726],[14.475322590788984,50.078225245378995],[14.47540120469462,50.0783915451764],[14.475427752850443,50.07856449180408],[14.475401214469482,50.07873743905564],[14.475322608850574,50.07890374062969],[14.475194956291986,50.079057005548904],[14.475023162094834,50.079191343777104],[14.4748138281031,50.07930159259301],[14.474574999015324,50.07938351501797],[14.474315853214495,50.07943396266782],[14.474046349999998,50.07945099676655]]]]},"properties":{"stopId":"U921Z101P","nodeId":"921","name":"Želivského","hasPlatform":false,"platformLengthM":0,"isMetroZone":true}},{"type":"Feature","geometry":{"type":"MultiPolygon","coordinates":[[[[14.48972876221508,50.07474774974219],[14.48931869995836,50.074721828737054],[14.48892439745196,50.07464506193355],[14.488561008611757,50.07452039967097],[14.488242498996499,50.07435263300049],[14.487981109008148,50.07414820951439],[14.487786883461144,50.07391498550583],[14.48766728560483,50.07366192399298],[14.48762691042604,50.07339875022189],[14.48766730823258,50.073135577895165],[14.487786925271777,50.072882520495504],[14.487981163636373,50.07264930264279],[14.488242558125663,50.072444886418],[14.488561063239983,50.072277127008824],[14.488924439262593,50.07215247090209],[14.489318722586114,50.07207570821179],[14.48972876221508,50.072049788651015],[14.490138801844045,50.07207570821179],[14.490533085167568,50.07215247090209],[14.490896461190179,50.072277127008824],[14.491214966304497,50.072444886418],[14.49147636079379,50.07264930264279],[14.491670599158383,50.072882520495504],[14.49179021619758,50.073135577895165],[14.49183061400412,50.07339875022189],[14.491790238825333,50.07366192399298],[14.491670640969017,50.07391498550583],[14.491476415422014,50.07414820951439],[14.491215025433661,50.07435263300049],[14.490896515818404,50.07452039967097],[14.490533126978203,50.07464506193355],[14.4901388244718,50.074721828737054],[14.48972876221508,50.07474774974219]]],[[[14.49122285,50.07335488663039],[14.491044529691921,50.07334361443546],[14.490873062376787,50.07331023105034],[14.49071503765381,50.07325601942405],[14.4905765284624,50.07318306294526],[14.490462857681539,50.073094165368666],[14.49037839356715,50.072992743056425],[14.490326381889833,50.072882693677364],[14.490308821222735,50.07276824641168],[14.490326386168935,50.07265379941913],[14.490378401473906,50.07254375081792],[14.490462868012214,50.072442329669826],[14.490576539644241,50.07235343346642],[14.490715047984482,50.072280478360824],[14.490873070283543,50.072226267898685],[14.491044533971026,50.072192885291415],[14.49122285,50.07218161336962],[14.491401166028975,50.072192885291415],[14.491572629716456,50.072226267898685],[14.491730652015518,50.072280478360824],[14.49186916035576,50.07235343346642],[14.491982831987787,50.072442329669826],[14.492067298526093,50.07254375081792],[14.492119313831065,50.07265379941913],[14.492136878777265,50.07276824641168],[14.492119318110168,50.072882693677364],[14.492067306432851,50.072992743056425],[14.49198284231846,50.073094165368666],[14.4918691715376,50.07318306294526],[14.49173066234619,50.07325601942405],[14.491572637623214,50.07331023105034],[14.49140117030808,50.07334361443546],[14.49122285,50.07335488663039]]]]},"properties":{"stopId":"U713Z101P","nodeId":"713","name":"Strašnická","hasPlatform":false,"platformLengthM":0,"isMetroZone":true}},{"type":"Feature","geometry":{"type":"MultiPolygon","coordinates":[[[[14.436966508682394,50.09176613459044],[14.436556300815866,50.09174021358488],[14.436161858296593,50.09166344678013],[14.43579834042212,50.091538784515684],[14.435479717710606,50.091371017843],[14.43521823491049,50.09116659435472],[14.435023940402663,50.0909333703443],[14.434904300085897,50.090680308830215],[14.434863910577711,50.090417135058686],[14.434904322735347,50.090153962732394],[14.435023982253393,50.089900905333984],[14.435218289591102,50.08966768748313],[14.435479776896475,50.089463271260534],[14.435798395102735,50.08929551185354],[14.436161900147324,50.089170855748655],[14.436556323465318,50.0890940930596],[14.436966508682394,50.089068173499264],[14.437376693899468,50.0890940930596],[14.437771117217464,50.089170855748655],[14.438134622262055,50.08929551185354],[14.438453240468313,50.089463271260534],[14.438714727773686,50.08966768748313],[14.438909035111395,50.089900905333984],[14.43902869462944,50.090153962732394],[14.439069106787077,50.090417135058686],[14.439028717278893,50.090680308830215],[14.438909076962126,50.0909333703443],[14.438714782454298,50.09116659435472],[14.438453299654183,50.091371017843],[14.438134676942669,50.091538784515684],[14.437771159068195,50.09166344678013],[14.437376716548922,50.09174021358488],[14.436966508682394,50.09176613459044]]],[[[14.4395142,50.09169856246658],[14.439343360144788,50.09168776727223],[14.439179085792972,50.091655796556694],[14.43902769010531,50.09160387897728],[14.438894991259803,50.091534009758256],[14.438786088843141,50.091448874006225],[14.438705167869644,50.091351743512114],[14.438655337960292,50.09124635100714],[14.438638513861022,50.0911367467068],[14.438655341888971,50.091027142657126],[14.438705175128897,50.09092175086604],[14.438786098327812,50.09082462144032],[14.43889500152594,50.09073948694856],[14.43902769958998,50.09066961898978],[14.439179093052228,50.09061770247876],[14.439343364073467,50.090585732477116],[14.4395142,50.09057493753343],[14.439685035926535,50.090585732477116],[14.439849306947771,50.09061770247876],[14.44000070041002,50.09066961898978],[14.44013339847406,50.09073948694856],[14.440242301672187,50.09082462144032],[14.440323224871102,50.09092175086604],[14.440373058111028,50.091027142657126],[14.440389886138977,50.0911367467068],[14.44037306203971,50.09124635100714],[14.440323232130359,50.091351743512114],[14.44024231115686,50.091448874006225],[14.440133408740197,50.091534009758256],[14.440000709894694,50.09160387897728],[14.439849314207029,50.091655796556694],[14.439685039855211,50.09168776727223],[14.4395142,50.09169856246658]]],[[[14.43795715,50.09093437431117],[14.437667458812673,50.090916068581],[14.437388900938059,50.090861854910486],[14.437132181744033,50.09077381681739],[14.436907167169378,50.09065533773106],[14.436722504525854,50.09051097094258],[14.436585290167386,50.09034626459287],[14.436500796800667,50.09016754842941],[14.436472270913416,50.08998169053091],[14.436500808096666,50.08979583335321],[14.436585311039666,50.089617119242384],[14.4367225317968,50.089452415964665],[14.436907196687242,50.089308052799865],[14.437132209014983,50.089189577337194],[14.43738892181034,50.08910154231609],[14.437667470108671,50.089047330698214],[14.43795715,50.089029025688845],[14.43824682989133,50.089047330698214],[14.43852537818966,50.08910154231609],[14.438782090985015,50.089189577337194],[14.439007103312756,50.089308052799865],[14.439191768203198,50.089452415964665],[14.439328988960332,50.089617119242384],[14.439413491903332,50.08979583335321],[14.439442029086583,50.08998169053091],[14.439413503199331,50.09016754842941],[14.439329009832614,50.09034626459287],[14.439191795474144,50.09051097094258],[14.43900713283062,50.09065533773106],[14.438782118255967,50.09077381681739],[14.43852539906194,50.090861854910486],[14.438246841187325,50.090916068581],[14.43795715,50.09093437431117]]]]},"properties":{"stopId":"U689Z102P","nodeId":"689","name":"Florenc","hasPlatform":false,"platformLengthM":0,"isMetroZone":true}},{"type":"Feature","geometry":{"type":"MultiPolygon","coordinates":[[[[14.451362595298939,50.09384858989052],[14.450952369605275,50.0938226688849],[14.450557909944102,50.093745902079995],[14.450194376271849,50.09362123981534],[14.449875739713864,50.09345347314238],[14.449614245550721,50.09324904965383],[14.449419942599961,50.09301582564318],[14.449300297084722,50.09276276412893],[14.449259905822176,50.092499590357356],[14.44930031973683,50.09223641803113],[14.4494199844556,50.09198336063286],[14.449614300237748,50.09175014278223],[14.449875798906676,50.09154572655991],[14.45019443095888,50.09137796715318],[14.450557951799741,50.09125331104853],[14.450952392257383,50.09117654835961],[14.451362595298939,50.091150628799355],[14.451772798340494,50.09117654835961],[14.452167238798138,50.09125331104853],[14.452530759638998,50.09137796715318],[14.4528493916912,50.09154572655991],[14.45311089036013,50.09175014278223],[14.453305206142279,50.09198336063286],[14.453424870861047,50.09223641803113],[14.4534652847757,50.092499590357356],[14.453424893513153,50.09276276412893],[14.453305247997916,50.09301582564318],[14.453110945047156,50.09324904965383],[14.452849450884013,50.09345347314238],[14.452530814326028,50.09362123981534],[14.452167280653775,50.093745902079995],[14.451772820992602,50.0938226688849],[14.451362595298939,50.09384858989052]]],[[[14.451696250000001,50.094085767244756],[14.451541167872746,50.09407596826386],[14.451392045648907,50.09404694790227],[14.45125461416811,50.09399982142967],[14.45113415494944,50.0939363999401],[14.451035297209767,50.0938591207449],[14.450961839959936,50.09377095369932],[14.45091660601649,50.09367528706358],[14.450901333538324,50.093575797286306],[14.450916609253976,50.093476307715605],[14.450961845942029,50.09338064166811],[14.451035305025753,50.093292475502906],[14.451134163409405,50.093215197346204],[14.451254621984097,50.0931517768951],[14.451392051631005,50.09310465130289],[14.451541171110232,50.093075631529544],[14.451696250000001,50.09306583275522],[14.451851328889768,50.093075631529544],[14.452000448368995,50.09310465130289],[14.452137878015906,50.0931517768951],[14.452258336590596,50.093215197346204],[14.452357194974248,50.093292475502906],[14.452430654057972,50.09338064166811],[14.452475890746024,50.093476307715605],[14.452491166461677,50.093575797286306],[14.452475893983511,50.09367528706358],[14.452430660040065,50.09377095369932],[14.452357202790234,50.0938591207449],[14.452258345050563,50.0939363999401],[14.452137885831892,50.09399982142967],[14.452000454351094,50.09404694790227],[14.451851332127257,50.09407596826386],[14.451696250000001,50.094085767244756]]]]},"properties":{"stopId":"U758Z102P","nodeId":"758","name":"Křižíkova","hasPlatform":false,"platformLengthM":0,"isMetroZone":true}},{"type":"Feature","geometry":{"type":"MultiPolygon","coordinates":[[[[14.463460905203945,50.09820713814622],[14.463050642191575,50.098181217140485],[14.462656146646154,50.09810445033526],[14.462292579903384,50.09797978807011],[14.461973914359673,50.097812021396614],[14.461712396409569,50.09760759790749],[14.461518075784669,50.09737437389637],[14.461398419387132,50.09712131238181],[14.461358024452075,50.096858138610116],[14.461398442044802,50.09659496628399],[14.461518117650586,50.09634190888605],[14.461712451110028,50.0961086910359],[14.461973973567021,50.09590427481413],[14.462292634603841,50.09573651540798],[14.46265618851207,50.09561185930379],[14.463050664849247,50.09553509661521],[14.463460905203945,50.095509177055035],[14.463871145558644,50.09553509661521],[14.46426562189582,50.09561185930379],[14.464629175804049,50.09573651540798],[14.46494783684087,50.09590427481413],[14.465209359297862,50.0961086910359],[14.465403692757306,50.09634190888605],[14.465523368363089,50.09659496628399],[14.465563785955817,50.096858138610116],[14.465523391020758,50.09712131238181],[14.465403734623225,50.09737437389637],[14.465209413998322,50.09760759790749],[14.464947896048217,50.097812021396614],[14.464629230504508,50.09797978807011],[14.46426566376174,50.09810445033526],[14.463871168216317,50.098181217140485],[14.463460905203945,50.09820713814622]]],[[[14.464545299999997,50.097726760181864],[14.464408546984384,50.09771812000724],[14.464277049453736,50.09769253152959],[14.464155860905871,50.09765097812578],[14.464049638629872,50.097595056708776],[14.463962464716731,50.09752691635321],[14.46389768918254,50.0974491757007],[14.463857801233598,50.097364822319896],[14.46384433361995,50.09727709788991],[14.463857803751173,50.097189373620544],[14.46389769383442,50.097105020697136],[14.463962470794703,50.09702728072919],[14.464049645208622,50.09695914118113],[14.464155866983843,50.096903220571626],[14.464277054105615,50.096861667852366],[14.464408549501963,50.09683607983214],[14.464545299999997,50.09682743981813],[14.464682050498034,50.09683607983214],[14.464813545894382,50.096861667852366],[14.464934733016152,50.096903220571626],[14.465040954791373,50.09695914118113],[14.465128129205294,50.09702728072919],[14.465192906165578,50.097105020697136],[14.465232796248822,50.097189373620544],[14.465246266380047,50.09727709788991],[14.465232798766401,50.097364822319896],[14.465192910817457,50.0974491757007],[14.465128135283265,50.09752691635321],[14.465040961370127,50.097595056708776],[14.464934739094128,50.09765097812578],[14.46481355054626,50.09769253152959],[14.464682053015611,50.09771812000724],[14.464545299999997,50.097726760181864]]]]},"properties":{"stopId":"U655Z102P","nodeId":"655","name":"Invalidovna","hasPlatform":false,"platformLengthM":0,"isMetroZone":true}},{"type":"Feature","geometry":{"type":"MultiPolygon","coordinates":[[[[14.463355855140739,50.09831247849352],[14.46294559122631,50.09828655748779],[14.462551094813504,50.09820979068257],[14.462187527271363,50.09808512841742],[14.461868861027016,50.09791736174388],[14.461607342501942,50.09771293825475],[14.461413021449827,50.097479714243626],[14.461293364789249,50.09722665272904],[14.461252969765418,50.096963478957356],[14.461293387447054,50.09670030663124],[14.461413063315991,50.0964472492333],[14.461607397202725,50.096214031383155],[14.461868920234718,50.09600961516141],[14.462187581972147,50.09584185575526],[14.46255113667967,50.09571719965109],[14.462945613884118,50.09564043696251],[14.463355855140739,50.09561451740236],[14.463766096397359,50.09564043696251],[14.464160573601806,50.09571719965109],[14.46452412830933,50.09584185575526],[14.464842790046756,50.09600961516141],[14.465104313078752,50.096214031383155],[14.465298646965483,50.0964472492333],[14.465418322834424,50.09670030663124],[14.465458740516057,50.096963478957356],[14.465418345492226,50.09722665272904],[14.46529868883165,50.097479714243626],[14.465104367779533,50.09771293825475],[14.464842849254458,50.09791736174388],[14.464524183010113,50.09808512841742],[14.464160615467973,50.09820979068257],[14.463766119055164,50.09828655748779],[14.463355855140739,50.09831247849352]]],[[[14.464545299999997,50.097726760181864],[14.464408546984384,50.09771812000724],[14.464277049453736,50.09769253152959],[14.464155860905871,50.09765097812578],[14.464049638629872,50.097595056708776],[14.463962464716731,50.09752691635321],[14.46389768918254,50.0974491757007],[14.463857801233598,50.097364822319896],[14.46384433361995,50.09727709788991],[14.463857803751173,50.097189373620544],[14.46389769383442,50.097105020697136],[14.463962470794703,50.09702728072919],[14.464049645208622,50.09695914118113],[14.464155866983843,50.096903220571626],[14.464277054105615,50.096861667852366],[14.464408549501963,50.09683607983214],[14.464545299999997,50.09682743981813],[14.464682050498034,50.09683607983214],[14.464813545894382,50.096861667852366],[14.464934733016152,50.096903220571626],[14.465040954791373,50.09695914118113],[14.465128129205294,50.09702728072919],[14.465192906165578,50.097105020697136],[14.465232796248822,50.097189373620544],[14.465246266380047,50.09727709788991],[14.465232798766401,50.097364822319896],[14.465192910817457,50.0974491757007],[14.465128135283265,50.09752691635321],[14.465040961370127,50.097595056708776],[14.464934739094128,50.09765097812578],[14.46481355054626,50.09769253152959],[14.464682053015611,50.09771812000724],[14.464545299999997,50.097726760181864]]]]},"properties":{"stopId":"U655Z101P","nodeId":"655","name":"Invalidovna","hasPlatform":false,"platformLengthM":0,"isMetroZone":true}},{"type":"Feature","geometry":{"type":"MultiPolygon","coordinates":[[[[14.45131123207227,50.0939317577639],[14.450901005666589,50.093905836758275],[14.450506545320774,50.09382906995337],[14.450143011017559,50.0937044076887],[14.449824373906548,50.093536641015724],[14.449562879289566,50.09333221752717],[14.449368576001596,50.09309899351651],[14.449248930278733,50.092845932002255],[14.449208538946122,50.09258275823068],[14.449248952930947,50.09231958590444],[14.449368617857433,50.092066528506194],[14.449562933976852,50.09183331065556],[14.44982443309964,50.09162889443325],[14.450143065704843,50.09146113502654],[14.450506587176609,50.0913364789219],[14.450901028318803,50.091259716233],[14.45131123207227,50.091233796672725],[14.451721435825732,50.091259716233],[14.452115876967927,50.0913364789219],[14.452479398439692,50.09146113502654],[14.4527980310449,50.09162889443325],[14.453059530167685,50.09183331065556],[14.453253846287103,50.092066528506194],[14.453373511213588,50.09231958590444],[14.453413925198413,50.09258275823068],[14.453373533865802,50.092845932002255],[14.453253888142939,50.09309899351651],[14.45305958485497,50.09333221752717],[14.452798090237987,50.093536641015724],[14.452479453126976,50.0937044076887],[14.452115918823761,50.09382906995337],[14.451721458477946,50.093905836758275],[14.45131123207227,50.0939317577639]]],[[[14.451696250000001,50.094085767244756],[14.451541167872746,50.09407596826386],[14.451392045648907,50.09404694790227],[14.45125461416811,50.09399982142967],[14.45113415494944,50.0939363999401],[14.451035297209767,50.0938591207449],[14.450961839959936,50.09377095369932],[14.45091660601649,50.09367528706358],[14.450901333538324,50.093575797286306],[14.450916609253976,50.093476307715605],[14.450961845942029,50.09338064166811],[14.451035305025753,50.093292475502906],[14.451134163409405,50.093215197346204],[14.451254621984097,50.0931517768951],[14.451392051631005,50.09310465130289],[14.451541171110232,50.093075631529544],[14.451696250000001,50.09306583275522],[14.451851328889768,50.093075631529544],[14.452000448368995,50.09310465130289],[14.452137878015906,50.0931517768951],[14.452258336590596,50.093215197346204],[14.452357194974248,50.093292475502906],[14.452430654057972,50.09338064166811],[14.452475890746024,50.093476307715605],[14.452491166461677,50.093575797286306],[14.452475893983511,50.09367528706358],[14.452430660040065,50.09377095369932],[14.452357202790234,50.0938591207449],[14.452258345050563,50.0939363999401],[14.452137885831892,50.09399982142967],[14.452000454351094,50.09404694790227],[14.451851332127257,50.09407596826386],[14.451696250000001,50.094085767244756]]]]},"properties":{"stopId":"U758Z101P","nodeId":"758","name":"Křižíkova","hasPlatform":false,"platformLengthM":0,"isMetroZone":true}},{"type":"Feature","geometry":{"type":"MultiPolygon","coordinates":[[[[14.436966508682394,50.09176613459044],[14.436556300815866,50.09174021358488],[14.436161858296593,50.09166344678013],[14.43579834042212,50.091538784515684],[14.435479717710606,50.091371017843],[14.43521823491049,50.09116659435472],[14.435023940402663,50.0909333703443],[14.434904300085897,50.090680308830215],[14.434863910577711,50.090417135058686],[14.434904322735347,50.090153962732394],[14.435023982253393,50.089900905333984],[14.435218289591102,50.08966768748313],[14.435479776896475,50.089463271260534],[14.435798395102735,50.08929551185354],[14.436161900147324,50.089170855748655],[14.436556323465318,50.0890940930596],[14.436966508682394,50.089068173499264],[14.437376693899468,50.0890940930596],[14.437771117217464,50.089170855748655],[14.438134622262055,50.08929551185354],[14.438453240468313,50.089463271260534],[14.438714727773686,50.08966768748313],[14.438909035111395,50.089900905333984],[14.43902869462944,50.090153962732394],[14.439069106787077,50.090417135058686],[14.439028717278893,50.090680308830215],[14.438909076962126,50.0909333703443],[14.438714782454298,50.09116659435472],[14.438453299654183,50.091371017843],[14.438134676942669,50.091538784515684],[14.437771159068195,50.09166344678013],[14.437376716548922,50.09174021358488],[14.436966508682394,50.09176613459044]]],[[[14.4395142,50.09169856246658],[14.439343360144788,50.09168776727223],[14.439179085792972,50.091655796556694],[14.43902769010531,50.09160387897728],[14.438894991259803,50.091534009758256],[14.438786088843141,50.091448874006225],[14.438705167869644,50.091351743512114],[14.438655337960292,50.09124635100714],[14.438638513861022,50.0911367467068],[14.438655341888971,50.091027142657126],[14.438705175128897,50.09092175086604],[14.438786098327812,50.09082462144032],[14.43889500152594,50.09073948694856],[14.43902769958998,50.09066961898978],[14.439179093052228,50.09061770247876],[14.439343364073467,50.090585732477116],[14.4395142,50.09057493753343],[14.439685035926535,50.090585732477116],[14.439849306947771,50.09061770247876],[14.44000070041002,50.09066961898978],[14.44013339847406,50.09073948694856],[14.440242301672187,50.09082462144032],[14.440323224871102,50.09092175086604],[14.440373058111028,50.091027142657126],[14.440389886138977,50.0911367467068],[14.44037306203971,50.09124635100714],[14.440323232130359,50.091351743512114],[14.44024231115686,50.091448874006225],[14.440133408740197,50.091534009758256],[14.440000709894694,50.09160387897728],[14.439849314207029,50.091655796556694],[14.439685039855211,50.09168776727223],[14.4395142,50.09169856246658]]],[[[14.43795715,50.09093437431117],[14.437667458812673,50.090916068581],[14.437388900938059,50.090861854910486],[14.437132181744033,50.09077381681739],[14.436907167169378,50.09065533773106],[14.436722504525854,50.09051097094258],[14.436585290167386,50.09034626459287],[14.436500796800667,50.09016754842941],[14.436472270913416,50.08998169053091],[14.436500808096666,50.08979583335321],[14.436585311039666,50.089617119242384],[14.4367225317968,50.089452415964665],[14.436907196687242,50.089308052799865],[14.437132209014983,50.089189577337194],[14.43738892181034,50.08910154231609],[14.437667470108671,50.089047330698214],[14.43795715,50.089029025688845],[14.43824682989133,50.089047330698214],[14.43852537818966,50.08910154231609],[14.438782090985015,50.089189577337194],[14.439007103312756,50.089308052799865],[14.439191768203198,50.089452415964665],[14.439328988960332,50.089617119242384],[14.439413491903332,50.08979583335321],[14.439442029086583,50.08998169053091],[14.439413503199331,50.09016754842941],[14.439329009832614,50.09034626459287],[14.439191795474144,50.09051097094258],[14.43900713283062,50.09065533773106],[14.438782118255967,50.09077381681739],[14.43852539906194,50.090861854910486],[14.438246841187325,50.090916068581],[14.43795715,50.09093437431117]]]]},"properties":{"stopId":"U689Z101P","nodeId":"689","name":"Florenc","hasPlatform":false,"platformLengthM":0,"isMetroZone":true}},{"type":"Feature","geometry":{"type":"MultiPolygon","coordinates":[[[[14.433990598787169,50.08449027922009],[14.433580453190157,50.0844643582147],[14.43318607054689,50.0843875914105],[14.432822607853463,50.08426292914685],[14.432504033507163,50.084095162475094],[14.432242590397667,50.083890738987755],[14.432048325380691,50.08365751497813],[14.431928703221981,50.08340445346457],[14.431888319841716,50.08314127969322],[14.431928725862154,50.08287810736675],[14.432048367214271,50.0826250499678],[14.432242645055874,50.08239183211616],[14.432504092668779,50.08218741589262],[14.432822662511672,50.0820196564847],[14.433186112380472,50.08189500037902],[14.433580475830327,50.08181823768943],[14.433990598787169,50.08179231812891],[14.434400721744009,50.08181823768943],[14.434795085193867,50.08189500037902],[14.435158535062667,50.0820196564847],[14.435477104905557,50.08218741589262],[14.435738552518462,50.08239183211616],[14.435932830360066,50.0826250499678],[14.436052471712184,50.08287810736675],[14.436092877732621,50.08314127969322],[14.436052494352355,50.08340445346457],[14.435932872193646,50.08365751497813],[14.43573860717667,50.083890738987755],[14.435477164067176,50.084095162475094],[14.435158589720874,50.08426292914685],[14.434795127027447,50.0843875914105],[14.434400744384181,50.0844643582147],[14.433990598787169,50.08449027922009]]],[[[14.434108099999996,50.08436913143949],[14.433854672730343,50.084353115090764],[14.433610985020461,50.084305681575316],[14.43338640206942,50.084228653825924],[14.433189554752715,50.084124992109594],[14.433028007900171,50.08399868024579],[14.432907969568863,50.083854572486416],[14.432834052485882,50.08369820694564],[14.432809096826235,50.08353559275291],[14.432834061130025,50.08337297911182],[14.432907985541158,50.08321661514203],[14.433028028768977,50.08307250973377],[14.43318957734095,50.08294620064331],[14.433386422938225,50.08284254170033],[14.433611000992755,50.08276551630206],[14.433854681374484,50.08271808435758],[14.434108099999996,50.082702068560515],[14.434361518625508,50.08271808435758],[14.43460519900724,50.08276551630206],[14.43482977706177,50.08284254170033],[14.435026622659045,50.08294620064331],[14.435188171231019,50.08307250973377],[14.435308214458837,50.08321661514203],[14.435382138869969,50.08337297911182],[14.435407103173757,50.08353559275291],[14.435382147514114,50.08369820694564],[14.435308230431131,50.083854572486416],[14.435188192099824,50.08399868024579],[14.43502664524728,50.084124992109594],[14.434829797930574,50.084228653825924],[14.434605214979532,50.084305681575316],[14.434361527269653,50.084353115090764],[14.434108099999996,50.08436913143949]]]]},"properties":{"stopId":"U142Z101P","nodeId":"142","name":"Hlavní nádraží","hasPlatform":false,"platformLengthM":0,"isMetroZone":true}},{"type":"Feature","geometry":{"type":"MultiPolygon","coordinates":[[[[14.439317580759077,50.091826341541505],[14.43890737237717,50.09180042053594],[14.438512929362327,50.09172365373119],[14.438149411031143,50.09159899146674],[14.437830787919324,50.09143122479405],[14.437569304790708,50.09122680130575],[14.4373750100388,50.09099357729533],[14.437255369571742,50.090740515781235],[14.437214980012838,50.090477342009706],[14.437255392221271,50.090214169683414],[14.437375051889669,50.08996111228501],[14.437569359471505,50.089727894434155],[14.437830847105396,50.08952347821157],[14.438149465711938,50.08935571880459],[14.438512971213196,50.08923106269971],[14.438907395026698,50.08915430001066],[14.439317580759077,50.089128380450326],[14.439727766491457,50.08915430001066],[14.440122190304956,50.08923106269971],[14.440485695806215,50.08935571880459],[14.440804314412757,50.08952347821157],[14.441065802046648,50.089727894434155],[14.441260109628484,50.08996111228501],[14.441379769296883,50.090214169683414],[14.441420181505315,50.090477342009706],[14.441379791946412,50.090740515781235],[14.441260151479355,50.09099357729533],[14.441065856727446,50.09122680130575],[14.440804373598828,50.09143122479405],[14.44048575048701,50.09159899146674],[14.440122232155828,50.09172365373119],[14.439727789140985,50.09180042053594],[14.439317580759077,50.091826341541505]]],[[[14.4395142,50.09169856246658],[14.439343360144788,50.09168776727223],[14.439179085792972,50.091655796556694],[14.43902769010531,50.09160387897728],[14.438894991259803,50.091534009758256],[14.438786088843141,50.091448874006225],[14.438705167869644,50.091351743512114],[14.438655337960292,50.09124635100714],[14.438638513861022,50.0911367467068],[14.438655341888971,50.091027142657126],[14.438705175128897,50.09092175086604],[14.438786098327812,50.09082462144032],[14.43889500152594,50.09073948694856],[14.43902769958998,50.09066961898978],[14.439179093052228,50.09061770247876],[14.439343364073467,50.090585732477116],[14.4395142,50.09057493753343],[14.439685035926535,50.090585732477116],[14.439849306947771,50.09061770247876],[14.44000070041002,50.09066961898978],[14.44013339847406,50.09073948694856],[14.440242301672187,50.09082462144032],[14.440323224871102,50.09092175086604],[14.440373058111028,50.091027142657126],[14.440389886138977,50.0911367467068],[14.44037306203971,50.09124635100714],[14.440323232130359,50.091351743512114],[14.44024231115686,50.091448874006225],[14.440133408740197,50.091534009758256],[14.440000709894694,50.09160387897728],[14.439849314207029,50.091655796556694],[14.439685039855211,50.09168776727223],[14.4395142,50.09169856246658]]],[[[14.43795715,50.09093437431117],[14.437667458812673,50.090916068581],[14.437388900938059,50.090861854910486],[14.437132181744033,50.09077381681739],[14.436907167169378,50.09065533773106],[14.436722504525854,50.09051097094258],[14.436585290167386,50.09034626459287],[14.436500796800667,50.09016754842941],[14.436472270913416,50.08998169053091],[14.436500808096666,50.08979583335321],[14.436585311039666,50.089617119242384],[14.4367225317968,50.089452415964665],[14.436907196687242,50.089308052799865],[14.437132209014983,50.089189577337194],[14.43738892181034,50.08910154231609],[14.437667470108671,50.089047330698214],[14.43795715,50.089029025688845],[14.43824682989133,50.089047330698214],[14.43852537818966,50.08910154231609],[14.438782090985015,50.089189577337194],[14.439007103312756,50.089308052799865],[14.439191768203198,50.089452415964665],[14.439328988960332,50.089617119242384],[14.439413491903332,50.08979583335321],[14.439442029086583,50.08998169053091],[14.439413503199331,50.09016754842941],[14.439329009832614,50.09034626459287],[14.439191795474144,50.09051097094258],[14.43900713283062,50.09065533773106],[14.438782118255967,50.09077381681739],[14.43852539906194,50.090861854910486],[14.438246841187325,50.090916068581],[14.43795715,50.09093437431117]]]]},"properties":{"stopId":"U689Z121P","nodeId":"689","name":"Florenc","hasPlatform":false,"platformLengthM":0,"isMetroZone":true}},{"type":"Feature","geometry":{"type":"MultiPolygon","coordinates":[[[[14.439317580759077,50.091826341541505],[14.43890737237717,50.09180042053594],[14.438512929362327,50.09172365373119],[14.438149411031143,50.09159899146674],[14.437830787919324,50.09143122479405],[14.437569304790708,50.09122680130575],[14.4373750100388,50.09099357729533],[14.437255369571742,50.090740515781235],[14.437214980012838,50.090477342009706],[14.437255392221271,50.090214169683414],[14.437375051889669,50.08996111228501],[14.437569359471505,50.089727894434155],[14.437830847105396,50.08952347821157],[14.438149465711938,50.08935571880459],[14.438512971213196,50.08923106269971],[14.438907395026698,50.08915430001066],[14.439317580759077,50.089128380450326],[14.439727766491457,50.08915430001066],[14.440122190304956,50.08923106269971],[14.440485695806215,50.08935571880459],[14.440804314412757,50.08952347821157],[14.441065802046648,50.089727894434155],[14.441260109628484,50.08996111228501],[14.441379769296883,50.090214169683414],[14.441420181505315,50.090477342009706],[14.441379791946412,50.090740515781235],[14.441260151479355,50.09099357729533],[14.441065856727446,50.09122680130575],[14.440804373598828,50.09143122479405],[14.44048575048701,50.09159899146674],[14.440122232155828,50.09172365373119],[14.439727789140985,50.09180042053594],[14.439317580759077,50.091826341541505]]],[[[14.4395142,50.09169856246658],[14.439343360144788,50.09168776727223],[14.439179085792972,50.091655796556694],[14.43902769010531,50.09160387897728],[14.438894991259803,50.091534009758256],[14.438786088843141,50.091448874006225],[14.438705167869644,50.091351743512114],[14.438655337960292,50.09124635100714],[14.438638513861022,50.0911367467068],[14.438655341888971,50.091027142657126],[14.438705175128897,50.09092175086604],[14.438786098327812,50.09082462144032],[14.43889500152594,50.09073948694856],[14.43902769958998,50.09066961898978],[14.439179093052228,50.09061770247876],[14.439343364073467,50.090585732477116],[14.4395142,50.09057493753343],[14.439685035926535,50.090585732477116],[14.439849306947771,50.09061770247876],[14.44000070041002,50.09066961898978],[14.44013339847406,50.09073948694856],[14.440242301672187,50.09082462144032],[14.440323224871102,50.09092175086604],[14.440373058111028,50.091027142657126],[14.440389886138977,50.0911367467068],[14.44037306203971,50.09124635100714],[14.440323232130359,50.091351743512114],[14.44024231115686,50.091448874006225],[14.440133408740197,50.091534009758256],[14.440000709894694,50.09160387897728],[14.439849314207029,50.091655796556694],[14.439685039855211,50.09168776727223],[14.4395142,50.09169856246658]]],[[[14.43795715,50.09093437431117],[14.437667458812673,50.090916068581],[14.437388900938059,50.090861854910486],[14.437132181744033,50.09077381681739],[14.436907167169378,50.09065533773106],[14.436722504525854,50.09051097094258],[14.436585290167386,50.09034626459287],[14.436500796800667,50.09016754842941],[14.436472270913416,50.08998169053091],[14.436500808096666,50.08979583335321],[14.436585311039666,50.089617119242384],[14.4367225317968,50.089452415964665],[14.436907196687242,50.089308052799865],[14.437132209014983,50.089189577337194],[14.43738892181034,50.08910154231609],[14.437667470108671,50.089047330698214],[14.43795715,50.089029025688845],[14.43824682989133,50.089047330698214],[14.43852537818966,50.08910154231609],[14.438782090985015,50.089189577337194],[14.439007103312756,50.089308052799865],[14.439191768203198,50.089452415964665],[14.439328988960332,50.089617119242384],[14.439413491903332,50.08979583335321],[14.439442029086583,50.08998169053091],[14.439413503199331,50.09016754842941],[14.439329009832614,50.09034626459287],[14.439191795474144,50.09051097094258],[14.43900713283062,50.09065533773106],[14.438782118255967,50.09077381681739],[14.43852539906194,50.090861854910486],[14.438246841187325,50.090916068581],[14.43795715,50.09093437431117]]]]},"properties":{"stopId":"U689Z122P","nodeId":"689","name":"Florenc","hasPlatform":false,"platformLengthM":0,"isMetroZone":true}},{"type":"Feature","geometry":{"type":"MultiPolygon","coordinates":[[[[14.433816415317121,50.08453989247629],[14.433406269295586,50.08451397147092],[14.433011886244115,50.08443720466669],[14.432648423174495,50.08431254240305],[14.432329848498462,50.08414477573129],[14.432068405118374,50.08394035224393],[14.431874139900344,50.08370712823432],[14.431754517617845,50.08345406672074],[14.4317141341958,50.083190892949396],[14.431754540258078,50.08292772062292],[14.431874181734043,50.08267466322398],[14.432068459776735,50.082441445372346],[14.432329907660243,50.08223702914883],[14.432648477832855,50.0820692697409],[14.433011928077816,50.08194461363522],[14.433406291935821,50.08186785094564],[14.433816415317121,50.08184193138512],[14.434226538698423,50.08186785094564],[14.434620902556428,50.08194461363522],[14.43498435280139,50.0820692697409],[14.435302922974001,50.08223702914883],[14.435564370857511,50.082441445372346],[14.435758648900201,50.08267466322398],[14.435878290376166,50.08292772062292],[14.435918696438446,50.083190892949396],[14.435878313016397,50.08345406672074],[14.4357586907339,50.08370712823432],[14.435564425515869,50.08394035224393],[14.435302982135783,50.08414477573129],[14.434984407459751,50.08431254240305],[14.434620944390128,50.08443720466669],[14.434226561338658,50.08451397147092],[14.433816415317121,50.08453989247629]]],[[[14.434108099999996,50.08436913143949],[14.433854672730343,50.084353115090764],[14.433610985020461,50.084305681575316],[14.43338640206942,50.084228653825924],[14.433189554752715,50.084124992109594],[14.433028007900171,50.08399868024579],[14.432907969568863,50.083854572486416],[14.432834052485882,50.08369820694564],[14.432809096826235,50.08353559275291],[14.432834061130025,50.08337297911182],[14.432907985541158,50.08321661514203],[14.433028028768977,50.08307250973377],[14.43318957734095,50.08294620064331],[14.433386422938225,50.08284254170033],[14.433611000992755,50.08276551630206],[14.433854681374484,50.08271808435758],[14.434108099999996,50.082702068560515],[14.434361518625508,50.08271808435758],[14.43460519900724,50.08276551630206],[14.43482977706177,50.08284254170033],[14.435026622659045,50.08294620064331],[14.435188171231019,50.08307250973377],[14.435308214458837,50.08321661514203],[14.435382138869969,50.08337297911182],[14.435407103173757,50.08353559275291],[14.435382147514114,50.08369820694564],[14.435308230431131,50.083854572486416],[14.435188192099824,50.08399868024579],[14.43502664524728,50.084124992109594],[14.434829797930574,50.084228653825924],[14.434605214979532,50.084305681575316],[14.434361527269653,50.084353115090764],[14.434108099999996,50.08436913143949]]]]},"properties":{"stopId":"U142Z102P","nodeId":"142","name":"Hlavní nádraží","hasPlatform":false,"platformLengthM":0,"isMetroZone":true}},{"type":"Feature","geometry":{"type":"Polygon","coordinates":[[[14.499044556742916,50.09188544088552],[14.498930451273141,50.09189984157679],[14.49863325074704,50.09193734164583],[14.498605969443952,50.09193903191474],[14.498578696955066,50.091937284080686],[14.498552475913154,50.091932164963744],[14.4985283087533,50.091923870268744],[14.498507119389103,50.09191271710339],[14.498489717890948,50.09189913185494],[14.498476769516891,50.091883633889175],[14.498468769279981,50.09186681569481],[14.49846306933007,50.09184861568807],[14.498460322845276,50.091831047221916],[14.498462979707675,50.091813473084045],[14.498470937498608,50.091796570696665],[14.498483889467716,50.09178099158765],[14.498501336357878,50.09176733627648],[14.498522605650335,50.09175613112658],[14.498546877488163,50.0917478080561],[14.498573216278762,50.09174268788922],[14.498984815550928,50.09169028798568],[14.499012386596194,50.091688568151575],[14.499039946449455,50.09169036030043],[14.499066418858103,50.091695594446186],[14.499090770035131,50.09170406618777],[14.499112049029515,50.09171544469105],[14.499129424861925,50.09172928560831],[14.499142218975694,50.09174504843039],[14.499149931735799,50.09176211759423],[14.499155331787739,50.091780817587846],[14.499157667517665,50.09179825946604],[14.499154691970762,50.09181566120171],[14.499146517891909,50.091832363401814],[14.499133455011458,50.09184773317973],[14.499115998309536,50.09186118813692],[14.49909480926054,50.091872218431625],[14.49907069076849,50.09188040609832],[14.499044556742916,50.09188544088552]]]},"properties":{"stopId":"U694Z1P","nodeId":"694","name":"Spojovací","hasPlatform":true,"platformLengthM":64}},{"type":"Feature","geometry":{"type":"Polygon","coordinates":[[[14.493891202592216,50.09202708414815],[14.49391868115158,50.0920269251518],[14.493945680069942,50.09203020846026],[14.493971161799449,50.092036807898545],[14.493994147095727,50.092046469855255],[14.494013752649066,50.09205882302848],[14.494029225029152,50.09207339269462],[14.494039969638957,50.092089618951306],[14.494045573565094,50.09210687823394],[14.494045821446473,50.092124507278726],[14.49404070375131,50.092141828611375],[14.494030417144321,50.09215817658212],[14.494015356929843,50.0921729229463],[14.49399610186114,50.09218550100769],[14.493973391899598,50.09219542739659],[14.49394809977844,50.09220232064568],[14.493921197463752,50.09220591584991],[14.492917295612221,50.09227521597923],[14.49288981690716,50.092275374739245],[14.492862817923015,50.09227209118592],[14.492837336221037,50.09226549150506],[14.492814351052946,50.092255829319974],[14.492794745728201,50.09224347594478],[14.492779273668532,50.09222890611457],[14.492768529454386,50.09221267974154],[14.49276292597583,50.09219542039744],[14.49276267856604,50.09217779134995],[14.492767796727007,50.09216047007346],[14.492778083765229,50.09214412221428],[14.492793144351396,50.092129376010156],[14.492812399713298,50.09211679814769],[14.492835109878065,50.09210687198528],[14.492860402108947,50.09209997897797],[14.492887304443743,50.092096384018845],[14.493891202592216,50.09202708414815]]]},"properties":{"stopId":"U266Z1P","nodeId":"266","name":"Kněžská luka","hasPlatform":true,"platformLengthM":72}},{"type":"Feature","geometry":{"type":"Polygon","coordinates":[[[14.487888830237761,50.09244529878608],[14.487916238972458,50.09244656690162],[14.487942735436752,50.092451241131265],[14.487967301391404,50.09245914184797],[14.487988992784045,50.09246996543311],[14.488006976028057,50.09248329594419],[14.488020560036624,50.092498621099026],[14.488029222780924,50.0925153519621],[14.488032631351876,50.09253284557685],[14.488030654754345,50.092550429673935],[14.48802336894208,50.0925674285061],[14.488011053899752,50.0925831888168],[14.487994182884028,50.09259710494461],[14.487973404237145,50.092608642098774],[14.487949516471687,50.09261735691103],[14.487923437584074,50.09262291447443],[14.487896169776008,50.09262510121381],[14.486895967900821,50.09264190124532],[14.486868559081401,50.092640632889605],[14.486842062617166,50.09263595841548],[14.486817496757396,50.09262805746136],[14.486795805557803,50.09261723365797],[14.48677782260046,50.09260390295978],[14.48676423895949,50.09258857765998],[14.486755576643617,50.09257184670278],[14.4867521685361,50.092554353050645],[14.486754145602935,50.092536768975265],[14.486761431860774,50.09251977022254],[14.486773747297796,50.09250401004402],[14.486790618635165,50.09249009409305],[14.486811397515408,50.09247855714999],[14.486835285418655,50.09246984257125],[14.486861364349165,50.09246428525159],[14.486888632112937,50.09246209875456],[14.487888830237761,50.09244529878608]]]},"properties":{"stopId":"U180Z1P","nodeId":"180","name":"Chmelnice","hasPlatform":true,"platformLengthM":71}},{"type":"Feature","geometry":{"type":"Polygon","coordinates":[[[14.482480558259438,50.092324392974874],[14.482507090215075,50.09232898343424],[14.482531716456462,50.09233680644083],[14.482553490614496,50.092347561362374],[14.48257157592199,50.09236083489508],[14.482585277369939,50.09237611694641],[14.48259406841644,50.0923928202373],[14.482597611221863,50.09241030287079],[14.482595769632539,50.09242789299956],[14.48258861441392,50.09244491464458],[14.482576420531997,50.092460713672615],[14.482559656587272,50.09247468293441],[14.482538966807246,50.09248628559725],[14.482515146289346,50.09249507577545],[14.482489110445648,50.09250071566577],[14.482461859823676,50.09250298852926],[14.482434441655194,50.092501807020554],[14.481441839868838,50.09239560682396],[14.481415307978361,50.09239101612185],[14.481390681891375,50.09238319287912],[14.481368907978126,50.09237243774012],[14.481350822999392,50.092359164020586],[14.481337121949972,50.092343881823986],[14.48132833135058,50.092327178438175],[14.481324789014375,50.09230969576607],[14.481326631065702,50.09229210565741],[14.481333786709774,50.09227508408996],[14.481345980954153,50.092259285192064],[14.481362745177325,50.09224531610502],[14.4813834351381,50.09223371365121],[14.481407255733675,50.09222492370455],[14.481433291554852,50.09221928405617],[14.481460542064275,50.09221701143342],[14.481487960045792,50.09221819317146],[14.482480558259438,50.092324392974874]]]},"properties":{"stopId":"U714Z1P","nodeId":"714","name":"Strážní","hasPlatform":true,"platformLengthM":72}},{"type":"Feature","geometry":{"type":"Polygon","coordinates":[[[14.476414764715036,50.09169850876995],[14.476441386794864,50.091702878322685],[14.476466168621634,50.09171049599077],[14.476488157847296,50.09172106903295],[14.476506509439888,50.091734191134975],[14.476520518157361,50.091749358023655],[14.476529645649753,50.091765986845616],[14.476533541148102,50.09178343856572],[14.476532054944984,50.091801042524686],[14.476525244148544,50.09181812221204],[14.476513370488744,50.09183402126407],[14.476496890260014,50.09184812868769],[14.476476436786662,50.09185990234067],[14.476452796084828,50.0918688897663],[14.476426876656232,50.09187474558123],[14.47639967457453,50.09187724474855],[14.476372235206076,50.091876291226185],[14.475321133302254,50.09177279103419],[14.475294511285737,50.09176842122531],[14.475269729615267,50.09176080330782],[14.4752477406402,50.091750230035515],[14.475229389386158,50.09173710773508],[14.475215381080911,50.09172194069105],[14.475206254052965,50.09170531176606],[14.475202359044339,50.09168786000155],[14.475203845732416,50.09167025605956],[14.475210656978806,50.0916531764495],[14.475222531026004,50.091637277530324],[14.47523901155738,50.09162317028712],[14.475259465233712,50.09161139685151],[14.47528310603232,50.09160240966819],[14.475309025453377,50.09159655410791],[14.475336227432622,50.091594055195394],[14.475363666618852,50.09159500896194],[14.476414764715036,50.09169850876995]]]},"properties":{"stopId":"U837Z1P","nodeId":"837","name":"Vozovna Žižkov","hasPlatform":true,"platformLengthM":76}},{"type":"Feature","geometry":{"type":"Polygon","coordinates":[[[14.470222105910187,50.09068249111012],[14.47024767555462,50.090688947900276],[14.470270790509458,50.090698481043276],[14.470290562482369,50.09071072418754],[14.470306231647735,50.09072520683773],[14.470317195846269,50.09074137243549],[14.470323033725993,50.09075859974734],[14.47032352093515,50.0907762267381],[14.470318638744725,50.09079357601251],[14.470308574769092,50.09080998084699],[14.470293715756915,50.090824810811704],[14.470274632729268,50.0908374959977],[14.470252059036,50.09084754891852],[14.47022686217353,50.090854583244294],[14.470200010447122,50.09085832864849],[14.470172535758886,50.090858641196526],[14.470145493951517,50.090855508877276],[14.46913489227444,50.09067130854475],[14.46910932278935,50.09066485151022],[14.469086208081787,50.090655318136605],[14.469066436439421,50.09064307478783],[14.469050767675595,50.09062859197077],[14.469039803930064,50.090612426253756],[14.469033966529446,50.090595198877566],[14.469033479796453,50.0905775718814],[14.469038362430132,50.0905602226609],[14.469048426788133,50.090543817936215],[14.469063286098546,50.090528988130444],[14.469082369323983,50.090516303143],[14.469104943106586,50.09050625044898],[14.46913013995059,50.09049921636599],[14.469156991559396,50.09049547120855],[14.469184466046043,50.09049515890019],[14.469211507587257,50.09049829144264],[14.470222105910187,50.09068249111012]]]},"properties":{"stopId":"U512Z1P","nodeId":"512","name":"Ohrada","hasPlatform":true,"platformLengthM":75}},{"type":"Feature","geometry":{"type":"Polygon","coordinates":[[[14.46853792497886,50.08874445348024],[14.468553423780461,50.08871435020114],[14.468589443391418,50.08864350869417],[14.468640051836726,50.08854409262915],[14.468690945019922,50.08844400658235],[14.468701986945968,50.08842786292489],[14.468717725438363,50.088413411588384],[14.46873755567366,50.08840120792787],[14.468760715587283,50.08839172092131],[14.4687863151592,50.088385315147306],[14.468813370616509,50.08838223677492],[14.468840842238649,50.08838260410362],[14.468867674312419,50.08838640301726],[14.468892835701567,50.088393487526496],[14.468915359471977,50.088403585379],[14.468934380049793,50.08841630852171],[14.468949166484629,50.088431168013265],[14.468959150539629,50.08844759281344],[14.468963948528865,50.08846495172764],[14.468963376062812,50.088482577663186],[14.468957455135188,50.08849979326515],[14.468906555383889,50.0885998933234],[14.46885594913238,50.088699306162376],[14.468819856940094,50.08877029119463],[14.468819694895934,50.08877060790573],[14.4688040949709,50.08880090792356],[14.468627856174447,50.08914218500164],[14.468616698911413,50.08915829602904],[14.468600857128722,50.0891727009428],[14.468580939615242,50.089184846168365],[14.468557711790142,50.08919426496968],[14.468532066288224,50.08920059538578],[14.468504988656075,50.08920359414108],[14.468477519477416,50.08920314599449],[14.468450714383213,50.08919926816808],[14.468425603483476,50.089192109685364],[14.468403151779913,50.08918194564424],[14.468384222080866,50.089169166644844],[14.468369541843746,50.08915426377883],[14.468359675219336,50.089137809756686],[14.468355001372139,50.08912043689849],[14.468355699909981,50.08910281283409],[14.46836174398261,50.08908561484629],[14.46853792497886,50.08874445348024]]]},"properties":{"stopId":"U34Z1P","nodeId":"34","name":"Biskupcova","hasPlatform":true,"platformLengthM":75}},{"type":"Feature","geometry":{"type":"Polygon","coordinates":[[[14.470323261106907,50.085599400173905],[14.470313931072083,50.0856159823869],[14.470299738507494,50.085631078058846],[14.47028122882272,50.085644107069875],[14.470259113334022,50.085654568720585],[14.470234241928958,50.08566206097377],[14.470207570405407,50.08566629590492],[14.470180123740224,50.08566711076713],[14.470152956699176,50.08566447424554],[14.47012711330199,50.08565848766073],[14.470103586700425,50.085649381074994],[14.470083281011304,50.085637504451],[14.470066976571408,50.08562331420257],[14.4700552999495,50.085607355654844],[14.470048699867876,50.08559024208723],[14.470047429958807,50.08557263116546],[14.470051539018376,50.085555199667525],[14.470330640891941,50.08484879999322],[14.470339970771652,50.08483221777891],[14.470354163087029,50.084817122102066],[14.470372672432628,50.08480409307942],[14.470394787504139,50.08479363140715],[14.47041965843349,50.084786139119664],[14.470446329448551,50.08478190413992],[14.470473775602324,50.08478108921496],[14.470500942160333,50.08478372566169],[14.470526785132565,50.08478971216351],[14.470550311392584,50.084798818663714],[14.470570616842133,50.08481069520627],[14.47058692115471,50.08482488538415],[14.470598597762999,50.08484084387858],[14.470605197937768,50.084857957415004],[14.470606468032834,50.0848755683307],[14.470602359233338,50.08489299984821],[14.470323261106907,50.085599400173905]]]},"properties":{"stopId":"U469Z1P","nodeId":"469","name":"Nákladové nádraží Žižkov","hasPlatform":true,"platformLengthM":81}},{"type":"Feature","geometry":{"type":"Polygon","coordinates":[[[14.469826029827361,50.08417144305],[14.469851907422475,50.08417736705952],[14.46987548666343,50.08418641664366],[14.469895861415987,50.08419824403361],[14.469912248690413,50.084212394711294],[14.469924018731252,50.08422832487589],[14.469930719218747,50.084245422341546],[14.469932092651776,50.08426303006315],[14.469928086244263,50.084280471386],[14.469918853954617,50.08429707604933],[14.46990475057003,50.084312205944016],[14.469886318072902,50.08432527963508],[14.469864264813173,50.08433579470603],[14.469839438286936,50.08434334706677],[14.469812792567364,50.08434764648288],[14.469785351639667,50.08434852772932],[14.469758170049108,50.0843459569401],[14.46884376848819,50.08419955667362],[14.468817891005697,50.084193632440005],[14.46879431196086,50.08418458264167],[14.468773937485913,50.08417275505893],[14.468757550561092,50.08415860422103],[14.468745780925031,50.084142673938516],[14.468739080874558,50.08412557640466],[14.468737707883701,50.08410796866898],[14.468741714709932,50.08409052738709],[14.468750947367566,50.08407392281711],[14.468765051046228,50.084058793062184],[14.468783483746703,50.084045719548655],[14.468805537110057,50.08403520468246],[14.468830363639595,50.08402765254219],[14.468857009269403,50.084023353350936],[14.468884450028012,50.084022472323305],[14.468911631388274,50.084025043316515],[14.469826029827361,50.08417144305]]]},"properties":{"stopId":"U469Z3P","nodeId":"469","name":"Nákladové nádraží Žižkov","hasPlatform":true,"platformLengthM":67}},{"type":"Feature","geometry":{"type":"Polygon","coordinates":[[[14.464502315316887,50.083510595963645],[14.464476421527355,50.08350470181301],[14.464452817316626,50.08349567943168],[14.464432409784068,50.083483875546335],[14.464415983180315,50.08346974377553],[14.464404168768867,50.083453827197104],[14.464397420567256,50.08343673747769],[14.46439599789995,50.083419131366504],[14.464399955433448,50.083401685456714],[14.464409141076363,50.08338507018434],[14.464423201825058,50.083369924063796],[14.464441597330062,50.083356829150325],[14.46446362066183,50.08334628867226],[14.464488425477738,50.083338707692484],[14.464515058546302,50.083334377542315],[14.464542496378767,50.083333464626136],[14.464569684560425,50.08333600402659],[14.465478583006659,50.08348040376363],[14.465504476906291,50.08348629769136],[14.46552808131034,50.08349531985947],[14.46554848911758,50.08350712355275],[14.46556491606802,50.08352125516376],[14.465576730881509,50.08353717162439],[14.465583479517703,50.083554261275445],[14.465584902625176,50.08357186737212],[14.46558094550889,50.08358931332218],[14.465571760233011,50.08360592868701],[14.465557699778007,50.08362107494629],[14.465539304476497,50.08363417003611],[14.465517281249001,50.08364471071766],[14.465492476437463,50.08365229191664],[14.465465843280558,50.0836566222904],[14.465438405280706,50.0836575354242],[14.465411216870656,50.083654996226635],[14.464502315316887,50.083510595963645]]]},"properties":{"stopId":"U586Z1P","nodeId":"586","name":"Olšanská","hasPlatform":true,"platformLengthM":67}},{"type":"Feature","geometry":{"type":"Polygon","coordinates":[[[14.457801212592777,50.082618030342644],[14.45743965803298,50.082580050662216],[14.457413110303284,50.082575510875046],[14.457388452915884,50.082567734905936],[14.457366633443913,50.08255702158249],[14.457348490398967,50.08254378261356],[14.457334721007348,50.08252852676713],[14.457325854416142,50.08251184031843],[14.457322231358862,50.082494364519505],[14.457323991061926,50.082476770955985],[14.457331065895145,50.082459735738404],[14.457343183971581,50.08244391351969],[14.457359879596789,50.08242991233736],[14.457380511165727,50.08241827024717],[14.457404285819516,50.08240943464629],[14.457430289914448,50.08240374508026],[14.457457524132364,50.08240142019478],[14.45748494188318,50.082402549333395],[14.457847641229666,50.08244064926286],[14.457849930142375,50.08244090221294],[14.458631028747464,50.08253150204568],[14.45865745568783,50.08253632323652],[14.458681909068115,50.082544360073314],[14.45870344916204,50.082555303706464],[14.458721248197218,50.082568733580096],[14.458734622165768,50.082584133593556],[14.458743057110507,50.08260091193454],[14.458746228876501,50.08261842382195],[14.45874401556888,50.082635996284154],[14.458736502238056,50.082652954021015],[14.458723977612152,50.08266864535521],[14.458706923002104,50.08268246727607],[14.458685993805672,50.082693888613086],[14.458661994321082,50.08270247044882],[14.45863584683813,50.082707882986575],[14.458608556194667,50.08270991822446],[14.458581171160494,50.08270849794897],[14.457801212592777,50.082618030342644]]]},"properties":{"stopId":"U516Z1P","nodeId":"516","name":"Olšanské náměstí","hasPlatform":true,"platformLengthM":83}},{"type":"Feature","geometry":{"type":"Polygon","coordinates":[[[14.45413554874461,50.08342919438307],[14.454154571309077,50.08341647368158],[14.454177095883248,50.08340637871982],[14.454202256862375,50.083399297439776],[14.454229087328102,50.083395501969655],[14.454256556205971,50.08339513816647],[14.454283607888243,50.08339822001091],[14.454309202799418,50.083404629070046],[14.454332357345718,50.08341411904862],[14.454352181713357,50.08342632525376],[14.454367914063257,50.083440778609734],[14.454378949808014,50.08345692368393],[14.454384864846196,50.08347414003156],[14.454385431860905,50.08349176603886],[14.454380629056251,50.08350912434828],[14.454370640995846,50.08352554788917],[14.454355851510947,50.08354040551269],[14.453840051879354,50.083961106000736],[14.453821029015286,50.083973826650826],[14.45379850409948,50.08398392154369],[14.45377334275383,50.08399100273649],[14.453746511918697,50.08399479810159],[14.45371904269332,50.08399516178442],[14.453691990710462,50.08399207980879],[14.453666395568137,50.08398567061395],[14.453643240877598,50.08397618050293],[14.453623416463078,50.08396397417706],[14.453607684165952,50.08394952072049],[14.453596648567562,50.08393337557319],[14.453590733755812,50.08391615918551],[14.4535901670283,50.08389853317435],[14.45359497015822,50.08388117489751],[14.453604958558492,50.0838647514232],[14.45361974837621,50.08384989389504],[14.45413554874461,50.08342919438307]]]},"properties":{"stopId":"U339Z1P","nodeId":"339","name":"Lipanská","hasPlatform":true,"platformLengthM":60}},{"type":"Feature","geometry":{"type":"Polygon","coordinates":[[[14.44440755162635,50.08519498678629],[14.444380153119795,50.08519630790173],[14.444352879389719,50.08519417390053],[14.444326778555943,50.085188666791595],[14.444302853663567,50.08517999821111],[14.444282024135804,50.085168501289424],[14.444265090440602,50.0851546178486],[14.444252703328958,50.08513888142332],[14.444245338827171,50.08512189675708],[14.44424327994391,50.08510431656206],[14.44424660579513,50.085086816435556],[14.444255188564567,50.08507006889718],[14.444268698416506,50.08505471754432],[14.4442866161719,50.08504135231926],[14.444308253260576,50.085030486838235],[14.444332778182764,50.0850225386538],[14.44435924846292,50.0850178132087],[14.445382846629034,50.08490291342106],[14.445410244940241,50.08490159206963],[14.44543751855091,50.084903725823146],[14.445463619357138,50.08490923268305],[14.445487544324289,50.08491790102497],[14.445508374032299,50.08492939773099],[14.44552530800805,50.08494328099097],[14.445537695486944,50.084959017280845],[14.445545060421649,50.08497600186533],[14.445547119776855,50.084993582037335],[14.445543794406925,50.085011082200985],[14.44553521209829,50.085027829834345],[14.445521702659562,50.08504318133418],[14.445503785247876,50.08505654674933],[14.445482148418446,50.08506741245253],[14.445457623663891,50.08507536087909],[14.445431153460245,50.08508008657394],[14.44440755162635,50.08519498678629]]]},"properties":{"stopId":"U172Z1P","nodeId":"172","name":"Viktoria Žižkov","hasPlatform":true,"platformLengthM":74}},{"type":"Feature","geometry":{"type":"Polygon","coordinates":[[[14.435100417160735,50.08619149007849],[14.435075087704336,50.086198321828995],[14.435048167733225,50.08620185164622],[14.435020691772165,50.08620194388053],[14.434993715712775,50.08619859498737],[14.434968276235303,50.086191933663564],[14.434945350968771,50.086182215901324],[14.434925820920611,50.08616981515055],[14.43491043661968,50.086155207967],[14.434899789273855,50.086138955698296],[14.434894288050582,50.08612168291134],[14.434894144353418,50.08610405339037],[14.43489936369872,50.086086744628055],[14.43490974550456,50.08607042178967],[14.434924890799792,50.08605571215147],[14.434944217556918,50.08604318099484],[14.434966983059443,50.08603330988328],[14.435909981959277,50.08570581042369],[14.435935311036404,50.085698978491536],[14.435962230659744,50.08569544846917],[14.435989706328645,50.085695356012664],[14.436016682174394,50.08569870467504],[14.436042121535788,50.085705365769755],[14.436065046796603,50.08571508331602],[14.43608457695422,50.0857274838757],[14.436099961475687,50.085742090904084],[14.436110609140302,50.08575834306303],[14.436116110760196,50.08577561579252],[14.436116254905832,50.08579324531196],[14.436111036031935,50.08581055412884],[14.436100654691483,50.08582687707434],[14.436085509829397,50.0858415868655],[14.436066183451942,50.08585411821158],[14.436043418260905,50.085863989538105],[14.435100417160735,50.08619149007849]]]},"properties":{"stopId":"U142Z1P","nodeId":"142","name":"Hlavní nádraží","hasPlatform":true,"platformLengthM":77}},{"type":"Feature","geometry":{"type":"Polygon","coordinates":[[[14.430222173502885,50.085227693602505],[14.430156928353412,50.08519209643741],[14.430080989073302,50.085153148160686],[14.43006131195022,50.08514084378015],[14.430045754018531,50.08512631265185],[14.430034913158725,50.085110113200614],[14.430029205974943,50.085092867963645],[14.430028851785725,50.085075239666494],[14.430033864196528,50.085057905754766],[14.430044050577758,50.08504153236029],[14.430059019468274,50.08502674870218],[14.430078195619627,50.08501412290639],[14.430100842102929,50.08500414017328],[14.430126088628619,50.08499718413198],[14.430152964990894,50.084993522097854],[14.430180438351561,50.0849932948001],[14.430207452930615,50.08499651097356],[14.430232970578375,50.08500304702319],[14.430256010670192,50.08501265177354],[14.430333610629127,50.08505245171521],[14.430336891118545,50.08505418720383],[14.430403791092052,50.08509068715165],[14.430837861192787,50.08532782517776],[14.430856934877548,50.085340514792705],[14.430871783841177,50.08535534820135],[14.430881837443906,50.085371755365856],[14.430886709327137,50.08538910576934],[14.430886212261667,50.085406732646206],[14.4308803653436,50.08542395860536],[14.430869393261418,50.0854401216621],[14.4308537176621,50.085454600677856],[14.4308339409481,50.085466839230385],[14.430810823127661,50.085476366997135],[14.430785252608088,50.08548281782965],[14.430758212054375,50.085485943824786],[14.430730740625316,50.08548562485164],[14.430703894038357,50.08548187316824],[14.430678703998087,50.08547483295048],[14.43065613854761,50.08546477475133],[14.430222173502885,50.085227693602505]]]},"properties":{"stopId":"U203Z1P","nodeId":"203","name":"Jindřišská","hasPlatform":true,"platformLengthM":54}},{"type":"Feature","geometry":{"type":"Polygon","coordinates":[[[14.43091398996229,50.08526782652323],[14.43093336896535,50.085280324216676],[14.430948575738622,50.08529500761395],[14.430959025892072,50.085311312441995],[14.430964317828014,50.08532861211678],[14.430964248174917,50.0853462418222],[14.430958819603665,50.08536352405853],[14.430948240725826,50.08537979467842],[14.430932918077634,50.08539442840973],[14.430913440497664,50.08540686288464],[14.430890556498412,50.08541662025136],[14.430865145501405,50.08542332553808],[14.430838184041153,50.08542672106303],[14.43081070823686,50.0854266763374],[14.430783773974118,50.08542319307998],[14.430758416326917,50.08541640515111],[14.430735609779532,50.085406573408456],[14.430152409509875,50.085097872961654],[14.430133030784205,50.0850853751382],[14.430117824327274,50.08507069163442],[14.430107374512431,50.085054386730846],[14.430102082916054,50.085037087017106],[14.430102152885814,50.08501945731222],[14.430107581726975,50.08500217511583],[14.430118160806833,50.08498590457234],[14.430133483573176,50.08497127094825],[14.430152961178477,50.084958836603846],[14.430175845109318,50.08494907938209],[14.43020125595133,50.08494237424585],[14.43022821718426,50.08493897886839],[14.430255692708448,50.084939023731486],[14.43028262666075,50.08494250711107],[14.43030798398986,50.084949295143566],[14.430330790231956,50.08495912697001],[14.43091398996229,50.08526782652323]]]},"properties":{"stopId":"U203Z2P","nodeId":"203","name":"Jindřišská","hasPlatform":true,"platformLengthM":54}},{"type":"Feature","geometry":{"type":"Polygon","coordinates":[[[14.434976319703374,50.08591372024801],[14.435642613769781,50.08569501770578],[14.435846562994744,50.08562660249489],[14.435872042649715,50.085620005176544],[14.435899038620446,50.08561672411421],[14.435926513472356,50.08561688539658],[14.435953411368132,50.08562048282569],[14.43597869864207,50.08562737815513],[14.436001403522475,50.08563730640259],[14.436020653475657,50.08564988603284],[14.436035708736608,50.0856646336196],[14.436045990737755,50.08568098242312],[14.436051104343354,50.08569830416934],[14.436050853034985,50.08571593319396],[14.436045246464442,50.08573319202339],[14.436034500083737,50.08574941740977],[14.436019026866202,50.085763985819256],[14.43599942143677,50.08577633739428],[14.435976437221205,50.08578599746887],[14.435771936974113,50.08585459758294],[14.435770833385854,50.08585496379573],[14.435103632563012,50.08607396416156],[14.435102927444385,50.08607419399671],[14.43502352734522,50.086099894039755],[14.434997900845499,50.08610625330975],[14.434970833201604,50.08610928253591],[14.434943364613398,50.08610886530614],[14.434916550689154,50.08610501765444],[14.434891421878229,50.086097887444694],[14.434868943870669,50.08608774868824],[14.434849980485662,50.08607499101361],[14.434835260475195,50.086060104692905],[14.43482534951852,50.086043661800815],[14.434820628483829,50.086026294229704],[14.434821278792342,50.08600866940622],[14.434827275447233,50.085991464642376],[14.434838387995136,50.08597534110675],[14.43485418938314,50.08596091841646],[14.434874072370784,50.0859487508256],[14.434897272866284,50.085939305926],[14.434976319703374,50.08591372024801]]]},"properties":{"stopId":"U142Z2P","nodeId":"142","name":"Hlavní nádraží","hasPlatform":true,"platformLengthM":76}},{"type":"Feature","geometry":{"type":"Polygon","coordinates":[[[14.445364025849052,50.0848337157587],[14.445391423809918,50.08483239175674],[14.445418697882264,50.08483452287174],[14.445444799944456,50.08484002720659],[14.445468726913582,50.084848693233894],[14.445489559292652,50.084860187924704],[14.445506496505894,50.084874069546316],[14.445518887664306,50.08488980463765],[14.445526256579155,50.08490678850943],[14.445528320062172,50.08492436848202],[14.445524998809093,50.08494186896717],[14.44551642044814,50.08495861743061],[14.445502914636217,50.08497397023717],[14.445485000391082,50.08498733738551],[14.445463366146257,50.084998205181755],[14.445438843295035,50.08500615598078],[14.445412374240306,50.08501088423632],[14.44439057240979,50.08512568444846],[14.444363174253633,50.085127008214876],[14.444335900061791,50.085124876852596],[14.444309797971828,50.08511937226913],[14.444285871077119,50.08511070600363],[14.444265038877827,50.08509921109744],[14.444248101944568,50.085085329295225],[14.444235711152785,50.085069594068656],[14.44422834267019,50.08505261011516],[14.444226279658443,50.085035030119556],[14.44422960139215,50.085017529671454],[14.444238180213285,50.08500078130282],[14.444251686437859,50.084985428642995],[14.444269601026217,50.08497206168442],[14.444291235529905,50.08496119411001],[14.44431575854848,50.08495324355273],[14.444342227679554,50.08494851554652],[14.445364025849052,50.0848337157587]]]},"properties":{"stopId":"U172Z2P","nodeId":"172","name":"Viktoria Žižkov","hasPlatform":true,"platformLengthM":74}},{"type":"Feature","geometry":{"type":"Polygon","coordinates":[[[14.45236275979529,50.084193890069216],[14.4523354038711,50.084195530927076],[14.452308074698898,50.08419371578343],[14.452281822529166,50.08418851439359],[14.452257656222885,50.08418012664512],[14.452236504480847,50.08416887487607],[14.452219180153719,50.084155191487454],[14.45220634900448,50.084139602326026],[14.45219850412371,50.084122706476094],[14.452195946980893,50.08410515323671],[14.45219877583985,50.08408761716938],[14.452206881983404,50.084070772174925],[14.452219953892186,50.08405526559601],[14.452237489216873,50.08404169334017],[14.452258814083693,50.084030576979764],[14.452283108991168,50.08402234370845],[14.452309440302917,50.08401730992468],[14.453109738884178,50.08391781010797],[14.453137094623367,50.08391616906816],[14.453164423668719,50.083917984017205],[14.453190675786058,50.083923185208],[14.453214842126064,50.0839315727628],[14.453235993993033,50.0839428243541],[14.453253318533672,50.08395650759141],[14.453266149974391,50.08397209663743],[14.453273995206839,50.08398899241542],[14.453276552738242,50.08400654563112],[14.453273724278363,50.08402408172466],[14.453265618517614,50.08404092679338],[14.453252546951017,50.084056433489714],[14.453235011908347,50.084070005898425],[14.453213687250377,50.08408112243765],[14.453189392472954,50.08408935590316],[14.453163061214038,50.08409438988594],[14.45236275979529,50.084193890069216]]]},"properties":{"stopId":"U339Z2P","nodeId":"339","name":"Lipanská","hasPlatform":true,"platformLengthM":58}},{"type":"Feature","geometry":{"type":"Polygon","coordinates":[[[14.458298599645985,50.082450998650245],[14.458287828685938,50.08252117818135],[14.458255928026226,50.082588660849346],[14.458204123513646,50.08265085331646],[14.458134405914667,50.08270536553618],[14.458049454419298,50.08275010260504],[14.457952533684084,50.08278334527322],[14.45784736837042,50.08280381601866],[14.457738,50.08281072814547],[14.45762863162958,50.08280381601866],[14.457523466315918,50.08278334527322],[14.457426545580704,50.08275010260504],[14.457341594085333,50.08270536553618],[14.457271876486354,50.08265085331646],[14.457220071973774,50.082588660849346],[14.457188171314062,50.08252117818135],[14.457177400354015,50.082450998650245],[14.45718817292397,50.082380819221875],[14.457220074948493,50.08231333684648],[14.457271880373009,50.08225114481724],[14.457341598292219,50.082196633114066],[14.457426549467357,50.08215189656171],[14.457523469290633,50.082118654331445],[14.457628633239485,50.08209818387857],[14.457738,50.0820912718545],[14.457847366760516,50.08209818387857],[14.457952530709369,50.082118654331445],[14.458049450532643,50.08215189656171],[14.458134401707783,50.082196633114066],[14.458204119626993,50.08225114481724],[14.458255925051509,50.08231333684648],[14.458287827076031,50.082380819221875],[14.458298599645985,50.082450998650245]]]},"properties":{"stopId":"U516Z2P","nodeId":"516","name":"Olšanské náměstí","hasPlatform":false,"platformLengthM":0}},{"type":"Feature","geometry":{"type":"Polygon","coordinates":[[[14.46451434572437,50.08343119511931],[14.464488409718836,50.08342537797344],[14.464464740688156,50.08341642582708],[14.464444248222723,50.08340468270781],[14.464427719837154,50.08339059989902],[14.464415790706427,50.08337471859694],[14.464408919256703,50.08335764911256],[14.464407369548839,50.0833400474175],[14.464411201131433,50.08332258993524],[14.46442026675331,50.083305947546535],[14.46443421802313,50.08329075980785],[14.464452518798597,50.08327761037386],[14.464474465790513,50.08326700456805],[14.4644992155899,50.08325934996381],[14.464525817079481,50.08325494072181],[14.464553247984039,50.083253946285836],[14.464580454155103,50.08325640487132],[14.46550645256625,50.0834006046084],[14.465532388681918,50.083406421527485],[14.46555605790705,50.08341537345678],[14.46557655064942,50.083427116380335],[14.465593079385094,50.083441199026026],[14.465605008922415,50.083457080207474],[14.465611880812313,50.08347414962125],[14.46561343096681,50.083491751300286],[14.465609599808538,50.08350920882209],[14.465600534561144,50.083525851303435],[14.46558658359244,50.08354103918186],[14.4655682830275,50.083554188794125],[14.46554633614611,50.083564794806136],[14.46552158635623,50.08357244963299],[14.465494984782042,50.083576859102514],[14.465467553712235,50.08357785376038],[14.465440347313232,50.08357539538221],[14.46451434572437,50.08343119511931]]]},"properties":{"stopId":"U586Z2P","nodeId":"586","name":"Olšanská","hasPlatform":true,"platformLengthM":68}},{"type":"Feature","geometry":{"type":"Polygon","coordinates":[[[14.468875760907647,50.08411372572521],[14.468849938803645,50.08410770290534],[14.468826444044117,50.08409856334169],[14.468806179522197,50.084086658264205],[14.468789923992611,50.08407244518018],[14.468778302144495,50.08405647029231],[14.468771760595203,50.08403934750797],[14.468770550727632,50.08402173484702],[14.468774719030497,50.08400430915433],[14.468784105312686,50.083987740088936],[14.468798348860163,50.08397266438951],[14.46881690229869,50.083959661405075],[14.468839052629505,50.08394923083117],[14.468863948629583,50.08394177350709],[14.468890633563337,50.08393757601222],[14.468918081948916,50.08393679965304],[14.468945238966063,50.08393947426444],[14.469850437428443,50.08408807399432],[14.469876259647581,50.084094096592274],[14.469899754605086,50.084103235944085],[14.469920019405615,50.08411514083122],[14.46993627528477,50.08412935375742],[14.469947897536473,50.08414532852971],[14.469954439520365,50.08416245124796],[14.469955649826494,50.084180063896596],[14.469951481937661,50.08419748963158],[14.469942096017924,50.08421405879109],[14.46992785275844,50.08422913463044],[14.469909299516981,50.08424213779192],[14.469887149283702,50.08425256856946],[14.469862253281393,50.08426002611234],[14.469835568253213,50.08426422382992],[14.469808119695001,50.084265000405416],[14.46978096244528,50.084262325995304],[14.468875760907647,50.08411372572521]]]},"properties":{"stopId":"U469Z4P","nodeId":"469","name":"Nákladové nádraží Žižkov","hasPlatform":true,"platformLengthM":67}},{"type":"Feature","geometry":{"type":"Polygon","coordinates":[[[14.470421559574358,50.08561770418366],[14.470412228347259,50.085634286121255],[14.470398034695112,50.0856493813743],[14.470379524069283,50.08566240983905],[14.470357407822203,50.08567287083703],[14.470332535870574,50.085680362356165],[14.47030586403328,50.08568459650014],[14.47027841729923,50.0856854105523],[14.470251250436844,50.085682773228896],[14.47022540745898,50.085676785881375],[14.470201881501277,50.08566767860129],[14.47018157665582,50.08565580137801],[14.47016527322697,50.085641610648395],[14.470153597744629,50.085625651756054],[14.470146998887301,50.085608537993686],[14.470145730240214,50.08559092703444],[14.470149840550945,50.0855734956578],[14.47043014243213,50.084864195984906],[14.470439473503115,50.08484761404587],[14.470453666904794,50.08483251878776],[14.47047217718998,50.084819490311226],[14.470494293018257,50.08480902929144],[14.470519164492469,50.084801537737754],[14.470545835819545,50.08479730354491],[14.470573282040506,50.08479648942972],[14.47060044841829,50.08479912667796],[14.470626290969804,50.08480511394223],[14.470649816584784,50.08481422113656],[14.470670121189762,50.08482609827817],[14.470686424490692,50.08484028893709],[14.470698099959137,50.08485624777601],[14.470704698909657,50.08487336150714],[14.470705967743125,50.08489097246029],[14.47070185769317,50.084908403856566],[14.470421559574358,50.08561770418366]]]},"properties":{"stopId":"U469Z2P","nodeId":"469","name":"Nákladové nádraží Žižkov","hasPlatform":true,"platformLengthM":81}},{"type":"Feature","geometry":{"type":"Polygon","coordinates":[[[14.468576494261345,50.0889129073749],[14.468803691319103,50.08846771556487],[14.468814760035055,50.08845157945987],[14.46883052250857,50.08843713888333],[14.468850372994625,50.08842494877678],[14.468873548650437,50.08841547759731],[14.468899158851015,50.08840908931532],[14.468926219415021,50.08840602942763],[14.468953690425643,50.088406415523394],[14.468980516193183,50.08841023276525],[14.469005665823733,50.08841733445948],[14.469028172835037,50.0884274476934],[14.469047172297273,50.088440183822804],[14.4690619340715,50.08845505340732],[14.469071890868552,50.08847148501881],[14.46907666004999,50.08848884720092],[14.469076058333359,50.088506472735396],[14.46907010883646,50.088523684282706],[14.468842909941225,50.08896888454266],[14.468742302333768,50.08916590051731],[14.468731228761582,50.089182035297284],[14.468715461836776,50.08919647398342],[14.46869560747144,50.08920866170332],[14.46867242865795,50.08921813008787],[14.468646816147585,50.089224515270686],[14.468619754219063,50.08922757187149],[14.468592282852608,50.08922718242619],[14.468565457763264,50.08922336190105],[14.468540309829457,50.089216257117464],[14.468517805476127,50.08920614110971],[14.468498809534948,50.08919340263202],[14.468484052009023,50.08917853121884],[14.468474100019332,50.08916209837193],[14.468469336010946,50.08914473559763],[14.468469943056547,50.08912711013827],[14.46847589782188,50.08910989933028],[14.468576494261345,50.0889129073749]]]},"properties":{"stopId":"U34Z2P","nodeId":"34","name":"Biskupcova","hasPlatform":true,"platformLengthM":75}},{"type":"Feature","geometry":{"type":"Polygon","coordinates":[[[14.469162346407359,50.090603554690624],[14.469136758044277,50.090597128571254],[14.469113615417974,50.09058762315139],[14.469093807889045,50.090575403720685],[14.469078096649948,50.09056093986687],[14.469067085472767,50.0905447874295],[14.469061197506901,50.09052756713907],[14.469060659018272,50.090509940762445],[14.469065490694861,50.09049258567149],[14.469075506852565,50.09047616881196],[14.469090322571775,50.09046132107329],[14.469109368490262,50.09044861304403],[14.469131912683835,50.09043853308479],[14.469157088793796,50.09043146856096],[14.469183929320323,50.09042769095685],[14.469211402802344,50.09042734544288],[14.469238453455178,50.090430445296924],[14.470248051776782,50.090613144966945],[14.470273640297428,50.09061957084208],[14.470296783169248,50.090629076031355],[14.470316591027094,50.090641295257406],[14.470332302666334,50.09065575894407],[14.470343314295455,50.09067191126177],[14.470349202739767,50.09068913148738],[14.470349741704347,50.09070675785802],[14.470344910471253,50.09072411300227],[14.470334894696588,50.09074052997101],[14.470320079276664,50.090755377868064],[14.470301033557318,50.09076808609536],[14.470278489454627,50.090778166281],[14.470253313327843,50.09078523104734],[14.470226472685363,50.09078900889798],[14.470198999003326,50.09078935465148],[14.470171948085769,50.09078625502061],[14.469162346407359,50.090603554690624]]]},"properties":{"stopId":"U512Z2P","nodeId":"512","name":"Ohrada","hasPlatform":true,"platformLengthM":75}},{"type":"Feature","geometry":{"type":"Polygon","coordinates":[[[14.473620049798248,50.09140979853527],[14.473594401814257,50.09140347028712],[14.47357117098427,50.0913940534494],[14.473551250058573,50.09138190990762],[14.473535404587464,50.091367506333135],[14.473524243501553,50.09135139624902],[14.4735181957112,50.09133419875815],[14.473517493624323,50.09131657475127],[14.473522164215892,50.091299201509166],[14.473532027992189,50.09128274667517],[14.47354670588949,50.09126784259805],[14.473565633841917,50.091255062031465],[14.473588084458582,50.09124489612353],[14.473613194976833,50.091237735542634],[14.473640000417449,50.09123385546448],[14.473667470667651,50.09123340499752],[14.473694550066968,50.09123640145282],[14.474659248454255,50.09140700114416],[14.474684896580754,50.09141332915775],[14.474708127638932,50.09142274577324],[14.474728048874763,50.09143488911705],[14.474743894726622,50.091449292529205],[14.47475505624535,50.09146540249641],[14.474761104496132,50.091482599923026],[14.474761807042805,50.091500223922395],[14.47475713688106,50.091517597214235],[14.474747273477094,50.09153405215203],[14.474732595871652,50.09154895638049],[14.47471366811437,50.091561737136814],[14.474691217588049,50.09157190326178],[14.474666107055784,50.091579064075184],[14.474639301505153,50.09158294438958],[14.474611831063717,50.09158339508586],[14.47458475141097,50.09158039884391],[14.473620049798248,50.09140979853527]]]},"properties":{"stopId":"U837Z2P","nodeId":"837","name":"Vozovna Žižkov","hasPlatform":true,"platformLengthM":71}},{"type":"Feature","geometry":{"type":"Polygon","coordinates":[[[14.480035850277174,50.09218153979611],[14.480009302516246,50.092176987298664],[14.479984649239825,50.09216919952528],[14.479962837863063,50.092158475757245],[14.47994470658646,50.092145228104755],[14.479930952184047,50.092129965669514],[14.479922103226883,50.09211327497999],[14.479918499770799,50.09209579745113],[14.479920280288953,50.09207820473509],[14.479927376351235,50.092061172909816],[14.47993951525489,50.09204535649788],[14.4799562305051,50.09203136331363],[14.479976879742653,50.092019731105474],[14.480000669429682,50.092010906890806],[14.480026685344775,50.09200522977761],[14.480053927715534,50.09200291793303],[14.480081349638565,50.09200406019946],[14.481113447778991,50.0921129599978],[14.481139995609347,50.0921175122435],[14.481164649046933,50.092125299772206],[14.481186460677536,50.092136023315085],[14.481204592293944,50.092149270774186],[14.481218347107548,50.09216453305898],[14.48122719652566,50.09218122364997],[14.481230800465479,50.09219870113832],[14.481229020423978,50.09221629387441],[14.481221924801357,50.092233325779006],[14.481209786273357,50.09224914232466],[14.481193071313239,50.092263135688896],[14.481172422266027,50.092274768112745],[14.481148632663778,50.09228359256684],[14.48112261673048,50.092289269930724],[14.481095374248493,50.09229158202536],[14.48106795213676,50.09229043999778],[14.480035850277174,50.09218153979611]]]},"properties":{"stopId":"U714Z2P","nodeId":"714","name":"Strážní","hasPlatform":true,"platformLengthM":75}},{"type":"Feature","geometry":{"type":"Polygon","coordinates":[[[14.484898734246677,50.09257001190679],[14.484871449690704,50.09256791307707],[14.484845327643466,50.092562439634065],[14.484821371965298,50.09255380192023],[14.484800503262516,50.09254233187967],[14.48478352350856,50.09252847030145],[14.484771085224473,50.092512749880065],[14.48476366640309,50.09249577474403],[14.484761552140563,50.09247819723925],[14.484764823681045,50.092460692859675],[14.484773355295395,50.09244393428836],[14.484786819113742,50.09242856554669],[14.48480469772606,50.092415177245186],[14.484826304066411,50.09240428388692],[14.48485080781663,50.092396304095715],[14.484877267314785,50.092391544528944],[14.484904665742194,50.09239018809314],[14.485899363876664,50.092403688067805],[14.485926648384146,50.09240578665665],[14.4859527704695,50.092411259857045],[14.485976726280345,50.09241989733808],[14.485997595211348,50.09243136716781],[14.486014575282084,50.09244522856897],[14.48602701395658,50.09246094885748],[14.486034433220103,50.09247792391303],[14.486036547949528,50.09249550139469],[14.486033276871213,50.09251300580998],[14.486024745685192,50.092529764473625],[14.486011282235443,50.09254513335846],[14.485993403911749,50.09255852184525],[14.485971797767172,50.092569415420115],[14.485947294115109,50.09257739544724],[14.485920834620615,50.09258215525719],[14.485893436112212,50.09258351193212],[14.484898734246677,50.09257001190679]]]},"properties":{"stopId":"U180Z2P","nodeId":"180","name":"Chmelnice","hasPlatform":true,"platformLengthM":71}},{"type":"Feature","geometry":{"type":"Polygon","coordinates":[[[14.491501362233521,50.09232418235365],[14.49147389561965,50.09232472942187],[14.49144679041285,50.092321828232365],[14.491421088256535,50.0923155902768],[14.491397776874543,50.09230625527757],[14.491377752112774,50.092294181975134],[14.491361783511952,50.0922798343416],[14.49135048473456,50.09226376375024],[14.49134428998241,50.09224658778631],[14.491343437311098,50.09222896651327],[14.491347959482486,50.09221157710688],[14.491357682706532,50.092195087831655],[14.49137223332081,50.092180132359964],[14.49139105215081,50.09216728542053],[14.491413415999086,50.09215704071214],[14.491438465437385,50.092149791931426],[14.491465237833712,50.09214581764356],[14.49252803588917,50.092057217808446],[14.492555502337671,50.09205667049154],[14.492582607461612,50.09205957142293],[14.492608309631803,50.09206580912206],[14.492631621132643,50.09207514387893],[14.492651646118787,50.09208721696571],[14.492667615041613,50.092101564422336],[14.492678914222477,50.092117634885845],[14.492685109436326,50.09213481077876],[14.49268596259932,50.09215243204198],[14.492681440919057,50.092169821500335],[14.492671718155645,50.09218631088611],[14.492657167945051,50.0922012665202],[14.492638349441144,50.092214113664284],[14.492615985828113,50.092224358607965],[14.492590936528957,50.09223160764203],[14.49256416417807,50.092235582188756],[14.491501362233521,50.09232418235365]]]},"properties":{"stopId":"U266Z2P","nodeId":"266","name":"Kněžská luka","hasPlatform":true,"platformLengthM":76}},{"type":"Feature","geometry":{"type":"Polygon","coordinates":[[[14.498979258738672,50.09157353972571],[14.499196605683657,50.09148516135553],[14.49936075270952,50.09141828298142],[14.499385772327672,50.091410214892704],[14.499412792333818,50.09140549831411],[14.499440734471039,50.09140432146474],[14.499468483684597,50.091406731307806],[14.499494932618399,50.091412631676434],[14.499519025804302,50.09142178711134],[14.499539801780928,50.09143383225685],[14.499556431461334,50.091448286440524],[14.499571331487552,50.0914643864251],[14.499582801085024,50.09148003665656],[14.499589389435549,50.09149680599544],[14.49959085290425,50.091514074330746],[14.49958713736817,50.09153120309846],[14.49957838021847,50.09154755889499],[14.499564905280637,50.091562536899694],[14.499547210840412,50.091575583240804],[14.49952595121812,50.09158621547709],[14.499145050858088,50.091741415722936],[14.499120409875637,50.09174939086648],[14.499093810901499,50.091754114031495],[14.499066285032187,50.091755402126665],[14.499038899295464,50.09175320521958],[14.499012715286822,50.091747608472346],[14.498988748016572,50.091738828840235],[14.498967926562916,50.09172720666147],[14.498951058056393,50.091713192463914],[14.498935458080544,50.09169719244799],[14.498923275847114,50.09168146380728],[14.49891609099569,50.091664516041824],[14.498914177557602,50.09164699555473],[14.498917608507284,50.091629570592445],[14.498926252979812,50.09161290575733],[14.498939781263063,50.091597636659195],[14.498957677373904,50.09158434567277],[14.498979258738672,50.09157353972571]]]},"properties":{"stopId":"U694Z2P","nodeId":"694","name":"Spojovací","hasPlatform":true,"platformLengthM":69}},{"type":"Feature","geometry":{"type":"Polygon","coordinates":[[[14.484687763666537,50.07740878082953],[14.48466033371625,50.077409747733974],[14.484633136891135,50.07740726183396],[14.48460721835554,50.07740141866178],[14.484583574148806,50.077392442768456],[14.484563112907345,50.07738067909415],[14.484546620945833,50.077366579712134],[14.484534732039473,50.077350686455546],[14.484527903068614,50.0773336100948],[14.48452639646167,50.07731600686575],[14.484530270110895,50.07729855325082],[14.484539375148517,50.07728191998214],[14.48455336166849,50.077266746265714],[14.48457169217389,50.077253615217295],[14.484593662233035,50.077243031453875],[14.484618427550496,50.07723540170175],[14.48464503641267,50.07723101916654],[14.485662234571867,50.07713031935322],[14.485689664342084,50.07712935221273],[14.485716861064333,50.07713183786589],[14.485742779589426,50.077137680791026],[14.485766423887538,50.07714665644892],[14.485786885324364,50.077158419911726],[14.485803377578998,50.07717251911803],[14.485815266861717,50.077188412245064],[14.485822096270402,50.07720548853029],[14.48582360334959,50.077223091742574],[14.485819730177278,50.077240545400535],[14.485810625591698,50.07725717876936],[14.485796639472415,50.077272352636825],[14.485778309295336,50.07728548387812],[14.485756339478248,50.0772960678651],[14.485731574310535,50.0773036978593],[14.485704965507345,50.077308080642865],[14.484687763666537,50.07740878082953]]]},"properties":{"stopId":"U299Z1P","nodeId":"299","name":"Krematorium Strašnice","hasPlatform":true,"platformLengthM":73}},{"type":"Feature","geometry":{"type":"Polygon","coordinates":[[[14.480551291911883,50.077639064890626],[14.480578727816214,50.077638168603286],[14.480605909018697,50.077640724479735],[14.480631790966559,50.07764663429964],[14.480655379035579,50.07765567095309],[14.480675766752261,50.07766748716823],[14.480692170628684,50.07768162885638],[14.480703960271402,50.0776975525622],[14.480710682607365,50.07771464634808],[14.48071207929584,50.07773225331025],[14.480708096657063,50.077749696823275],[14.480698887736022,50.07776630654216],[14.480684806421854,50.07778144416355],[14.480666393848807,50.0777945279555],[14.480644357601138,50.07780505511334],[14.480619544521163,50.07781262108252],[14.480592908165317,50.07781693510566],[14.479641206439739,50.07790863527576],[14.479613770363112,50.077909531342144],[14.479586589061125,50.07790697523404],[14.479560707101562,50.07790106518178],[14.479537119118142,50.07789202830652],[14.479516731586601,50.077880211891966],[14.479500327988946,50.07786607003819],[14.479488538704555,50.07785014621048],[14.479481816785327,50.07783305235404],[14.47948042054571,50.07781544537709],[14.479484403636613,50.07779800190609],[14.479493612984486,50.07778139228326],[14.479507694674732,50.07776625480597],[14.47952610755312,50.07775317119729],[14.479548144022475,50.07774264425111],[14.479572957235309,50.07773507851029],[14.47959959363745,50.07773076472053],[14.480551291911883,50.077639064890626]]]},"properties":{"stopId":"U849Z1P","nodeId":"849","name":"Vinohradské hřbitovy","hasPlatform":true,"platformLengthM":69}},{"type":"Feature","geometry":{"type":"Polygon","coordinates":[[[14.474296754117901,50.07850470675238],[14.47422243636979,50.078512619322346],[14.474195024677018,50.078513786166184],[14.474167784969353,50.07851149872865],[14.47414176405913,50.078505844915185],[14.474117961919964,50.078497041999796],[14.47409729325764,50.07848542827519],[14.474080552358043,50.07847145005216],[14.47406838256304,50.078455644507784],[14.474061251547493,50.078438619041776],[14.474059433347275,50.07842102793414],[14.474062997829014,50.07840354720158],[14.474071808006038,50.07838684861832],[14.474085525303549,50.07837157390044],[14.474103622570567,50.07835831004515],[14.474125404338503,50.078347566773104],[14.474150033547732,50.07833975694045],[14.474176563715098,50.07833518067313],[14.474250704770329,50.07832728694933],[14.475174644305357,50.07822839342602],[14.475202054253902,50.078227211385325],[14.475229296871838,50.07822948370726],[14.475255325246282,50.07823512306826],[14.475279139126044,50.07824391275199],[14.475299823360011,50.0782555149774],[14.475316583065457,50.07826948387938],[14.475328774174804,50.07828528264268],[14.475335928187018,50.07830230413114],[14.47533777017238,50.07831989421948],[14.475334229338644,50.07833737693068],[14.475325441752418,50.07835408041352],[14.47531174511107,50.078369362761336],[14.47529366576591,50.0783826366805],[14.475271898495256,50.07839339205985],[14.475247279804604,50.078401215574424],[14.475220755779963,50.07840580656941],[14.474296754117901,50.07850470675238]]]},"properties":{"stopId":"U921Z1P","nodeId":"921","name":"Želivského","hasPlatform":true,"platformLengthM":72}},{"type":"Feature","geometry":{"type":"Polygon","coordinates":[[[14.472590927250234,50.07939822936676],[14.472600158417139,50.07938162466238],[14.472614260180446,50.07936649470214],[14.472632690614546,50.07935342092027],[14.472654741447604,50.079342905733],[14.472679565280156,50.07933535323133],[14.472706208149935,50.07933105365216],[14.472733646191541,50.07933017222506],[14.472760824982226,50.07933274282257],[14.472786700061896,50.079338666658614],[14.47281027707027,50.079347716084676],[14.472830649958901,50.07935954333806],[14.472847035809682,50.07937369390587],[14.472858804921879,50.07938962399159],[14.472865505011413,50.079406721412326],[14.472866878592459,50.07942432912472],[14.472862872873256,50.07944177047444],[14.472746273670896,50.07974167061062],[14.472737042485273,50.07975827532659],[14.472722940645472,50.0797734053017],[14.472704510074525,50.07978647909786],[14.472682459048361,50.07979699429453],[14.472657634977224,50.07980454679685],[14.472630991839953,50.079808846364884],[14.472603553522504,50.0798097277678],[14.47257637446984,50.07980715713357],[14.472550499163301,50.079801233250784],[14.472526921980926,50.079792183772106],[14.472506548983375,50.079780356465584],[14.472490163094097,50.07976620584981],[14.472478394011947,50.07975027572686],[14.472471694012457,50.07973317828383],[14.472470320567705,50.07971557056678],[14.472474326452597,50.07969812923057],[14.472590927250234,50.07939822936676]]]},"properties":{"stopId":"U921Z12P","nodeId":"921","name":"Želivského","hasPlatform":true,"platformLengthM":34}},{"type":"Feature","geometry":{"type":"Polygon","coordinates":[[[14.474838298260053,50.09488403151638],[14.47510091217047,50.09503003909372],[14.475119815512038,50.09504283554975],[14.475134464133072,50.09505775194422],[14.475144295092766,50.09507421505015],[14.475148930588501,50.09509159220088],[14.475148192475265,50.09510921560288],[14.475142109112502,50.095126407998556],[14.47513091427516,50.09514250869303],[14.475115038170667,50.09515689894421],[14.475095090906859,50.095169025741036],[14.475071839046219,50.095178423055685],[14.475046176147233,50.095184729752894],[14.475019088425064,50.09518770346859],[14.474991616851192,50.095187229923916],[14.474964817148631,50.09518332731702],[14.474939719220185,50.09517614562373],[14.474917287569081,50.09516596083387],[14.474654694477543,50.09501996451932],[14.474182801312649,50.09475766803917],[14.474163895697442,50.094744873033974],[14.47414924440101,50.094729957759604],[14.474139410461934,50.09471349540334],[14.474134771788632,50.094696118605604],[14.474135506637207,50.09467849514757],[14.474141586762007,50.09466130228878],[14.474152778501976,50.094645200740324],[14.474168651760921,50.09463080927429],[14.47418859653646,50.094618680944876],[14.474211846362358,50.09460928183511],[14.474237507763378,50.094602973145825],[14.474264594590604,50.094599997315164],[14.474292065917972,50.094600468702],[14.474318866043609,50.094604369191295],[14.474343965058987,50.09461154889025],[14.474366398426923,50.094621731888445],[14.474838298260053,50.09488403151638]]]},"properties":{"stopId":"U1074Z1P","nodeId":"1074","name":"Krejcárek","hasPlatform":true,"platformLengthM":69}},{"type":"Feature","geometry":{"type":"Polygon","coordinates":[[[14.47395152915722,50.103756197216185],[14.473928136664176,50.103746940296304],[14.473908009278919,50.10373493412005],[14.473891920486004,50.10372064007992],[14.47388048856688,50.10370460748964],[14.473874152839965,50.10368745247408],[14.473873156778465,50.10366983429171],[14.473877538654637,50.10365242999953],[14.473887130069892,50.10363590843416],[14.473901562427091,50.103620904508816],[14.473920281096227,50.10360799481432],[14.473942566728915,50.103597675461074],[14.473967562902633,50.10359034301428],[14.47399430903226,50.10358627925433],[14.47402177728426,50.10358564034842],[14.474048912074942,50.10358845084917],[14.474074670635067,50.103594602751244],[14.474879469601845,50.103846902325664],[14.474902862327557,50.10385615905443],[14.47492299001311,50.10386816505871],[14.474939079163256,50.10388245895635],[14.474950511479145,50.103898491442685],[14.474956847619465,50.103915646399685],[14.474957844084667,50.10393326457278],[14.47495346257533,50.10395066890561],[14.474943871464845,50.10396719055883],[14.474929439329797,50.10398219461336],[14.474910720786411,50.1039951044701],[14.474888435177396,50.10400542400865],[14.47486343892804,50.10401275665314],[14.474836692634018,50.10401682061272],[14.474809224145627,50.104017459710896],[14.474782089067306,50.10401464938733],[14.474756330190443,50.10400849764177],[14.47395152915722,50.103756197216185]]]},"properties":{"stopId":"U529Z2P","nodeId":"529","name":"Palmovka","hasPlatform":true,"platformLengthM":64}},{"type":"Feature","geometry":{"type":"Polygon","coordinates":[[[14.473223107270169,50.1026377774983],[14.473244214336587,50.10249463228104],[14.47324947196298,50.102477328064275],[14.473259891732276,50.102461014250956],[14.473275073214424,50.102446317770465],[14.4732944329913,50.102433803398526],[14.473317227077487,50.10242395205361],[14.473342579511234,50.10241714231564],[14.473369516016831,50.102413635877674],[14.473397001444853,50.10241356748942],[14.47342397955156,50.102416939779005],[14.47344941358886,50.10242362315193],[14.473472326145124,50.10243336077122],[14.473491836705946,50.102445778427395],[14.473507195491463,50.102460398918716],[14.473517812269959,50.102476660389655],[14.473523279040498,50.10249393792236],[14.473523385712763,50.102511567551645],[14.473502289461381,50.10265464495619],[14.473446593875922,50.10303442240113],[14.473441349892699,50.103051728328616],[14.47343094291023,50.10306804553325],[14.473415772858852,50.103082746952715],[14.473396422712838,50.103095267617974],[14.473373636087404,50.10310512636498],[14.473348288661972,50.10311194432591],[14.473321354527988,50.103115459489004],[14.473293868754487,50.103115536767774],[14.473266887610185,50.103112173192436],[14.47324144797074,50.10310549802399],[14.4732185274714,50.10309576778674],[14.473199006936383,50.103083356409975],[14.473183636528953,50.103068740857815],[14.47317300692306,50.10305248279947],[14.473167526604401,50.10303520702434],[14.473167406173168,50.103017577431515],[14.473223107270169,50.1026377774983]]]},"properties":{"stopId":"U529Z1P","nodeId":"529","name":"Palmovka","hasPlatform":true,"platformLengthM":58}},{"type":"Feature","geometry":{"type":"Polygon","coordinates":[[[14.47411717542426,50.094807798034466],[14.474098293495278,50.09479498863096],[14.474083669812627,50.09478006220184],[14.474073866353702,50.09476359236309],[14.474069259855572,50.09474621204262],[14.474070027337868,50.094728589157036],[14.474076139300841,50.09471140094381],[14.474087360859913,50.094695307935574],[14.474103260772974,50.09468092857618],[14.474123228013353,50.09466881545459],[14.474146495251517,50.09465943406937],[14.474172168343094,50.09465314494026],[14.474199260689922,50.09465018975367],[14.474226731153825,50.094650682075155],[14.474253524066109,50.09465460298519],[14.474278609795444,50.09466180180621],[14.474301024315217,50.094672001892945],[14.47503042406129,50.095078401317075],[14.475049306351147,50.095091210569414],[14.475063930429572,50.095106136877234],[14.475073734298896,50.09512260663262],[14.475078341197566,50.095139986913345],[14.475077574079531,50.09515760980558],[14.47507146241888,50.09517479807137],[14.475060241078038,50.09519089117446],[14.475044341282944,50.09520527066454],[14.475024374051877,50.09521738394412],[14.475001106714657,50.09522676550476],[14.474975433424538,50.09523305481667],[14.474948340796015,50.095236010183875],[14.474920869989123,50.095235518032645],[14.474894076697398,50.09523159727618],[14.47486899057728,50.09522439858777],[14.474846575678189,50.09521419861037],[14.47411717542426,50.094807798034466]]]},"properties":{"stopId":"U1074Z2P","nodeId":"1074","name":"Krejcárek","hasPlatform":true,"platformLengthM":69}},{"type":"Feature","geometry":{"type":"Polygon","coordinates":[[[14.47158647682175,50.081665742838084],[14.471595674772775,50.08164913044545],[14.471609746534638,50.08163398873176],[14.47162815133464,50.08162089958296],[14.471650181886048,50.081610366005826],[14.47167499156879,50.081602792798016],[14.471701626964359,50.08159847099221],[14.471729064494577,50.0815975666721],[14.471756249756345,50.08160011459],[14.471782138040902,50.081606016831394],[14.471805734480515,50.08161504657763],[14.471826132280016,50.08162685682229],[14.47184254756401,50.08164099370614],[14.47185434950067,50.08165691395845],[14.471861084544505,50.081674005774325],[14.47186249386642,50.08169161232575],[14.471858523301158,50.081709057002996],[14.471571425278334,50.08245155733845],[14.471562227164938,50.082468169729175],[14.471548155143193,50.08248331143711],[14.471529749990232,50.08249640057326],[14.471507719005162,50.082506934127615],[14.471482908828053,50.08251450729978],[14.471456272903783,50.08251882905553],[14.471428834841118,50.082519733311344],[14.47140164907523,50.082517185316995],[14.471375760345445,50.082511282990986],[14.47135216354566,50.08250225315759],[14.471331765490438,50.08249044282991],[14.471315350066195,50.08247630587404],[14.47130354810681,50.08246038556708],[14.471296813151282,50.08244329371896],[14.471295404015034,50.082425687160686],[14.471299374844577,50.08240824250262],[14.47158647682175,50.081665742838084]]]},"properties":{"stopId":"U373Z1P","nodeId":"373","name":"Mezi Hřbitovy","hasPlatform":true,"platformLengthM":85}},{"type":"Feature","geometry":{"type":"Polygon","coordinates":[[[14.475238379742096,50.07828634667955],[14.474191992606439,50.07837574558335],[14.474164536792145,50.078376347897624],[14.474137425430813,50.07837350124413],[14.474111700402384,50.078367315018774],[14.474088350309675,50.07835802695597],[14.47406827248625,50.07834599399243],[14.474052238512003,50.07833167855006],[14.474040864561713,50.07831563076504],[14.474034587726074,50.0782984673462],[14.474033649215132,50.07828084787491],[14.474038085089513,50.07826344945769],[14.47404772487552,50.078246940705384],[14.474062198117183,50.078231956038834],[14.474080948613347,50.0782190713087],[14.474103255792564,50.07820878166607],[14.474128262404298,50.07820148253437],[14.474155007462327,50.07819745441371],[14.475201405551163,50.07810805457993],[14.475277634963327,50.07810155206921],[14.475305090805396,50.07810095324066],[14.475332201137771,50.07810380332336],[14.475357924131115,50.07810999279083],[14.475381271269615,50.078119283786535],[14.47540134533843,50.07813131926441],[14.475417374902744,50.07814563670964],[14.475428743953533,50.078161685912605],[14.475435015580713,50.07817885011286],[14.475435948763936,50.07819646970066],[14.475431507635673,50.078213867565225],[14.47542186286046,50.078230375115794],[14.475407385077206,50.07824535797523],[14.475388630656406,50.07825824035896],[14.475366320319536,50.07826852720234],[14.475341311442195,50.07827582318597],[14.475314565105347,50.07827984792788],[14.475238379742096,50.07828634667955]]]},"properties":{"stopId":"U921Z2P","nodeId":"921","name":"Želivského","hasPlatform":true,"platformLengthM":81}},{"type":"Feature","geometry":{"type":"Polygon","coordinates":[[[14.479622647296294,50.07783286008209],[14.479595208700678,50.077833723231514],[14.479568034935298,50.077831134518135],[14.479542170278306,50.07782519342527],[14.479518608698472,50.07781612826704],[14.479498255656848,50.077804287413976],[14.479481893309982,50.0777901259053],[14.479470150451991,50.077774187961666],[14.479463478350619,50.077757086070726],[14.479462133405832,50.07773947744947],[14.479466167297296,50.077722038787485],[14.479475424999238,50.07770544024227],[14.479489550738851,50.077690319685395],[14.47950800166914,50.07767725818973],[14.479530068730627,50.07766675769937],[14.479554903900206,50.077659221740475],[14.47958155277995,50.077654939914275],[14.480529751059253,50.07756474008165],[14.480557189484106,50.077563876711935],[14.48058436315142,50.07756646519445],[14.480610227797976,50.07757240605574],[14.480633789464433,50.07758147099306],[14.480654142691906,50.0775933116476],[14.48067050531785,50.0776074729915],[14.480682248534034,50.07762341081406],[14.480688921051538,50.077640512635135],[14.480690266444114,50.07765812124222],[14.480686233003265,50.0776755599466],[14.48067697572628,50.07769215858813],[14.480662850360607,50.07770727928908],[14.480644399733382,50.077720340967765],[14.48062233289129,50.07773084166934],[14.48059749785239,50.07773837785595],[14.480570849017008,50.07774265991472],[14.479622647296294,50.07783286008209]]]},"properties":{"stopId":"U849Z2P","nodeId":"849","name":"Vinohradské hřbitovy","hasPlatform":true,"platformLengthM":68}},{"type":"Feature","geometry":{"type":"Polygon","coordinates":[[[14.484669750702105,50.07733962130275],[14.484642316422121,50.07734053573017],[14.484615131303784,50.0773379978145],[14.484589240061537,50.0773321050869],[14.484565637685833,50.077323084002764],[14.484545231205512,50.07731128123897],[14.484528804830777,50.07729715037094],[14.484516989816333,50.077281234441855],[14.48451024020288,50.077264145093345],[14.484508815369145,50.07724653906041],[14.484512770064889,50.0772290929332],[14.484521952307778,50.07721247715608],[14.48453600922483,50.077197330262855],[14.48455440061383,50.07718423433852],[14.484576419703405,50.0771736926502],[14.484601220313959,50.07716611030729],[14.48462784937561,50.077161778693515],[14.485648047526778,50.07706277887712],[14.485675481628647,50.077061864212666],[14.485702666646542,50.07706440188074],[14.485728557881068,50.07707029436071],[14.485752160351133,50.077079315209055],[14.48577256702983,50.0770911177613],[14.485788993700547,50.077105248453805],[14.485800809093876,50.07712116425381],[14.485807559147203,50.07713825352748],[14.485808984454627,50.07715585954453],[14.485805030236584,50.07717330571575],[14.485795848445857,50.07718992159409],[14.485781791928988,50.077205068639415],[14.48576340086725,50.077218164757674],[14.485741382018233,50.0772287066705],[14.485716581555613,50.07723628925632],[14.485689952550944,50.077240621119124],[14.484669750702105,50.07733962130275]]]},"properties":{"stopId":"U299Z2P","nodeId":"299","name":"Krematorium Strašnice","hasPlatform":true,"platformLengthM":74}},{"type":"Feature","geometry":{"type":"Polygon","coordinates":[[[14.471640243861893,50.078319437608606],[14.471667293064836,50.07832251806222],[14.471692886066338,50.07832892580543],[14.471716039345997,50.078338414593524],[14.471735863138717,50.07835061977941],[14.471751595627497,50.07836507232646],[14.471762632219615,50.078381216833215],[14.471768548781066,50.0783984328767],[14.471769117936422,50.07841605885478],[14.471764317807528,50.078433417411105],[14.471754332855163,50.07844984146542],[14.471739546791158,50.078464699849285],[14.471720527833199,50.07847742156164],[14.471698006868936,50.07848751771232],[14.471672849368405,50.078494600310194],[14.47164602212419,50.07849839717358],[14.471618556097546,50.07849876239038],[14.470556554123391,50.07844586229145],[14.470529504922224,50.07844278157975],[14.470503912015436,50.078436373580786],[14.470480758928373,50.07842688455161],[14.470460935423644,50.078414679152026],[14.470445203307655,50.07840022643054],[14.470434167154798,50.07838408179889],[14.470428251074278,50.07836686568761],[14.470427682412465,50.07834923970298],[14.470432483016877,50.07833188120178],[14.4704424683975,50.078315457260835],[14.470457254817461,50.0783005990417],[14.470476274040477,50.078287877535736],[14.470498795168234,50.07827778162139],[14.470523952728435,50.078270699277255],[14.470550779934095,50.078266902672425],[14.470578245836043,50.078266537707556],[14.471640243861893,50.078319437608606]]]},"properties":{"stopId":"U921Z3P","nodeId":"921","name":"Želivského","hasPlatform":true,"platformLengthM":76}},{"type":"Feature","geometry":{"type":"Polygon","coordinates":[[[14.46741486683276,50.078096348831636],[14.467441908212773,50.07809945699134],[14.467467485123368,50.07810589094461],[14.467490614662498,50.07811540343952],[14.467510407977384,50.07812762891792],[14.467526104422259,50.07814209756342],[14.467537100789519,50.07815825335582],[14.467542974490977,50.07817547543846],[14.467543499798271,50.07819310197715],[14.467538656518308,50.07821045559394],[14.467528630770145,50.07822686939848],[14.467513807833384,50.07824171261611],[14.467494757342726,50.078254414828656],[14.467472211397626,50.07826448789533],[14.467447036428137,50.078271544712074],[14.467420199898179,50.078275314088],[14.467392733125852,50.07827565116733],[14.466389631261906,50.078224651071956],[14.466362589879502,50.07822154266784],[14.466337013055485,50.078215108471795],[14.466313883697142,50.07820559574769],[14.46629409065518,50.078193370065854],[14.466278394565323,50.07817890125424],[14.466267398617479,50.07816274534296],[14.466261525375787,50.078145523195964],[14.466261000540332,50.078127896651495],[14.466265844274407,50.07811054308784],[14.466275870430565,50.0780941293921],[14.466290693704957,50.07807928633207],[14.466309744445025,50.078066584316545],[14.466332290541294,50.078056511475005],[14.466357465561948,50.07804945489933],[14.466384302049029,50.078045685768394],[14.466411768696696,50.078045348927],[14.46741486683276,50.078096348831636]]]},"properties":{"stopId":"U515Z1P","nodeId":"515","name":"Olšanské hřbitovy","hasPlatform":true,"platformLengthM":72}},{"type":"Feature","geometry":{"type":"Polygon","coordinates":[[[14.462415374257452,50.078055063289135],[14.461439642675213,50.078005956705745],[14.461412597563662,50.07800286213581],[14.461387012872235,50.0779964410258],[14.461363871810564,50.07798694013669],[14.46134406367912,50.077974724584],[14.461328349693519,50.07796026380643],[14.46131733373139,50.07794411352533],[14.46131143912603,50.077926894388305],[14.461310892398512,50.07790926811791],[14.46131571455344,50.07789191208193],[14.461325720272622,50.07787549326245],[14.461340525037599,50.07786064262419],[14.461359559907109,50.07784793086718],[14.461382093381557,50.07783784649523],[14.461407259514173,50.07783077704335],[14.461434091188554,50.077826994185244],[14.461461557283803,50.0778266432932],[14.462437090588692,50.07787573993629],[14.462509425567466,50.077879336703134],[14.462536475146988,50.077882414896195],[14.462562069213632,50.07788882050048],[14.462585224206075,50.07789830735355],[14.46260505029339,50.07791051088261],[14.462620785570412,50.07792496211478],[14.462631825337255,50.07794110569906],[14.462637745337926,50.07795832124793],[14.462638318064817,50.07797594717829],[14.462633521502532,50.07799330613561],[14.462623539974782,50.07800973102425],[14.46260875706179,50.078024590643686],[14.462589740860151,50.078037313945366],[14.462567222151591,50.07804741197809],[14.462542066319454,50.07805449667833],[14.462515240092216,50.078058295783684],[14.46248777439204,50.07805866329586],[14.462415374257452,50.078055063289135]]]},"properties":{"stopId":"U118Z1P","nodeId":"118","name":"Flora","hasPlatform":true,"platformLengthM":75}},{"type":"Feature","geometry":{"type":"Polygon","coordinates":[[[14.459929876750726,50.07556062937993],[14.459956930097679,50.07556368914676],[14.459982533505896,50.075570077314374],[14.460005703055055,50.075579548390344],[14.460025548354848,50.07559173840824],[14.46004130676179,50.07560617891436],[14.460052372687139,50.075622314969955],[14.460058320869656,50.075639526476785],[14.460058922718728,50.07565715200713],[14.460054155099805,50.07567451422179],[14.46004420122432,50.07569094589998],[14.46002944360983,50.075705815580235],[14.46001044938071,50.075718551827414],[14.45998794847428,50.07572866519278],[14.45996280558975,50.07573576702361],[14.459935986958017,50.07573958439919],[14.45990852320934,50.07573997061908],[14.459480322413212,50.07571897057981],[14.459453269009064,50.07571591070224],[14.459427665593491,50.075709522418215],[14.459404496095704,50.07570005122719],[14.459384650908975,50.07568786110342],[14.459368892672952,50.075673420508394],[14.45935782696582,50.07565728438786],[14.45935187903255,50.07564007284523],[14.4593512774436,50.07562244731125],[14.459356045311862,50.07560508512536],[14.459365999405348,50.07558865350601],[14.459380757189527,50.075573783909846],[14.459399751528558,50.07556104776543],[14.459422252480394,50.07555093451375],[14.459447395348063,50.07554383279965],[14.459474213909209,50.07554001553663],[14.459501677546852,50.0755396294192],[14.459929876750726,50.07556062937993]]]},"properties":{"stopId":"U518Z1P","nodeId":"518","name":"Orionka","hasPlatform":true,"platformLengthM":31}},{"type":"Feature","geometry":{"type":"Polygon","coordinates":[[[14.455044517893288,50.07545899865058],[14.455033748503777,50.075529178181675],[14.455001852495993,50.075596660849634],[14.454950055537997,50.07565885331669],[14.454880348105954,50.07571336553635],[14.45479540899917,50.07575810260515],[14.454698502398095,50.07579134527327],[14.454593352420947,50.07581181601868],[14.454484000000003,50.075818728145485],[14.45437464757906,50.07581181601868],[14.45426949760191,50.07579134527327],[14.454172591000836,50.07575810260515],[14.454087651894051,50.07571336553635],[14.454017944462008,50.07565885331669],[14.453966147504012,50.075596660849634],[14.45393425149623,50.075529178181675],[14.453923482106719,50.07545899865058],[14.453934253105498,50.075388819222205],[14.453966150477557,50.075321336846784],[14.454017948347133,50.07525914481748],[14.45408765609928,50.07520463311425],[14.45417259488596,50.07515989656182],[14.454269500575455,50.075126654331505],[14.454374649188331,50.075106183878596],[14.454484000000003,50.075099271854505],[14.454593350811674,50.075106183878596],[14.45469849942455,50.075126654331505],[14.454795405114044,50.07515989656182],[14.454880343900726,50.07520463311425],[14.454950051652872,50.07525914481748],[14.455001849522448,50.075321336846784],[14.455033746894507,50.075388819222205],[14.455044517893288,50.07545899865058]]]},"properties":{"stopId":"U540Z1P","nodeId":"540","name":"Perunova","hasPlatform":false,"platformLengthM":0}},{"type":"Feature","geometry":{"type":"Polygon","coordinates":[[[14.453260147537183,50.07546989804373],[14.453232893985527,50.07546768832754],[14.45320683582704,50.07546210879218],[14.4531829744668,50.07545337385715],[14.453162226886475,50.07544181920274],[14.453145390404762,50.075427888869655],[14.453133112036758,50.07541211819465],[14.453125863629754,50.07539511323737],[14.453123923730951,50.07537752748977],[14.453127366883788,50.07536003676252],[14.453136060764182,50.075343313214],[14.453149671266518,50.075327999519665],[14.453167675343852,50.07531468417462],[14.453189381108771,50.07530387887821],[14.453213954422353,50.07529599887013],[14.453240450949437,50.07529134697317],[14.453267852448372,50.075290101956156],[14.454083850919623,50.07530450192915],[14.454111104417741,50.0753067114461],[14.454137162596998,50.07531229077906],[14.454161024060852,50.075321025518505],[14.454181771829601,50.07533257999493],[14.454198608578942,50.07534651017811],[14.454210887280597,50.07536228074075],[14.454218136067434,50.07537928563045],[14.45422007636763,50.07539687135983],[14.454216633610745,50.07541436211938],[14.454207940094353,50.0754310857486],[14.454194329900746,50.07544639956665],[14.454176326059057,50.07545971507049],[14.454154620446003,50.075470520550915],[14.454130047197577,50.07547840075756],[14.454103550653437,50.075483052856995],[14.454076149065934,50.07548429807072],[14.453260147537183,50.07546989804373]]]},"properties":{"stopId":"U540Z2P","nodeId":"540","name":"Perunova","hasPlatform":true,"platformLengthM":58}},{"type":"Feature","geometry":{"type":"Polygon","coordinates":[[[14.459061039511802,50.075398899068595],[14.459088114225244,50.07540187963709],[14.459113762667464,50.075408192814734],[14.459136999187548,50.075417595990935],[14.459156930821582,50.07542972780856],[14.459172791608346,50.07544412205057],[14.459183972024766,50.07546022555606],[14.4591900424098,50.07547741947774],[14.45919076947669,50.07549504306364],[14.45918612527884,50.07551241904937],[14.459176288284661,50.075528879684875],[14.459161636519989,50.07554379239593],[14.459142733041402,50.07555658409374],[14.459120304298676,50.07556676319865],[14.459095212217763,50.0755739385316],[14.459068421077161,50.075577834347165],[14.45904096045064,50.075578300930545],[14.458520359481733,50.07555430088563],[14.458493284717516,50.07555132018511],[14.458467636280433,50.07554500687075],[14.458444399829872,50.07553560356096],[14.458424468332113,50.075523471621324],[14.458408607743747,50.07550907727736],[14.458397427576346,50.07549297369742],[14.458391357473568,50.07547577973441],[14.458390630700796,50.0754581561435],[14.45839527518167,50.07544078018953],[14.458405112425895,50.075424319620005],[14.45841976438935,50.07540940700416],[14.458438668002785,50.075396615423756],[14.458461096810623,50.075386436450174],[14.458486188888308,50.075379261253914],[14.458512979965265,50.07537536557234],[14.458540440480698,50.0753748991135],[14.459061039511802,50.075398899068595]]]},"properties":{"stopId":"U518Z2P","nodeId":"518","name":"Orionka","hasPlatform":true,"platformLengthM":37}},{"type":"Feature","geometry":{"type":"Polygon","coordinates":[[[14.462422873847677,50.0779705326005],[14.461444685215193,50.07791923319596],[14.461417656089937,50.07791608180196],[14.461392104350477,50.07790960695511],[14.461369011940095,50.077900057481436],[14.461349266289579,50.077887800363534],[14.461333626213404,50.077873306637464],[14.461322692748867,50.077857133290735],[14.461316886058897,50.07783990185737],[14.461316429286015,50.07782227453246],[14.461321339977916,50.07780492872426],[14.461331429413995,50.07778853102182],[14.46134630985863,50.07777371157835],[14.461365409462257,50.07776103989507],[14.46138799423763,50.077751002935756],[14.461413196266548,50.0777439864134],[14.461440047053165,50.077740259967634],[14.461467514742123,50.07773996680293],[14.462445712925572,50.07779126670701],[14.462519939155642,50.07779516808404],[14.462546967357708,50.077798322496726],[14.462572517288688,50.07780480018569],[14.462595607083323,50.07781435221822],[14.462615349416161,50.0778266115168],[14.462630985600615,50.07784110696531],[14.462641914744832,50.077857281513545],[14.462647716843945,50.07787451358407],[14.462648168921216,50.07789214095885],[14.462643253597737,50.077909486227796],[14.462633159761172,50.07792588282133],[14.462618275307738,50.07794070062624],[14.462599172236223,50.077953370200895],[14.462576584666762,50.07796340465881],[14.462551380629032,50.07797041837959],[14.462524528704062,50.077974141828555],[14.462497060801583,50.07797443191484],[14.462422873847677,50.0779705326005]]]},"properties":{"stopId":"U118Z2P","nodeId":"118","name":"Flora","hasPlatform":true,"platformLengthM":75}},{"type":"Feature","geometry":{"type":"Polygon","coordinates":[[[14.467421505808675,50.078025735719926],[14.46744855614998,50.07802881145396],[14.467474151708453,50.07803521473155],[14.46749730886543,50.07804469947959],[14.46751713770682,50.0780569012062],[14.467532876221604,50.0780713510078],[14.467543919585484,50.078087493588335],[14.467549843404234,50.078104708598865],[14.467550420023521,50.078122334477],[14.46754562727836,50.07813969387017],[14.467535649345779,50.07815611966603],[14.467520869667831,50.078170980629174],[14.4675018562168,50.07818370565943],[14.467479339668698,50.07819380573913],[14.467454185323843,50.07820089272611],[14.46742735985356,50.07820469427011],[14.46739989415091,50.07820506427908],[14.46639659228577,50.07815526418595],[14.466369541940606,50.078152188207476],[14.46634394646722,50.078145784687024],[14.466320789489586,50.07813629970957],[14.466300960919837,50.078124097779174],[14.466285222759023,50.07810964781105],[14.466274179813839,50.07809350511112],[14.466268256454525,50.07807629003567],[14.466267680307158,50.07805866415119],[14.466272473506933,50.07804130481061],[14.466282451848388,50.078024879123035],[14.466297231865157,50.078010018317116],[14.46631624556703,50.07799729348362],[14.466338762267862,50.077987193628864],[14.466363916665472,50.07798010688289],[14.46639074209442,50.077976305583945],[14.466418207673803,50.077975935813065],[14.467421505808675,50.078025735719926]]]},"properties":{"stopId":"U515Z2P","nodeId":"515","name":"Olšanské hřbitovy","hasPlatform":true,"platformLengthM":72}},{"type":"Feature","geometry":{"type":"Polygon","coordinates":[[[14.470565833489616,50.07836205118684],[14.470538791951379,50.07835894306338],[14.47051321489191,50.07835250913282],[14.470490085227537,50.07834299664877],[14.470470291820734,50.07833077117237],[14.470454595321247,50.078316302523675],[14.470443598934724,50.07830014672652],[14.470437725242158,50.078282924640476],[14.470437199960966,50.07826529810147],[14.470442043271571,50.07824794448755],[14.470452069042796,50.07823153068772],[14.470466891985588,50.07821668747385],[14.470485942460131,50.07820398526061],[14.47050848836715,50.07819391218506],[14.470533663282108,50.078186855348086],[14.470560499751109,50.07818308593861],[14.470587966468996,50.07818274881213],[14.47165226449132,50.078236848710965],[14.471679306032874,50.078239956575786],[14.471704883188785,50.07824639025015],[14.471728013047574,50.07825590249284],[14.47174780674418,50.07826812775539],[14.471763503618165,50.07828259622971],[14.471774500445436,50.078298751902196],[14.471780374620128,50.07831597392079],[14.471780900395698,50.07833360045374],[14.471776057561051,50.07835095412336],[14.471766032218133,50.0783673680372],[14.471751209630966,50.07838221141649],[14.47173215942083,50.07839491383677],[14.471709613676387,50.07840498714932],[14.47168443881998,50.07841204424059],[14.471657602311192,50.07841581390917],[14.471630135467306,50.078416151288],[14.470565833489616,50.07836205118684]]]},"properties":{"stopId":"U921Z4P","nodeId":"921","name":"Želivského","hasPlatform":true,"platformLengthM":76}},{"type":"Feature","geometry":{"type":"Polygon","coordinates":[[[14.473098914474814,50.104207715249466],[14.473098983021114,50.10420737589306],[14.473161283887853,50.103903475967456],[14.473167521100565,50.10388630610288],[14.4731788609228,50.103870246616744],[14.4731948675677,50.1038559146647],[14.473214925906996,50.10384386101386],[14.473238265110334,50.103834548877366],[14.473263988267808,50.10382833611376],[14.473291106857287,50.103825461474806],[14.47331857873213,50.10382603543065],[14.473345348169417,50.10383003592464],[14.473370386439933,50.10383730922085],[14.473392731340839,50.10384757581199],[14.473411524172002,50.1038604411605],[14.473426042735085,50.10387541086013],[14.473435729087262,50.10389190963539],[14.473440210983057,50.10390930344884],[14.473439316180201,50.10392692386659],[14.473377051822427,50.1042306543045],[14.473322886369392,50.104502884649136],[14.473316751036553,50.10452006961967],[14.47330550646091,50.10453615667795],[14.47328958476132,50.10455052760595],[14.473269597797835,50.104562630135206],[14.473246313658597,50.104571999170425],[14.473220627142558,50.104578274663155],[14.473193525372494,50.10458121544847],[14.473166049859742,50.10458070851304],[14.47313925647869,50.104576773338216],[14.473114174889206,50.10456956115136],[14.4730917689666,50.104559349114176],[14.47307289975983,50.10454652967131],[14.473058292401596,50.1045315954686],[14.473048508241943,50.10451512042082],[14.473043923276272,50.10449773765602],[14.473044713696723,50.10448011518472],[14.473098914474814,50.104207715249466]]]},"properties":{"stopId":"U529Z4P","nodeId":"529","name":"Palmovka","hasPlatform":true,"platformLengthM":65}},{"type":"Feature","geometry":{"type":"Polygon","coordinates":[[[14.458226543545468,50.07761395275089],[14.458253581985813,50.07761707045358],[14.458279153121698,50.077623513432485],[14.45830227427299,50.077633034088834],[14.458322056909243,50.07764526655085],[14.458337740795054,50.077659740733736],[14.458348723205463,50.07767590040454],[14.458354582088617,50.07769312455752],[14.458355092285624,50.07771075127894],[14.458350234184064,50.077728103183816],[14.458340194472578,50.07774451344756],[14.458325358967382,50.07775935143166],[14.458306297786178,50.07777204691899],[14.458283743439262,50.07778211202722],[14.458258562679568,50.077789159958144],[14.458231723193531,50.077792919862354],[14.458204256412863,50.07779324724804],[14.457260854660108,50.077744947157726],[14.457233816212206,50.077741829224486],[14.457208245153696,50.07773538601595],[14.457185124170294,50.07772586514231],[14.457165341790862,50.0777136324871],[14.457149658241363,50.07769915814626],[14.457138676229773,50.07768299836235],[14.45713281778467,50.07766577414817],[14.45713230803751,50.07764814742142],[14.457137166571751,50.07763079556735],[14.457147206671188,50.07761438540736],[14.457162042496142,50.0775995475734],[14.457181103911754,50.07758685227342],[14.457203658398292,50.077576787378824],[14.457228839201521,50.077569739676086],[14.457255678641264,50.077565980003094],[14.45728314529821,50.077565652841194],[14.458226543545468,50.07761395275089]]]},"properties":{"stopId":"U616Z1P","nodeId":"616","name":"Radhošťská","hasPlatform":true,"platformLengthM":68}},{"type":"Feature","geometry":{"type":"Polygon","coordinates":[[[14.45093236966021,50.07718894898604],[14.450959410423149,50.07719205752299],[14.450984986631727,50.077198491833094],[14.451008115410875,50.077208004650686],[14.45102790793702,50.07722023040523],[14.451043603594702,50.07723469926969],[14.451054599206568,50.0772508552155],[14.451060472213465,50.07726807738008],[14.451060996913721,50.077285703926094],[14.451056153137573,50.07730305747532],[14.451046127023144,50.07731947113995],[14.451031303864108,50.07733431415081],[14.451012253303718,50.07734701609758],[14.450989707444098,50.07735708884972],[14.450964532712025,50.077364145315244],[14.45093769656229,50.077367914316774],[14.450910230298389,50.0773682510129],[14.450459929461678,50.07734535097008],[14.450432888644666,50.07734224231711],[14.450407312433498,50.077335807885724],[14.450384183711904,50.07732629494876],[14.450364391306122,50.077314069084785],[14.450348695827431,50.07729960012873],[14.45033770044225,50.07728344411627],[14.450331827693095,50.07726622191522],[14.450331303261121,50.07724859536592],[14.450336147294122,50.077231241846846],[14.450346173633157,50.07721482824335],[14.450360996967355,50.077199985319744],[14.45038004764186,50.07718728347954],[14.450402593549706,50.077177210845484],[14.450427768266334,50.077170154501474],[14.450454604345461,50.077166385617495],[14.45048207049692,50.07716604902887],[14.45093236966021,50.07718894898604]]]},"properties":{"stopId":"U209Z1P","nodeId":"209","name":"Jiřího z Poděbrad","hasPlatform":true,"platformLengthM":32}},{"type":"Feature","geometry":{"type":"Polygon","coordinates":[[[14.442779287653645,50.07714069742216],[14.442751907651198,50.07713945931691],[14.442725428923564,50.07713481984396],[14.442700867316278,50.07712695699489],[14.442679165124174,50.077116172424645],[14.442661154940307,50.07710287987862],[14.442647527713769,50.07708758931925],[14.442638806241996,50.077070887361266],[14.44263532511437,50.07705341476639],[14.442633725217414,50.077018114764456],[14.442635625760232,50.07700051228364],[14.442642845250866,50.07698348675086],[14.442655105773357,50.076967693555105],[14.442671935361096,50.076953740646566],[14.442692686165511,50.076942165134085],[14.442716559394905,50.07693341260977],[14.442742636063448,50.076927819996335],[14.44276991236666,50.07692560257765],[14.44325271146212,50.076917002593795],[14.443280091461988,50.076918240593415],[14.443306570223541,50.07692287997978],[14.443331131901644,50.07693074276513],[14.443352834198013,50.0769415272974],[14.44337084451168,50.0769548198329],[14.443384471881286,50.07697011040915],[14.443393193493721,50.076986812409146],[14.44339667474216,50.07700428506654],[14.443398274845206,50.07703958506462],[14.443396374422568,50.077057187478445],[14.443389155078776,50.07707421296394],[14.443376894711776,50.07709000613741],[14.443360065271273,50.07710395905153],[14.443339314591935,50.07711553459795],[14.443315441455734,50.07712428718322],[14.443289364843338,50.07712987988181],[14.443262088558194,50.07713209740602],[14.442779287653645,50.07714069742216]]]},"properties":{"stopId":"U850Z1P","nodeId":"850","name":"Vinohradská tržnice","hasPlatform":true,"platformLengthM":77}},{"type":"Feature","geometry":{"type":"Polygon","coordinates":[[[14.441290564622573,50.07697819486894],[14.441317800479455,50.0769758275298],[14.441345232499335,50.07697691732322],[14.441371805456027,50.07698142232817],[14.441396497168352,50.076989169250844],[14.441418357819765,50.07699986009056],[14.441436546494577,50.07701308360284],[14.441450363525334,50.077028331118576],[14.441459277407166,50.07704501611068],[14.441470877491758,50.077076516097094],[14.441474544562897,50.077093982871],[14.441472832952293,50.07711157320812],[14.441465808391886,50.07712861151729],[14.441453740668463,50.07714444340827],[14.441437093262747,50.07715846082512],[14.44141650554906,50.077170125400016],[14.441392768239174,50.077178989130495],[14.441366793013346,50.07718471158616],[14.440893692198259,50.07725661171738],[14.440866473052337,50.077258973087616],[14.440839059014431,50.07725788180674],[14.44081250325246,50.07725337979861],[14.44078782596133,50.077245640017345],[14.44076597516945,50.077234959802716],[14.440747790317882,50.077221749457216],[14.44073397001138,50.07720651648308],[14.440725045180288,50.077189846085496],[14.44071344526457,50.07715844607191],[14.440709758645793,50.077140976399285],[14.440711453366045,50.077123380828375],[14.4407184642969,50.07710633550002],[14.4407305220258,50.07709049541032],[14.440747163209496,50.07707646924142],[14.440767748379377,50.07706479597197],[14.440791486514419,50.07705592416625],[14.440817465437469,50.07705019473755],[14.441290564622573,50.07697819486894]]]},"properties":{"stopId":"U850Z2P","nodeId":"850","name":"Vinohradská tržnice","hasPlatform":true,"platformLengthM":77}},{"type":"Feature","geometry":{"type":"Polygon","coordinates":[[[14.448594813303526,50.07719590701125],[14.448322726561743,50.07718660747446],[14.448236105934813,50.07718371012933],[14.44820894426171,50.077181071229546],[14.448183106710438,50.07717508238246],[14.448159586208092,50.0771659737373],[14.448139286637106,50.077154095335835],[14.448122988099144,50.07713990366026],[14.448111316936151,50.07712394409049],[14.448104721660652,50.07710682994528],[14.448103455720215,50.0770892189125],[14.448107567758415,50.07707178777442],[14.448116899746354,50.0770552063994],[14.448131093056482,50.077040111999146],[14.448149602245126,50.07702708464133],[14.44817171601401,50.077016624958176],[14.448196584545126,50.07700913490762],[14.448223252158497,50.077004902326685],[14.448250694037867,50.0770040898702],[14.4483373938759,50.07700698986477],[14.448337552940599,50.077006995243394],[14.448609619551007,50.077016294102165],[14.448751286404123,50.07702109297929],[14.448778445269015,50.07702374337355],[14.44880427658574,50.07702974314227],[14.448827787675766,50.07703886171888],[14.448848075023802,50.07705074868324],[14.448864358998971,50.07706494722787],[14.448876013815504,50.07708091171243],[14.4488825915816,50.07709802863217],[14.448883839512233,50.07711564019433],[14.448879709644313,50.07713306959664],[14.44887036068078,50.07714964703639],[14.448856151892574,50.07716473545065],[14.448837629312742,50.07717775499848],[14.44881550475311,50.077188205344065],[14.448790628449833,50.077195684884735],[14.448763956389028,50.077199906184475],[14.448736513568207,50.077200707020225],[14.448594813303526,50.07719590701125]]]},"properties":{"stopId":"U209Z2P","nodeId":"209","name":"Jiřího z Poděbrad","hasPlatform":true,"platformLengthM":36}},{"type":"Feature","geometry":{"type":"Polygon","coordinates":[[[14.457701388015073,50.0775214087458],[14.457728389311473,50.0775246561419],[14.457753884592641,50.07753122167838],[14.457776894093444,50.07754085304663],[14.457796533574014,50.07755318012032],[14.45781204830026,50.07756772917875],[14.45782284204784,50.07758394111154],[14.457828500015053,50.077601192904545],[14.45782880476405,50.07761882158179],[14.457823744577665,50.077636149683165],[14.457813513910581,50.07765251129872],[14.457798505917378,50.077667277659486],[14.45777929734447,50.07767988130079],[14.45775662636641,50.077689837869876],[14.45773136421828,50.07769676473963],[14.457704481714305,50.077700395712974],[14.457677011939378,50.077700591252935],[14.45716121098288,50.07767169119892],[14.45713420964209,50.077668443671264],[14.45710871437281,50.07766187799909],[14.457085704948156,50.077652246498765],[14.45706606560977,50.07763991930518],[14.457050551086535,50.0776253701473],[14.457039757590769,50.07760915814292],[14.457034099906426,50.077591906311575],[14.457033795449801,50.077574277632245],[14.457038855915158,50.07755694956522],[14.45704908682621,50.07754058801774],[14.457064095010564,50.077525821753575],[14.45708330370976,50.07751321823031],[14.457105974744133,50.077503261792344],[14.457131236880656,50.0774963350583],[14.45715811931363,50.07749270421729],[14.457185588971566,50.07749250879981],[14.457701388015073,50.0775214087458]]]},"properties":{"stopId":"U616Z2P","nodeId":"616","name":"Radhošťská","hasPlatform":true,"platformLengthM":37}},{"type":"Feature","geometry":{"type":"Polygon","coordinates":[[[14.466558094183489,50.07783436427654],[14.466531043956762,50.077831288524855],[14.466505448524329,50.077824885219016],[14.466482291508598,50.0778154004357],[14.466462462823156,50.07780319867157],[14.466446724473514,50.077788748835374],[14.466435681273607,50.077772606228045],[14.466429757603473,50.07775539120225],[14.46642918110114,50.077737765322624],[14.46643397391543,50.077720405941854],[14.466443951855705,50.077703980170604],[14.466458731471016,50.077689119240766],[14.466477744786575,50.07767639424786],[14.466500261131086,50.07766629420434],[14.466525415216061,50.07765920724746],[14.46655224038807,50.077655405723604],[14.466579705776095,50.07765503572245],[14.467361504322742,50.07769383564989],[14.467388554525195,50.077696911208605],[14.467414150007253,50.077703314320296],[14.46743730715319,50.07771279891824],[14.467457136049338,50.07772500051635],[14.467472874682578,50.07773945021593],[14.467483918224062,50.07775559272487],[14.467489842272727,50.077772807697],[14.467490419165419,50.0777904335714],[14.467485626726635,50.07780779299564],[14.467475649121635,50.077824218856186],[14.467460869779885,50.077839079915115],[14.467441856660743,50.0778518050686],[14.467419340427469,50.07786190529424],[14.467394186368285,50.07786899244427],[14.467367361143532,50.07787279416212],[14.467339895636844,50.07787316434911],[14.466558094183489,50.07783436427654]]]},"properties":{"stopId":"U515Z14P","nodeId":"515","name":"Olšanské hřbitovy","hasPlatform":true,"platformLengthM":56}},{"type":"Feature","geometry":{"type":"Polygon","coordinates":[[[14.432458675520223,50.0881659498154],[14.432492570813556,50.08767263929572],[14.432496465756769,50.087655187555306],[14.432505592255684,50.08763855868577],[14.432519599579509,50.08762339172407],[14.432537949431849,50.087610269526394],[14.432559936637531,50.08759969636958],[14.432584716242213,50.0875920785723],[14.432611335983243,50.08758770888078],[14.432638772884024,50.08758675521896],[14.43266597256565,50.08758925423524],[14.432691889765216,50.087595109894416],[14.432715528503827,50.08760409716795],[14.432735980360823,50.087615870681596],[14.432752459383435,50.08762997798768],[14.432764332290429,50.08764587695216],[14.43277114280899,50.08766295658821],[14.432772629209587,50.087680560535865],[14.432738730648362,50.08817396057664],[14.432738718080993,50.08817413944773],[14.43273211834891,50.08826603945566],[14.432728169294835,50.08828348619392],[14.432718991167095,50.088300103389486],[14.432704936671447,50.08831525245166],[14.432686545911503,50.08832835120883],[14.432664525633243,50.08833889628126],[14.43263972206527,50.08834648242591],[14.43261308839847,50.088350818110065],[14.432585648154856,50.08835173671489],[14.43255845585341,50.088349202938765],[14.432532556484622,50.088343314153775],[14.432508945351252,50.088334296663824],[14.432488529818693,50.08832249700765],[14.432472094445025,50.088308368641265],[14.43246027083078,50.08829245451168],[14.432453513347138,50.08827536619141],[14.43245208167528,50.088257760375924],[14.432458675520223,50.0881659498154]]]},"properties":{"stopId":"U480Z4P","nodeId":"480","name":"Masarykovo nádraží","hasPlatform":true,"platformLengthM":65}},{"type":"Feature","geometry":{"type":"Polygon","coordinates":[[[14.432309108131742,50.088296331970454],[14.432305108250654,50.08825543196565],[14.432304987866372,50.088245575536746],[14.432328588550709,50.08792357903414],[14.432331588416377,50.08788258250675],[14.432331599494074,50.087882433746955],[14.43233258858458,50.087869378255675],[14.43233547848088,50.08782852278851],[14.432335490470408,50.08782835667919],[14.432337885185587,50.08779582975539],[14.432340780109993,50.087755102837704],[14.432340786795525,50.087755009840606],[14.432348987124335,50.08764220985048],[14.432352952495648,50.08762476202071],[14.432362147627135,50.08760814597356],[14.432376219046565,50.08759300044107],[14.432394625835343,50.0875799076271],[14.432416660422236,50.08756937082728],[14.432441475783012,50.08756179508223],[14.432468118000452,50.08755747160777],[14.432495562933063,50.08755656660056],[14.432522162883318,50.08755736659908],[14.432549323240945,50.087559909703124],[14.432575190381206,50.087565800223864],[14.432598772351298,50.08757481227183],[14.43261916482876,50.087586600253154],[14.432635585800142,50.08760071212232],[14.432647405549698,50.087616606716765],[14.432654170808087,50.08763367450954],[14.432655622134957,50.08765126098296],[14.432610224013777,50.088295661037556],[14.432606193609733,50.0883133818675],[14.43259677046777,50.088330238955564],[14.432582328251222,50.088345563844555],[14.43256343965315,50.08835874883507],[14.432540853687076,50.08836927108365],[14.43251546598544,50.08837671333611],[14.43248828328365,50.08838078047366],[14.432460383498052,50.08838131121599],[14.432449873796982,50.08838083780605],[14.432440364426645,50.088380461197296],[14.432411844273451,50.088377414805485],[14.43238490504745,50.08837067882639],[14.43236069297606,50.08836053986697],[14.432340238248235,50.088347429326255],[14.432324411181028,50.088331905039716],[14.432313885188963,50.08831462754371],[14.432309108131742,50.088296331970454]]]},"properties":{"stopId":"U480Z3P","nodeId":"480","name":"Masarykovo nádraží","hasPlatform":true,"platformLengthM":147}},{"type":"Feature","geometry":{"type":"Polygon","coordinates":[[[14.46737061330062,50.07766526672825],[14.467397642337808,50.07766841793387],[14.467423194065406,50.0776748925911],[14.467446286549112,50.07768444188375],[14.46746603236014,50.077696698839574],[14.46748167267824,50.07771119243253],[14.467492606452707,50.07772736568369],[14.46749841350073,50.077744597065475],[14.467498870655396,50.077762224386305],[14.467493960342678,50.0777795702382],[14.46748387125767,50.07779596802911],[14.467468991113993,50.077810787599894],[14.467449891744812,50.07782345944102],[14.46742730712798,50.077833496578876],[14.467402105179707,50.07784051329014],[14.467375254400718,50.07784423992513],[14.46734778665671,50.077844533270635],[14.466560285194287,50.07780323319343],[14.466533256136133,50.07780008179339],[14.466507704462003,50.077793606940844],[14.466484612112659,50.07778405746202],[14.466464866516555,50.07777180033972],[14.466449226486063,50.07775730661017],[14.466438293056736,50.077741133260986],[14.466432486390142,50.07772390182633],[14.466432029627908,50.0777062745013],[14.466436940317315,50.077688928694215],[14.466447029737864,50.077672530994015],[14.466461910154516,50.07765771155388],[14.466481009718793,50.07764503987484],[14.466503594444957,50.07763500292057],[14.466528796416698,50.077627986403826],[14.46655564714037,50.07762425996406],[14.466583114763026,50.077623966805476],[14.46737061330062,50.07766526672825]]]},"properties":{"stopId":"U515Z4P","nodeId":"515","name":"Olšanské hřbitovy","hasPlatform":true,"platformLengthM":56}},{"type":"Feature","geometry":{"type":"Polygon","coordinates":[[[14.475012012329511,50.09129248239785],[14.475115113103174,50.091005782518806],[14.47512389350112,50.09098906366544],[14.475137592451308,50.090973766288336],[14.475155682754151,50.0909604790971],[14.475177468213424,50.090949713440196],[14.475202110429084,50.09094188362625],[14.47522866106244,50.09093729097986],[14.475256098331895,50.09093611224563],[14.475283366334882,50.09093839278621],[14.475324366263962,50.09094449277506],[14.475350376222238,50.09095013340079],[14.475374173493485,50.09095891859925],[14.47539484511896,50.09097051133547],[14.47541159805046,50.09098446686607],[14.475423789574808,50.091000249801034],[14.475430951971225,50.09101725464322],[14.475432810455548,50.09103482901755],[14.475429293722868,50.09105229869867],[14.475326294496652,50.09133899881951],[14.475317521956573,50.09135571556448],[14.475303832265647,50.091371012218644],[14.47528575204501,50.09138430033855],[14.475263976815777,50.09139506874618],[14.475239344243361,50.09140290319345],[14.475212801913402,50.09140750229819],[14.47518537087888,50.09140868913804],[14.475158106380777,50.09140641805662],[14.475117006309652,50.09140031804547],[14.47509097948875,50.09139468285169],[14.475067165339498,50.09138589946495],[14.475046478341726,50.091374305173865],[14.475029712888713,50.09136034520773],[14.475017512781907,50.091344555638955],[14.47501034650883,50.09132754279748],[14.4750084892534,50.09130995998705],[14.475012012329511,50.09129248239785]]]},"properties":{"stopId":"U837Z3P","nodeId":"837","name":"Vozovna Žižkov","hasPlatform":true,"platformLengthM":71}},{"type":"Feature","geometry":{"type":"Polygon","coordinates":[[[14.449307367799108,50.07553690956767],[14.449280096866449,50.075534789810916],[14.4492539943155,50.075529296335034],[14.449230063257353,50.075520640252286],[14.449209223352176,50.075509154212675],[14.449192275466721,50.07549527962012],[14.449179870897325,50.07547954966925],[14.449172486341183,50.075462568854775],[14.449170405577648,50.07544498974084],[14.449173708563531,50.075427487883196],[14.449182268361268,50.07541073586798],[14.449195756017929,50.07539537746466],[14.449213653207416,50.075382002886414],[14.449235272149885,50.07537112610897],[14.4492597820429,50.07536316511895],[14.449286240988467,50.07535842585125],[14.449313632189146,50.07535709043227],[14.450003730895762,50.07536699041371],[14.450031001764975,50.075369110000906],[14.450057104317745,50.07537460330258],[14.450081035452307,50.07538325921532],[14.450101875511605,50.07539474509886],[14.450118823624733,50.075408619558985],[14.450131228483807,50.07542434940981],[14.4501386133736,50.075441330163464],[14.450140694491946,50.07545890926011],[14.450137391856861,50.075476411145175],[14.450128832381097,50.07549316323061],[14.450115344995805,50.075508521742044],[14.450097448010613,50.0755218964589],[14.450075829195743,50.07553277339645],[14.450051319351525,50.07554073455828],[14.450024860380976,50.07554547399988],[14.44999746909249,50.075546809586214],[14.449307367799108,50.07553690956767]]]},"properties":{"stopId":"U851Z1P","nodeId":"851","name":"Vinohradská vodárna","hasPlatform":true,"platformLengthM":49}},{"type":"Feature","geometry":{"type":"Polygon","coordinates":[[[14.44942454455993,50.07773999865047],[14.44941377465813,50.07781017818158],[14.44938187713295,50.07787766084954],[14.449330077710748,50.07793985331662],[14.449260366962385,50.077994365536284],[14.44917542381461,50.07803910260511],[14.449078512603167,50.07807234527325],[14.44897335762345,50.078092816018675],[14.448864,50.07809972814548],[14.448754642376551,50.078092816018675],[14.448649487396834,50.07807234527325],[14.44855257618539,50.07803910260511],[14.448467633037616,50.077994365536284],[14.448397922289253,50.07793985331662],[14.44834612286705,50.07787766084954],[14.448314225341871,50.07781017818158],[14.44830345544007,50.07773999865047],[14.44831422695135,50.077669819222095],[14.448346125840978,50.077602336846674],[14.448397926174875,50.077540144817405],[14.448467637243384,50.07748563311418],[14.448552580071015,50.0774408965618],[14.44864949037076,50.07740765433147],[14.44875464398603,50.077387183878585],[14.448864,50.07738027185451],[14.448973356013973,50.077387183878585],[14.44907850962924,50.07740765433147],[14.449175419928986,50.0774408965618],[14.449260362756617,50.07748563311418],[14.449330073825125,50.077540144817405],[14.449381874159023,50.077602336846674],[14.44941377304865,50.077669819222095],[14.44942454455993,50.07773999865047]]]},"properties":{"stopId":"U209Z3P","nodeId":"209","name":"Jiřího z Poděbrad","hasPlatform":false,"platformLengthM":0}},{"type":"Feature","geometry":{"type":"Polygon","coordinates":[[[14.446305584256436,50.08113499865032],[14.446294813592033,50.08120517818143],[14.446262913808022,50.081272660849415],[14.446211110717558,50.08133485331651],[14.446141395032457,50.081389365536225],[14.446056445869178,50.08143410260507],[14.445959527794649,50.08146734527324],[14.44585436536801,50.08148781601868],[14.445745000000002,50.081494728145486],[14.445635634631994,50.08148781601868],[14.445530472205355,50.08146734527324],[14.445433554130824,50.08143410260507],[14.445348604967547,50.081389365536225],[14.445278889282447,50.08133485331651],[14.44522708619198,50.081272660849415],[14.445195186407972,50.08120517818143],[14.445184415743569,50.08113499865032],[14.445195188017758,50.08106481922194],[14.445227089166478,50.08099733684656],[14.445278893168814,50.0809351448173],[14.44534860917412,50.08088063311412],[14.445433558017193,50.080835896561744],[14.44553047517985,50.08080265433147],[14.44563563624178,50.0807821838786],[14.445745000000002,50.08077527185451],[14.445854363758224,50.0807821838786],[14.445959524820152,50.08080265433147],[14.446056441982812,50.080835896561744],[14.446141390825884,50.08088063311412],[14.44621110683119,50.0809351448173],[14.446262910833527,50.08099733684656],[14.446294811982247,50.08106481922194],[14.446305584256436,50.08113499865032]]]},"properties":{"stopId":"U2788Z2P","nodeId":"2788","name":"U Prdlavky","hasPlatform":false,"platformLengthM":0}},{"type":"Feature","geometry":{"type":"Polygon","coordinates":[[[14.444622602721694,50.08271399865024],[14.44461183170256,50.08278417818135],[14.444579930867834,50.08285166084935],[14.444528126071033,50.08291385331647],[14.444458408089552,50.08296836553619],[14.4443734561281,50.08301310260505],[14.444276534861128,50.083046345273225],[14.444171368970474,50.08306681601867],[14.444062,50.08307372814549],[14.443952631029529,50.08306681601867],[14.443847465138875,50.083046345273225],[14.443750543871904,50.08301310260505],[14.443665591910449,50.08296836553619],[14.44359587392897,50.08291385331647],[14.44354406913217,50.08285166084935],[14.443512168297444,50.08278417818135],[14.443501397278308,50.08271399865024],[14.44351216990737,50.08264381922188],[14.443544072106933,50.082576336846486],[14.443595877815682,50.082514144817246],[14.443665596117395,50.08245963311408],[14.443750547758615,50.08241489656172],[14.443847468113635,50.08238165433146],[14.443952632639458,50.08236118387858],[14.444062,50.08235427185451],[14.444171367360545,50.08236118387858],[14.444276531886368,50.08238165433146],[14.444373452241388,50.08241489656172],[14.444458403882608,50.08245963311408],[14.444528122184321,50.082514144817246],[14.44457992789307,50.082576336846486],[14.444611830092631,50.08264381922188],[14.444622602721694,50.08271399865024]]]},"properties":{"stopId":"U2789Z2P","nodeId":"2789","name":"Park Rajská zahrada","hasPlatform":false,"platformLengthM":0}},{"type":"Feature","geometry":{"type":"Polygon","coordinates":[[[14.444010626638931,50.08475899865014],[14.443999855160325,50.08482917818126],[14.443967952964648,50.08489666084926],[14.443916145957711,50.08495885331639],[14.443846425001835,50.08501336553613],[14.443761469416028,50.08505810260501],[14.44366454401403,50.08509134527321],[14.443559373636587,50.08511181601866],[14.443450000000002,50.08511872814548],[14.443340626363417,50.08511181601866],[14.443235455985974,50.08509134527321],[14.443138530583976,50.08505810260501],[14.443053574998169,50.08501336553613],[14.442983854042291,50.08495885331639],[14.442932047035354,50.08489666084926],[14.44290014483968,50.08482917818126],[14.442889373361071,50.08475899865014],[14.442900146449794,50.08468881922177],[14.442932050010459,50.084621336846396],[14.442983857929452,50.08455914481718],[14.4430535792056,50.08450463311403],[14.443138534471135,50.08445989656169],[14.443235458961077,50.08442665433143],[14.443340627973532,50.08440618387858],[14.443450000000002,50.08439927185451],[14.443559372026472,50.08440618387858],[14.443664541038927,50.08442665433143],[14.443761465528867,50.08445989656169],[14.443846420794403,50.08450463311403],[14.443916142070552,50.08455914481718],[14.443967949989545,50.084621336846396],[14.44399985355021,50.08468881922177],[14.444010626638931,50.08475899865014]]]},"properties":{"stopId":"U172Z5P","nodeId":"172","name":"Viktoria Žižkov","hasPlatform":false,"platformLengthM":0}},{"type":"Feature","geometry":{"type":"Polygon","coordinates":[[[14.444018628241304,50.084895998650126],[14.444007856731915,50.08496617818125],[14.44397595444506,50.08503366084925],[14.443924147290053,50.08509585331639],[14.443854426134902,50.08515036553612],[14.443769470306274,50.085195102605006],[14.44367254462724,50.08522834527321],[14.4435673739492,50.085248816018655],[14.443457999999998,50.08525572814548],[14.443348626050797,50.085248816018655],[14.443243455372755,50.08522834527321],[14.443146529693722,50.085195102605006],[14.443061573865096,50.08515036553612],[14.442991852709945,50.08509585331639],[14.442940045554938,50.08503366084925],[14.442908143268081,50.08496617818125],[14.442897371758692,50.084895998650126],[14.442908144878208,50.08482581922176],[14.442940048530064,50.084758336846384],[14.442991856597136,50.084696144817165],[14.443061578072559,50.08464163311402],[14.443146533580915,50.08459689656168],[14.443243458347881,50.084563654331426],[14.443348627660924,50.08454318387858],[14.443457999999998,50.0845362718545],[14.443567372339073,50.08454318387858],[14.443672541652115,50.084563654331426],[14.443769466419083,50.08459689656168],[14.443854421927437,50.08464163311402],[14.44392414340286,50.084696144817165],[14.443975951469934,50.084758336846384],[14.444007855121788,50.08482581922176],[14.444018628241304,50.084895998650126]]]},"properties":{"stopId":"U172Z6P","nodeId":"172","name":"Viktoria Žižkov","hasPlatform":false,"platformLengthM":0}},{"type":"Feature","geometry":{"type":"Polygon","coordinates":[[[14.442370620966376,50.08427399865017],[14.442359849596745,50.084344178181276],[14.442327947723848,50.08441166084928],[14.442276141241102,50.08447385331642],[14.442206420990676,50.08452836553614],[14.44212146626447,50.08457310260502],[14.442024541843194,50.08460634527321],[14.441919372529904,50.08462681601867],[14.441809999999998,50.08463372814549],[14.441700627470095,50.08462681601867],[14.441595458156804,50.08460634527321],[14.441498533735528,50.08457310260502],[14.441413579009323,50.08452836553614],[14.441343858758897,50.08447385331642],[14.44129205227615,50.08441166084928],[14.441260150403252,50.084344178181276],[14.441249379033623,50.08427399865017],[14.441260152013326,50.084203819221806],[14.44129205525117,50.08413633684641],[14.441343862645951,50.084074144817194],[14.44141358321664,50.08401963311403],[14.441498537622582,50.083974896561706],[14.441595461131826,50.08394165433144],[14.441700629080165,50.08392118387859],[14.441809999999998,50.08391427185451],[14.441919370919834,50.08392118387859],[14.442024538868173,50.08394165433144],[14.442121462377417,50.083974896561706],[14.442206416783359,50.08401963311403],[14.442276137354048,50.084074144817194],[14.442327944748827,50.08413633684641],[14.442359847986673,50.084203819221806],[14.442370620966376,50.08427399865017]]]},"properties":{"stopId":"U821Z3P","nodeId":"821","name":"Náměstí Winstona Churchilla","hasPlatform":false,"platformLengthM":0}},{"type":"Feature","geometry":{"type":"Polygon","coordinates":[[[14.444562600452917,50.082519998650255],[14.444551829477364,50.08259017818137],[14.444519928771738,50.08265766084936],[14.44446812418459,50.082719853316476],[14.444398406485261,50.082774365536196],[14.444313454867611,50.08281910260505],[14.444216533992886,50.08285234527323],[14.444111368527848,50.082872816018664],[14.444002,50.082879728145485],[14.443892631472151,50.082872816018664],[14.443787466007112,50.08285234527323],[14.443690545132387,50.08281910260505],[14.443605593514738,50.082774365536196],[14.44353587581541,50.082719853316476],[14.44348407122826,50.08265766084936],[14.443452170522635,50.08259017818137],[14.443441399547082,50.082519998650255],[14.443452172132545,50.082449819221885],[14.443484074202988,50.08238233684649],[14.443535879702079,50.08232014481725],[14.443605597721639,50.082265633114076],[14.443690549019058,50.08222089656173],[14.443787468981842,50.08218765433146],[14.443892633082063,50.08216718387859],[14.444002,50.08216027185451],[14.444111366917936,50.08216718387859],[14.444216531018158,50.08218765433146],[14.44431345098094,50.08222089656173],[14.44439840227836,50.082265633114076],[14.44446812029792,50.08232014481725],[14.44451992579701,50.08238233684649],[14.444551827867453,50.082449819221885],[14.444562600452917,50.082519998650255]]]},"properties":{"stopId":"U2789Z1P","nodeId":"2789","name":"Park Rajská zahrada","hasPlatform":false,"platformLengthM":0}},{"type":"Feature","geometry":{"type":"Polygon","coordinates":[[[14.446085584034252,50.08111599865031],[14.44607481337412,50.08118617818142],[14.446042913602751,50.08125366084941],[14.445991110532816,50.08131585331651],[14.445921394875347,50.081370365536216],[14.445836445745737,50.08141510260507],[14.445739527709618,50.08144834527322],[14.445634365324661,50.08146881601866],[14.445525,50.081475728145485],[14.44541563467534,50.08146881601866],[14.445310472290382,50.08144834527322],[14.445213554254265,50.08141510260507],[14.445128605124655,50.081370365536216],[14.445058889467184,50.08131585331651],[14.445007086397249,50.08125366084941],[14.444975186625882,50.08118617818142],[14.444964415965748,50.08111599865031],[14.444975188235667,50.081045819221934],[14.445007089371742,50.08097833684654],[14.445058893353545,50.080916144817294],[14.44512860933122,50.0808616331141],[14.445213558140626,50.080816896561736],[14.445310475264876,50.08078365433146],[14.445415636285125,50.08076318387858],[14.445525,50.080756271854504],[14.445634363714877,50.08076318387858],[14.445739524735126,50.08078365433146],[14.445836441859376,50.080816896561736],[14.44592139066878,50.0808616331141],[14.445991106646455,50.080916144817294],[14.44604291062826,50.08097833684654],[14.446074811764335,50.081045819221934],[14.446085584034252,50.08111599865031]]]},"properties":{"stopId":"U2788Z1P","nodeId":"2788","name":"U Prdlavky","hasPlatform":false,"platformLengthM":0}},{"type":"Feature","geometry":{"type":"Polygon","coordinates":[[[14.449292542993271,50.07760599865048],[14.44928177312157,50.07767617818159],[14.449249875685537,50.07774366084956],[14.449198076408104,50.07780585331663],[14.449128365854575,50.07786036553631],[14.449043422944207,50.07790510260512],[14.448946512003623,50.07793834527327],[14.448841357317805,50.07795881601868],[14.448732,50.07796572814549],[14.448622642682196,50.07795881601868],[14.448517487996378,50.07793834527327],[14.448420577055794,50.07790510260512],[14.448335634145424,50.07786036553631],[14.448265923591896,50.07780585331663],[14.448214124314465,50.07774366084956],[14.448182226878432,50.07767617818159],[14.44817145700673,50.07760599865048],[14.448182228487898,50.07753581922211],[14.448214127288368,50.0774683368467],[14.448265927477491,50.077406144817424],[14.448335638351162,50.0773516331142],[14.448420580941388,50.07730689656181],[14.448517490970282,50.0772736543315],[14.44862264429166,50.0772531838786],[14.448732,50.07724627185452],[14.448841355708339,50.0772531838786],[14.448946509029717,50.0772736543315],[14.449043419058611,50.07730689656181],[14.449128361648839,50.0773516331142],[14.44919807252251,50.077406144817424],[14.449249872711631,50.0774683368467],[14.449281771512103,50.07753581922211],[14.449292542993271,50.07760599865048]]]},"properties":{"stopId":"U209Z4P","nodeId":"209","name":"Jiřího z Poděbrad","hasPlatform":false,"platformLengthM":0}},{"type":"Feature","geometry":{"type":"Polygon","coordinates":[[[14.458994093398182,50.07624845461272],[14.458984660150785,50.07626501233544],[14.458970374784906,50.076280070837356],[14.458951786276469,50.07629305142704],[14.458929608970935,50.076303455265794],[14.45890469513149,50.0763108825382],[14.458878002186776,50.0763150478169],[14.458850555936873,50.0763157910317],[14.458823411131592,50.0763130836211],[14.458797610936132,50.07630702962997],[14.458774146841998,50.07629786171099],[14.45875392056385,50.0762859321838],[14.458737709386702,50.07627169949532],[14.45872613629523,50.07625571060157],[14.458719646033089,50.07623857994818],[14.458718488012222,50.07622096585744],[14.458722706728912,50.07620354522911],[14.458817407351603,50.0759678453395],[14.458826840598293,50.07595128763034],[14.458841125911293,50.07593622914602],[14.458859714311357,50.075923248574036],[14.458881891456198,50.075912844748565],[14.458906805092354,50.075905417481046],[14.45893349780652,50.07590125219574],[14.458960943817841,50.07590050896139],[14.458988088397316,50.0759032163399],[14.459013888399538,50.07590927028884],[14.459037352349348,50.07591843815949],[14.45905757854299,50.075930367637426],[14.459073789699683,50.075944600281375],[14.45908536283199,50.07596058914058],[14.459091853187168,50.07597771977356],[14.459093011339318,50.07599533386061],[14.459088792775491,50.07601275450235],[14.458994093398182,50.07624845461272]]]},"properties":{"stopId":"U518Z3P","nodeId":"518","name":"Orionka","hasPlatform":true,"platformLengthM":27}},{"type":"Feature","geometry":{"type":"Polygon","coordinates":[[[14.463357565803413,50.07455383058809],[14.463330113379554,50.074554455060564],[14.463302998622465,50.07455163029002],[14.46327726354259,50.0745454648314],[14.463253897129022,50.07453619562104],[14.463233797342538,50.074524178871165],[14.463217736607076,50.0745098763806],[14.46320633212585,50.07449383778782],[14.46320002216285,50.074476679448395],[14.463199049201197,50.07445906074846],[14.463203450625441,50.07444165876496],[14.46321305728578,50.074425142245744],[14.463227499999235,50.074410145910186],[14.463246223737826,50.074397246057316],[14.46326850895836,50.074386938419416],[14.463293499254153,50.07437961911147],[14.46332023426598,50.07437556940893],[14.463670333626967,50.07434536946508],[14.463697785926687,50.07434474491236],[14.463724900590043,50.074347569590955],[14.463750635621265,50.07435373495063],[14.463774002041944,50.07436300406129],[14.463794101896244,50.07437502071788],[14.46381016275845,50.07438932312891],[14.463821567416792,50.07440536166253],[14.46382787759282,50.0744225199683],[14.463828850784788,50.07444013866294],[14.463824449587655,50.074457540670096],[14.46381484313142,50.07447405723976],[14.463800400582402,50.074489053648236],[14.463781676957053,50.074501953590214],[14.463759391793381,50.07451226132632],[14.463734401499574,50.0745195807343],[14.463707666442428,50.074523630531935],[14.463357565803413,50.07455383058809]]]},"properties":{"stopId":"U855Z1P","nodeId":"855","name":"Vlašimská","hasPlatform":true,"platformLengthM":25}},{"type":"Feature","geometry":{"type":"Polygon","coordinates":[[[14.4919888079966,50.10025799864939],[14.491978033033961,50.10032817818054],[14.491946120518586,50.10039566084862],[14.4918942967528,50.10045785331588],[14.49182455324291,50.10051236553576],[14.49173957017465,50.10055710260478],[14.491642613417904,50.100590345273105],[14.491537409018415,50.10061081601864],[14.491427999999999,50.10061772814549],[14.491318590981585,50.10061081601864],[14.491213386582094,50.100590345273105],[14.49111642982535,50.10055710260478],[14.491031446757088,50.10051236553576],[14.4909617032472,50.10045785331588],[14.490909879481414,50.10039566084862],[14.490877966966037,50.10032817818054],[14.4908671920034,50.10025799864939],[14.490877968577557,50.10018781922106],[14.490909882459116,50.10012033684577],[14.490961707137755,50.10005814481666],[14.491031450968194,50.10000363311366],[14.491116433715906,50.09995889656146],[14.491213389559798,50.09992565433132],[14.491318592593105,50.09990518387855],[14.491427999999999,50.0998982718545],[14.491537407406893,50.09990518387855],[14.491642610440202,50.09992565433132],[14.491739566284092,50.09995889656146],[14.491824549031806,50.10000363311366],[14.491894292862245,50.10005814481666],[14.491946117540884,50.10012033684577],[14.491978031422441,50.10018781922106],[14.4919888079966,50.10025799864939]]]},"properties":{"stopId":"U498Z1P","nodeId":"498","name":"Novovysočanská","hasPlatform":false,"platformLengthM":0}},{"type":"Feature","geometry":{"type":"Polygon","coordinates":[[[14.496786737138386,50.09420399864968],[14.496775963536994,50.094274178180825],[14.496744055053625,50.094341660848876],[14.496692237835687,50.094403853316074],[14.49662250313787,50.09445836553591],[14.496537530807268,50.094503102604875],[14.49644058630113,50.09453634527315],[14.496335395194388,50.09455681601865],[14.496225999999998,50.09456372814549],[14.49611660480561,50.09455681601865],[14.496011413698868,50.09453634527315],[14.495914469192728,50.094503102604875],[14.495829496862127,50.09445836553591],[14.495759762164312,50.094403853316074],[14.495707944946373,50.094341660848876],[14.495676036463005,50.094274178180825],[14.495665262861612,50.09420399864968],[14.495676038073977,50.094133819221334],[14.49570794792306,50.09406633684602],[14.495759766053542,50.094004144816864],[14.495829501071798,50.09394963311379],[14.495914473081958,50.093904896561554],[14.496011416675552,50.093871654331366],[14.496116606416582,50.093851183878556],[14.496225999999998,50.0938442718545],[14.496335393583417,50.093851183878556],[14.496440583324446,50.093871654331366],[14.49653752691804,50.093904896561554],[14.496622498928199,50.09394963311379],[14.496692233946456,50.094004144816864],[14.496744052076938,50.09406633684602],[14.49677596192602,50.094133819221334],[14.496786737138386,50.09420399864968]]]},"properties":{"stopId":"U13Z2P","nodeId":"13","name":"Balkán","hasPlatform":false,"platformLengthM":0}},{"type":"Feature","geometry":{"type":"Polygon","coordinates":[[[14.498977158999875,50.09131013622536],[14.499434446126383,50.09114054109182],[14.499459469723574,50.09113325641856],[14.49948622764285,50.09112924375997],[14.49951369159762,50.091128657319416],[14.499540806169332,50.09113151963338],[14.49956652936573,50.09113772070529],[14.499589872663197,50.09114702223273],[14.499609938994498,50.091159066764874],[14.499625957222158,50.091173391438964],[14.499637311772798,50.09118944576759],[14.499643566293564,50.0912066127933],[14.49964448042149,50.091224232797785],[14.49964001902133,50.09124162865425],[14.499630353536647,50.0912581318491],[14.499615855402213,50.09127310817259],[14.499597081770606,50.091285982091314],[14.499574754101578,50.09129625886592],[14.499117453606878,50.09146585914146],[14.498795328499126,50.09158526851571],[14.498770302249127,50.09159254977089],[14.498743542735864,50.091596558762696],[14.498716078317667,50.091597141427],[14.498688964442552,50.09159427537223],[14.498663243087064,50.09158807073981],[14.498639902712862,50.091578765971576],[14.498619840280027,50.09156671864619],[14.49860382677699,50.0915523917375],[14.498592477591814,50.09153633582236],[14.498586228863473,50.09151916792199],[14.498585320721858,50.09150154778997],[14.498589788060515,50.09148415255825],[14.498599459196585,50.09146765071521],[14.498613962469348,50.0914526764162],[14.498632740523572,50.09143980511345],[14.49865507172878,50.09142953144205],[14.498977158999875,50.09131013622536]]]},"properties":{"stopId":"U694Z3P","nodeId":"694","name":"Spojovací","hasPlatform":true,"platformLengthM":64}},{"type":"Feature","geometry":{"type":"Polygon","coordinates":[[[14.512424712447858,50.09209399864979],[14.51241393932079,50.09216417818092],[14.512382032242375,50.09223166084897],[14.51233021730603,50.09229385331615],[14.512260485678778,50.092348365535955],[14.512175517089714,50.09239310260491],[14.512078576852296,50.09242634527317],[14.511973390377408,50.09244681601866],[14.511864,50.09245372814549],[14.511754609622589,50.09244681601866],[14.5116494231477,50.09242634527317],[14.511552482910282,50.09239310260491],[14.511467514321218,50.092348365535955],[14.511397782693967,50.09229385331615],[14.511345967757622,50.09223166084897],[14.511314060679206,50.09216417818092],[14.51130328755214,50.09209399864979],[14.511314062289985,50.09202381922144],[14.511345970733956,50.09195633684611],[14.511397786582734,50.09189414481693],[14.511467518530388,50.09183963311386],[14.511552486799049,50.09179489656159],[14.511649426124032,50.091761654331386],[14.511754611233368,50.09174118387857],[14.511864,50.091734271854506],[14.511973388766629,50.09174118387857],[14.512078573875966,50.091761654331386],[14.51217551320095,50.09179489656159],[14.51226048146961,50.09183963311386],[14.512330213417263,50.09189414481693],[14.51238202926604,50.09195633684611],[14.512413937710011,50.09202381922144],[14.512424712447858,50.09209399864979]]]},"properties":{"stopId":"U574Z1P","nodeId":"574","name":"Pod Táborem","hasPlatform":false,"platformLengthM":0}},{"type":"Feature","geometry":{"type":"Polygon","coordinates":[[[14.512712715174207,50.09232699864978],[14.512701941994765,50.09239717818092],[14.512670034761213,50.09246466084895],[14.512618219572932,50.09252685331615],[14.512548487606626,50.09258136553594],[14.512463518604422,50.0926261026049],[14.51236657789565,50.09265934527315],[14.512261390909307,50.09267981601866],[14.512152000000002,50.09268672814549],[14.512042609090695,50.09267981601866],[14.511937422104355,50.09265934527315],[14.511840481395582,50.0926261026049],[14.511755512393377,50.09258136553594],[14.511685780427072,50.09252685331615],[14.511633965238792,50.09246466084895],[14.511602058005238,50.09239717818092],[14.511591284825796,50.09232699864978],[14.51160205961604,50.092256819221426],[14.511633968215163,50.09218933684609],[14.511685784315889,50.09212714481693],[14.511755516602602,50.09207263311384],[14.5118404852844,50.09202789656159],[14.511937425080728,50.09199465433139],[14.512042610701497,50.09197418387857],[14.512152000000002,50.091967271854514],[14.512261389298507,50.09197418387857],[14.512366574919277,50.09199465433139],[14.512463514715602,50.09202789656159],[14.512548483397401,50.09207263311384],[14.512618215684116,50.09212714481693],[14.51267003178484,50.09218933684609],[14.512701940383964,50.092256819221426],[14.512712715174207,50.09232699864978]]]},"properties":{"stopId":"U574Z2P","nodeId":"574","name":"Pod Táborem","hasPlatform":false,"platformLengthM":0}},{"type":"Feature","geometry":{"type":"Polygon","coordinates":[[[14.498575715045497,50.09231599864978],[14.498564941868523,50.09238617818091],[14.498533034642294,50.09245366084895],[14.498481219465912,50.09251585331615],[14.498411487515613,50.092570365535956],[14.498326518532911,50.09261510260491],[14.498229577846393,50.09264834527317],[14.498124390884195,50.09266881601866],[14.498015000000002,50.09267572814549],[14.49790560911581,50.09266881601866],[14.497800422153611,50.09264834527317],[14.497703481467093,50.09261510260491],[14.497618512484392,50.092570365535956],[14.497548780534093,50.09251585331615],[14.49749696535771,50.09245366084895],[14.497465058131482,50.09238617818091],[14.497454284954507,50.09231599864978],[14.497465059742279,50.09224581922144],[14.49749696833408,50.0921783368461],[14.497548784422909,50.09211614481693],[14.497618516693615,50.09206163311385],[14.497703485355908,50.09201689656159],[14.49780042512998,50.09198365433139],[14.497905610726608,50.09196318387857],[14.498015000000002,50.091956271854514],[14.498124389273396,50.09196318387857],[14.498229574870024,50.09198365433139],[14.498326514644097,50.09201689656159],[14.49841148330639,50.09206163311385],[14.498481215577096,50.09211614481693],[14.498533031665925,50.0921783368461],[14.498564940257724,50.09224581922144],[14.498575715045497,50.09231599864978]]]},"properties":{"stopId":"U694Z4P","nodeId":"694","name":"Spojovací","hasPlatform":false,"platformLengthM":0}},{"type":"Feature","geometry":{"type":"Polygon","coordinates":[[[14.496825751158298,50.09540199864964],[14.49681497728757,50.09547217818077],[14.496783068006433,50.09553966084883],[14.496731249492946,50.09560185331605],[14.496661513051585,50.09565636553587],[14.496576538596445,50.09570110260486],[14.49647959166642,50.09573434527313],[14.496374397929593,50.09575481601865],[14.496265000000001,50.0957617281455],[14.49615560207041,50.09575481601865],[14.496050408333582,50.09573434527313],[14.495953461403555,50.09570110260486],[14.495868486948417,50.09565636553587],[14.495798750507054,50.09560185331605],[14.495746931993567,50.09553966084883],[14.495715022712432,50.09547217818077],[14.495704248841703,50.09540199864964],[14.495715024323513,50.095331819221286],[14.495746934970455,50.09526433684596],[14.495798754396546,50.09520214481683],[14.49586849115837,50.09514763311376],[14.495953465293045,50.095102896561535],[14.49605041131047,50.09506965433136],[14.496155603681487,50.09504918387857],[14.496265000000001,50.09504227185451],[14.496374396318513,50.09504918387857],[14.496479588689532,50.09506965433136],[14.496576534706955,50.095102896561535],[14.49666150884163,50.09514763311376],[14.496731245603454,50.09520214481683],[14.496783065029545,50.09526433684596],[14.496814975676488,50.095331819221286],[14.496825751158298,50.09540199864964]]]},"properties":{"stopId":"U13Z1P","nodeId":"13","name":"Balkán","hasPlatform":false,"platformLengthM":0}},{"type":"Feature","geometry":{"type":"Polygon","coordinates":[[[14.492175810045225,50.10043299864939],[14.49216503504323,50.10050317818054],[14.492133122411284,50.10057066084861],[14.49208129845619,50.10063285331587],[14.492011554691528,50.10068736553575],[14.491926571312822,50.10073210260478],[14.491829614201894,50.10076534527309],[14.49172440941809,50.100785816018636],[14.491615000000001,50.10079272814549],[14.491505590581912,50.100785816018636],[14.491400385798109,50.10076534527309],[14.49130342868718,50.10073210260478],[14.491218445308474,50.10068736553575],[14.491148701543812,50.10063285331587],[14.491096877588717,50.10057066084861],[14.491064964956772,50.10050317818054],[14.491054189954777,50.10043299864939],[14.491064966568308,50.100362819221054],[14.491096880566452,50.100295336845754],[14.491148705434407,50.100233144816656],[14.491218449519621,50.100178633113636],[14.491303432577775,50.100133896561466],[14.49140038877584,50.10010065433133],[14.491505592193448,50.10008018387855],[14.491615000000001,50.10007327185451],[14.491724407806554,50.10008018387855],[14.491829611224162,50.10010065433133],[14.491926567422228,50.100133896561466],[14.492011550480381,50.100178633113636],[14.492081294565596,50.100233144816656],[14.49213311943355,50.100295336845754],[14.492165033431695,50.100362819221054],[14.492175810045225,50.10043299864939]]]},"properties":{"stopId":"U498Z2P","nodeId":"498","name":"Novovysočanská","hasPlatform":false,"platformLengthM":0}},{"type":"Feature","geometry":{"type":"Polygon","coordinates":[[[14.47064047624593,50.07189599865076],[14.4706297076565,50.07196617818185],[14.470597814018555,50.07203366084979],[14.470546020909094,50.072095853316824],[14.470476318656399,50.072150365536444],[14.470391385860744,50.07219510260521],[14.470294486460041,50.072228345273295],[14.470189344295783,50.072248816018686],[14.470079999999998,50.07225572814549],[14.469970655704214,50.072248816018686],[14.469865513539954,50.072228345273295],[14.469768614139253,50.07219510260521],[14.469683681343598,50.072150365536444],[14.469613979090903,50.072095853316824],[14.469562185981442,50.07203366084979],[14.469530292343498,50.07196617818185],[14.469519523754068,50.07189599865076],[14.469530293952447,50.071825819222376],[14.469562188954392,50.07175833684693],[14.469613982975249,50.07169614481761],[14.469683685547983,50.07164163311433],[14.469768618023597,50.071596896561886],[14.469865516512906,50.07156365433154],[14.469970657313162,50.07154318387861],[14.470079999999998,50.07153627185451],[14.470189342686835,50.07154318387861],[14.470294483487091,50.07156365433154],[14.470391381976398,50.071596896561886],[14.470476314452014,50.07164163311433],[14.470546017024748,50.07169614481761],[14.470597811045604,50.07175833684693],[14.470629706047548,50.071825819222376],[14.47064047624593,50.07189599865076]]]},"properties":{"stopId":"U29Z3P","nodeId":"29","name":"Bělocerkevská","hasPlatform":false,"platformLengthM":0}},{"type":"Feature","geometry":{"type":"Polygon","coordinates":[[[14.474460555620402,50.078685998650435],[14.474449785506122,50.07875617818153],[14.474417887351574,50.07882366084951],[14.474366086907297,50.07888585331659],[14.474296374783433,50.078940365536276],[14.474211429959583,50.07898510260511],[14.474114516835908,50.07901834527325],[14.474009359781286,50.079038816018674],[14.473900000000002,50.07904572814549],[14.473790640218716,50.079038816018674],[14.473685483164095,50.07901834527325],[14.47358857004042,50.07898510260511],[14.47350362521657,50.078940365536276],[14.473433913092705,50.07888585331659],[14.473382112648428,50.07882366084951],[14.47335021449388,50.07875617818153],[14.4733394443796,50.078685998650435],[14.473350216103444,50.078615819222065],[14.473382115622515,50.07854833684665],[14.473433916978534,50.07848614481738],[14.473503629422563,50.07843163311417],[14.47358857392625,50.07838689656178],[14.473685486138182,50.07835365433149],[14.47379064182828,50.07833318387859],[14.473900000000002,50.078326271854515],[14.474009358171722,50.07833318387859],[14.47411451386182,50.07835365433149],[14.474211426073753,50.07838689656178],[14.47429637057744,50.07843163311417],[14.474366083021469,50.07848614481738],[14.474417884377488,50.07854833684665],[14.474449783896558,50.078615819222065],[14.474460555620402,50.078685998650435]]]},"properties":{"stopId":"U921Z7P","nodeId":"921","name":"Želivského","hasPlatform":false,"platformLengthM":0}},{"type":"Feature","geometry":{"type":"Polygon","coordinates":[[[14.47300729460883,50.077728645176215],[14.473034371940813,50.07773175046984],[14.473059982487358,50.0777381902415],[14.473083139558188,50.07774771638815],[14.47310295098595,50.07775996189874],[14.473118653498267,50.077774454993786],[14.473129642124217,50.077790637301234],[14.473135493502285,50.077807885368564],[14.473135982191774,50.07782553468226],[14.473098983043323,50.07811973472665],[14.473094083957278,50.07813711931798],[14.473083983527799,50.07815355384818],[14.473069071527858,50.07816840410467],[14.473049923411613,50.07818109701184],[14.473027278107887,50.07819114274641],[14.47300200950483,50.07819815364003],[14.472975092726097,50.078201859139725],[14.472947566500046,50.078202116248924],[14.472927480036102,50.07820103315529],[14.472908193688761,50.078200049157935],[14.472881133424755,50.078196932417704],[14.472855542120321,50.07819048521984],[14.47283240473557,50.078180955704795],[14.472812611782523,50.078168710645386],[14.472796925050796,50.07815422133025],[14.472785948287866,50.07813804542458],[14.472780103962412,50.07812080550659],[14.47277961700499,50.07810316510544],[14.472816617856543,50.07780896514983],[14.472821520958282,50.07779157163492],[14.472831630642101,50.07777512953005],[14.472846556360942,50.07776027400166],[14.472865721523485,50.07774757892541],[14.472888385768563,50.07773753471736],[14.472913673565754,50.07773052938913],[14.472940608037304,50.07772683355909],[14.472968148694827,50.07772658999846],[14.472987921758243,50.07772766674946],[14.47300729460883,50.077728645176215]]]},"properties":{"stopId":"U921Z10P","nodeId":"921","name":"Želivského","hasPlatform":true,"platformLengthM":71}},{"type":"Feature","geometry":{"type":"Polygon","coordinates":[[[14.470859484532658,50.07260499865073],[14.470848715784031,50.07267517818182],[14.470816821674552,50.07274266084977],[14.470765027799333,50.072804853316796],[14.470695324516088,50.072859365536424],[14.470610390464683,50.0729041026052],[14.470513489631298,50.072937345273296],[14.470408345912478,50.07295781601869],[14.470299000000002,50.07296472814549],[14.470189654087527,50.07295781601869],[14.470084510368707,50.072937345273296],[14.469987609535321,50.0729041026052],[14.469902675483917,50.072859365536424],[14.469832972200672,50.072804853316796],[14.469781178325453,50.07274266084977],[14.469749284215972,50.07267517818182],[14.469738515467345,50.07260499865073],[14.469749285824983,50.07253481922234],[14.46978118129852,50.07246733684691],[14.469832976085172,50.07240514481759],[14.46990267968847,50.072350633114326],[14.469987613419821,50.07230589656188],[14.470084513341774,50.072272654331535],[14.470189655696538,50.072252183878604],[14.470299000000002,50.07224527185451],[14.470408344303467,50.072252183878604],[14.470513486658229,50.072272654331535],[14.470610386580184,50.07230589656188],[14.470695320311535,50.072350633114326],[14.470765023914833,50.07240514481759],[14.470816818701483,50.07246733684691],[14.470848714175021,50.07253481922234],[14.470859484532658,50.07260499865073]]]},"properties":{"stopId":"U29Z1P","nodeId":"29","name":"Bělocerkevská","hasPlatform":false,"platformLengthM":0}},{"type":"Feature","geometry":{"type":"Polygon","coordinates":[[[14.48914857568509,50.08040199865034],[14.489137805185349,50.080472178181445],[14.48910590588907,50.080539660849425],[14.48905410359066,50.08060185331654],[14.488984388971511,50.080656365536235],[14.488899441107112,50.08070110260507],[14.488802524514474,50.080734345273235],[14.488697363695788,50.08075481601867],[14.488588,50.08076172814548],[14.488478636304214,50.08075481601867],[14.488373475485528,50.080734345273235],[14.48827655889289,50.08070110260507],[14.488191611028489,50.080656365536235],[14.488121896409341,50.08060185331654],[14.488070094110931,50.080539660849425],[14.488038194814653,50.080472178181445],[14.488027424314911,50.08040199865034],[14.488038196424373,50.08033181922197],[14.488070097085304,50.080264336846575],[14.488121900295546,50.08020214481731],[14.488191615234888,50.080147633114116],[14.488276562779095,50.08010289656175],[14.488373478459902,50.08006965433147],[14.488478637913934,50.08004918387857],[14.488588,50.080042271854495],[14.488697362086068,50.08004918387857],[14.4888025215401,50.08006965433147],[14.488899437220907,50.08010289656175],[14.488984384765114,50.080147633114116],[14.489054099704456,50.08020214481731],[14.489105902914698,50.080264336846575],[14.489137803575629,50.08033181922197],[14.48914857568509,50.08040199865034]]]},"properties":{"stopId":"U418Z2P","nodeId":"418","name":"Na Palouku","hasPlatform":false,"platformLengthM":0}},{"type":"Feature","geometry":{"type":"Polygon","coordinates":[[[14.482511620615504,50.08424399865017],[14.482500849252611,50.08431417818129],[14.482468947399681,50.084381660849296],[14.482417140949359,50.084443853316415],[14.482347420742569,50.08449836553615],[14.482262466069532,50.08454310260503],[14.48216554170892,50.08457634527321],[14.48206037246145,50.084596816018674],[14.481951,50.084603728145495],[14.481841627538552,50.084596816018674],[14.481736458291083,50.08457634527321],[14.481639533930469,50.08454310260503],[14.481554579257432,50.08449836553615],[14.481484859050644,50.084443853316415],[14.48143305260032,50.084381660849296],[14.481401150747391,50.08431417818129],[14.481390379384498,50.08424399865017],[14.481401152357458,50.0841738192218],[14.481433055575337,50.084106336846425],[14.481484862937691,50.0840441448172],[14.481554583464744,50.083989633114044],[14.481639537817514,50.0839448965617],[14.481736461266097,50.08391165433145],[14.481841629148619,50.083891183878585],[14.481951,50.083884271854515],[14.482060370851384,50.083891183878585],[14.482165538733904,50.08391165433145],[14.482262462182488,50.0839448965617],[14.482347416535259,50.083989633114044],[14.48241713706231,50.0840441448172],[14.482468944424664,50.084106336846425],[14.482500847642545,50.0841738192218],[14.482511620615504,50.08424399865017]]]},"properties":{"stopId":"U767Z2P","nodeId":"767","name":"Třebešín","hasPlatform":false,"platformLengthM":0}},{"type":"Feature","geometry":{"type":"Polygon","coordinates":[[[14.482502649658214,50.08672699865006],[14.482491877737388,50.08679717818117],[14.482459974231855,50.08686466084919],[14.48240816509776,50.086926853316335],[14.48233844127916,50.08698136553609],[14.48225348220507,50.087026102604995],[14.482156552823295,50.087059345273204],[14.482051378127515,50.08707981601867],[14.481942,50.0870867281455],[14.481832621872485,50.08707981601867],[14.481727447176707,50.087059345273204],[14.48163051779493,50.087026102604995],[14.481545558720843,50.08698136553609],[14.48147583490224,50.086926853316335],[14.481424025768145,50.08686466084919],[14.481392122262612,50.08679717818117],[14.481381350341787,50.08672699865006],[14.481392123872904,50.086656819221695],[14.481424028743577,50.08658933684633],[14.481475838789832,50.08652714481712],[14.481545562928737,50.08647263311399],[14.481630521682522,50.086427896561666],[14.48172745015214,50.086394654331436],[14.481832623482777,50.08637418387858],[14.481942,50.086367271854506],[14.482051376517223,50.08637418387858],[14.48215654984786,50.086394654331436],[14.48225347831748,50.086427896561666],[14.482338437071263,50.08647263311399],[14.482408161210168,50.08652714481712],[14.482459971256425,50.08658933684633],[14.482491876127096,50.086656819221695],[14.482502649658214,50.08672699865006]]]},"properties":{"stopId":"U357Z2P","nodeId":"357","name":"Malešická","hasPlatform":false,"platformLengthM":0}},{"type":"Feature","geometry":{"type":"Polygon","coordinates":[[[14.478214658981283,50.087523998650006],[14.478203886881353,50.08759417818113],[14.478171982845316,50.08766166084915],[14.478120172849696,50.0877238533163],[14.478050447871661,50.087778365536074],[14.477965487384777,50.08782310260497],[14.477868556391146,50.087856345273195],[14.477763379946394,50.087876816018664],[14.477654000000001,50.087883728145485],[14.477544620053608,50.087876816018664],[14.477439443608857,50.087856345273195],[14.477342512615225,50.08782310260497],[14.477257552128341,50.087778365536074],[14.477187827150306,50.0877238533163],[14.477136017154685,50.08766166084915],[14.47710411311865,50.08759417818113],[14.477093341018719,50.087523998650006],[14.477104114729014,50.08745381922166],[14.477136020130253,50.087386336846286],[14.477187831038071,50.08732414481708],[14.47725755633643,50.087269633113955],[14.477342516502988,50.08722489656165],[14.477439446584425,50.08719165433142],[14.477544621663975,50.087171183878574],[14.477654000000001,50.08716427185452],[14.477763378336027,50.087171183878574],[14.477868553415577,50.08719165433142],[14.477965483497012,50.08722489656165],[14.478050443663573,50.087269633113955],[14.478120168961931,50.08732414481708],[14.47817197986975,50.087386336846286],[14.478203885270988,50.08745381922166],[14.478214658981283,50.087523998650006]]]},"properties":{"stopId":"U1064Z2P","nodeId":"1064","name":"Olgy Havlové","hasPlatform":false,"platformLengthM":0}},{"type":"Feature","geometry":{"type":"Polygon","coordinates":[[[14.47184765653642,50.087314998650015],[14.471836884483459,50.087385178181144],[14.47180498058654,50.087452660849145],[14.471753170816847,50.08751485331631],[14.471683446142857,50.087569365536055],[14.471598486026462,50.087614102604974],[14.471501555455518,50.087647345273176],[14.471396379469414,50.087667816018666],[14.471287,50.08767472814549],[14.471177620530586,50.087667816018666],[14.471072444544482,50.087647345273176],[14.470975513973537,50.087614102604974],[14.470890553857144,50.087569365536055],[14.470820829183154,50.08751485331631],[14.47076901941346,50.087452660849145],[14.470737115516542,50.087385178181144],[14.470726343463578,50.087314998650015],[14.470737117126887,50.08724481922165],[14.470769022388989,50.08717733684628],[14.470820833070873,50.08711514481709],[14.47089055806518,50.08706063311396],[14.470975517861257,50.08701589656165],[14.471072447520015,50.086982654331415],[14.471177622140933,50.08696218387857],[14.471287,50.08695527185451],[14.471396377859067,50.08696218387857],[14.471501552479985,50.086982654331415],[14.471598482138743,50.08701589656165],[14.47168344193482,50.08706063311396],[14.471753166929126,50.08711514481709],[14.47180497761101,50.08717733684628],[14.471836882873111,50.08724481922165],[14.47184765653642,50.087314998650015]]]},"properties":{"stopId":"U16Z2P","nodeId":"16","name":"Basilejské náměstí","hasPlatform":false,"platformLengthM":0}},{"type":"Feature","geometry":{"type":"Polygon","coordinates":[[[14.467506690533089,50.090220998649876],[14.467495917827021,50.090291178181005],[14.46746401199561,50.09035866084904],[14.467412199084361,50.09042085331622],[14.467342470182476,50.090475365536],[14.467257504914318,50.090520102604934],[14.467160568465724,50.09055334527317],[14.467055386101965,50.090573816018654],[14.466946000000002,50.09058072814549],[14.466836613898037,50.090573816018654],[14.466731431534278,50.09055334527317],[14.466634495085684,50.090520102604934],[14.466549529817527,50.090475365536],[14.466479800915641,50.09042085331622],[14.466427988004392,50.09035866084904],[14.466396082172981,50.090291178181005],[14.466385309466915,50.090220998649876],[14.46639608378359,50.09015081922153],[14.46642799098041,50.09008333684618],[14.466479804803997,50.090021144816994],[14.466549534026253,50.0899666331139],[14.46663449897404,50.08992189656161],[14.466731434510297,50.0898886543314],[14.466836615508644,50.089868183878565],[14.466946000000002,50.08986127185451],[14.467055384491358,50.089868183878565],[14.467160565489705,50.0898886543314],[14.467257501025962,50.08992189656161],[14.467342465973749,50.0899666331139],[14.467412195196005,50.090021144816994],[14.467464009019594,50.09008333684618],[14.467495916216414,50.09015081922153],[14.467506690533089,50.090220998649876]]]},"properties":{"stopId":"U512Z5P","nodeId":"512","name":"Ohrada","hasPlatform":false,"platformLengthM":0}},{"type":"Feature","geometry":{"type":"Polygon","coordinates":[[[14.461677675721743,50.08895499864993],[14.461666903300214,50.089025178181046],[14.461634998311606,50.089092660849076],[14.461583186769039,50.08915485331624],[14.46151345970912,50.08920936553602],[14.461428496685436,50.08925410260494],[14.461331562797561,50.08928734527316],[14.461226383212358,50.08930781601864],[14.461117,50.089314728145474],[14.461007616787642,50.08930781601864],[14.460902437202439,50.08928734527316],[14.460805503314562,50.08925410260494],[14.460720540290879,50.08920936553602],[14.460650813230961,50.08915485331624],[14.460599001688394,50.089092660849076],[14.460567096699785,50.089025178181046],[14.460556324278256,50.08895499864993],[14.46056709831028,50.088884819221576],[14.4605990046642,50.08881733684622],[14.46065081711904,50.08875514481703],[14.460720544499303,50.088700633113916],[14.460805507202641,50.088655896561626],[14.460902440178245,50.0886226543314],[14.461007618398135,50.088602183878564],[14.461117,50.0885952718545],[14.461226381601865,50.088602183878564],[14.461331559821753,50.0886226543314],[14.461428492797358,50.088655896561626],[14.461513455500697,50.088700633113916],[14.46158318288096,50.08875514481703],[14.461634995335798,50.08881733684622],[14.461666901689718,50.088884819221576],[14.461677675721743,50.08895499864993]]]},"properties":{"stopId":"U69Z2P","nodeId":"69","name":"Černínova","hasPlatform":false,"platformLengthM":0}},{"type":"Feature","geometry":{"type":"Polygon","coordinates":[[[14.457362663449949,50.08790599865],[14.457351891264175,50.087976178181115],[14.45731998697386,50.08804366084913],[14.4572681765653,50.0881058533163],[14.45719845103153,50.088160365536055],[14.457113489867478,50.088205102604974],[14.45701655810126,50.08823834527318],[14.456911380818203,50.088258816018666],[14.456801999999998,50.088265728145494],[14.456692619181794,50.088258816018666],[14.456587441898737,50.08823834527318],[14.45649051013252,50.088205102604974],[14.456405548968467,50.088160365536055],[14.456335823434697,50.0881058533163],[14.456284013026139,50.08804366084913],[14.456252108735823,50.087976178181115],[14.456241336550047,50.08790599865],[14.456252110346224,50.08783581922164],[14.45628401600177,50.087768336846274],[14.456335827322548,50.08770614481708],[14.456405553176646,50.087651633113936],[14.45649051402037,50.08760689656165],[14.456587444874367,50.087573654331415],[14.456692620792195,50.087553183878576],[14.456801999999998,50.087546271854514],[14.456911379207803,50.087553183878576],[14.457016555125628,50.087573654331415],[14.457113485979628,50.08760689656165],[14.45719844682335,50.087651633113936],[14.45726817267745,50.08770614481708],[14.457319983998227,50.087768336846274],[14.457351889653774,50.08783581922164],[14.457362663449949,50.08790599865]]]},"properties":{"stopId":"U2787Z2P","nodeId":"2787","name":"Lukášova","hasPlatform":false,"platformLengthM":0}},{"type":"Feature","geometry":{"type":"Polygon","coordinates":[[[14.45289175552232,50.087347068077555],[14.452918551930665,50.08735096760847],[14.452943647771095,50.0873581464099],[14.452966078628448,50.08736832860587],[14.452984982499387,50.087381122902094],[14.452999632918454,50.08739603762283],[14.45300946687573,50.08741249960538],[14.453014106453418,50.08742987622627],[14.453013373349638,50.087447499712304],[14.453007295731322,50.08746469280269],[14.452996107152671,50.08748079477583],[14.452980237580585,50.087495186840535],[14.452960296871874,50.087507315916014],[14.4529370513371,50.08751671588689],[14.45291139429165,50.087523025515814],[14.452884311725738,50.087526002326044],[14.452856844412684,50.08752553191983],[14.452496743752816,50.08749653186584],[14.452469947297407,50.08749263223783],[14.452444851457509,50.0874854533343],[14.452422420656076,50.08747527103791],[14.452403516898176,50.08746247665033],[14.452388866644307,50.087447561854596],[14.452379032892997,50.08743109981961],[14.452374393545442,50.08741372317344],[14.452375126883664,50.08739609969144],[14.452381204720055,50.08737890663402],[14.452392393481501,50.08736280471997],[14.452408263186275,50.08734841273543],[14.452428203968577,50.08733628375448],[14.452451449515637,50.08732688388521],[14.452477106516636,50.08732057435764],[14.452504188991764,50.087317597642134],[14.452531656182186,50.087318068131545],[14.45289175552232,50.087347068077555]]]},"properties":{"stopId":"U745Z2P","nodeId":"745","name":"Tachovské náměstí","hasPlatform":true,"platformLengthM":26}},{"type":"Feature","geometry":{"type":"Polygon","coordinates":[[[14.445694651892437,50.08691799865003],[14.445683879928689,50.08698817818115],[14.445651976296025,50.08705566084917],[14.445600166955472,50.08711785331632],[14.445530442859017,50.08717236553608],[14.44544548344636,50.087217102604974],[14.44534855367831,50.08725034527318],[14.445243378563399,50.08727081601866],[14.445134,50.08727772814548],[14.445024621436602,50.08727081601866],[14.444919446321691,50.08725034527318],[14.444822516553641,50.087217102604974],[14.444737557140984,50.08717236553608],[14.444667833044528,50.08711785331632],[14.444616023703976,50.08705566084917],[14.444584120071312,50.08698817818115],[14.444573348107564,50.08691799865003],[14.44458412168162,50.086847819221674],[14.44461602667944,50.08678033684631],[14.444667836932162,50.08671814481709],[14.444737561348928,50.08666363311397],[14.444822520441274,50.08661889656166],[14.444919449297156,50.08658565433142],[14.44502462304691,50.08656518387856],[14.445134,50.08655827185451],[14.44524337695309,50.08656518387856],[14.445348550702844,50.08658565433142],[14.445445479558726,50.08661889656166],[14.445530438651073,50.08666363311397],[14.445600163067839,50.08671814481709],[14.44565197332056,50.08678033684631],[14.44568387831838,50.086847819221674],[14.445694651892437,50.08691799865003]]]},"properties":{"stopId":"U789Z2P","nodeId":"789","name":"U Památníku","hasPlatform":false,"platformLengthM":0}},{"type":"Feature","geometry":{"type":"Polygon","coordinates":[[[14.443845674563551,50.08885599864995],[14.443834902164275,50.08892617818107],[14.443802997241567,50.08899366084909],[14.443751185806025,50.08905585331626],[14.443681458890145,50.08911036553603],[14.443596496041968,50.08915510260496],[14.44349956235433,50.08918834527318],[14.4433943829864,50.089208816018655],[14.443284999999998,50.08921572814549],[14.443175617013598,50.089208816018655],[14.443070437645666,50.08918834527318],[14.44297350395803,50.08915510260496],[14.44288854110985,50.08911036553603],[14.442818814193972,50.08905585331626],[14.44276700275843,50.08899366084909],[14.442735097835723,50.08892617818107],[14.442724325436444,50.08885599864995],[14.442735099446208,50.08878581922159],[14.442767005734217,50.088718336846235],[14.442818818082028,50.08865614481705],[14.442888545318253,50.088601633113925],[14.442973507846085,50.088556896561634],[14.443070440621458,50.08852365433141],[14.44317561862408,50.08850318387858],[14.443284999999998,50.08849627185452],[14.443394381375915,50.08850318387858],[14.44349955937854,50.08852365433141],[14.443596492153912,50.088556896561634],[14.443681454681744,50.088601633113925],[14.44375118191797,50.08865614481705],[14.443802994265779,50.088718336846235],[14.443834900553789,50.08878581922159],[14.443845674563551,50.08885599864995]]]},"properties":{"stopId":"U3018Z2P","nodeId":"3018","name":"Pernerova","hasPlatform":false,"platformLengthM":0}},{"type":"Feature","geometry":{"type":"Polygon","coordinates":[[[14.440144705263586,50.09147999864982],[14.440133932274534,50.091550178180945],[14.44010202560492,50.09161766084898],[14.44005021133246,50.09167985331617],[14.43998048059866,50.09173436553596],[14.439895513098284,50.09177910260492],[14.439798574102946,50.091812345273155],[14.439693388975801,50.091832816018645],[14.439584000000002,50.091839728145494],[14.439474611024202,50.091832816018645],[14.439369425897057,50.091812345273155],[14.43927248690172,50.09177910260492],[14.439187519401344,50.09173436553596],[14.439117788667541,50.09167985331617],[14.439065974395083,50.09161766084898],[14.439034067725467,50.091550178180945],[14.439023294736417,50.09147999864982],[14.439034069336193,50.09140981922146],[14.439065977371312,50.09134233684613],[14.439117792556175,50.09128014481694],[14.43918752361037,50.091225633113865],[14.439272490790351,50.09118089656159],[14.439369428873286,50.091147654331394],[14.439474612634925,50.09112718387857],[14.439584000000002,50.09112027185451],[14.439693387365079,50.09112718387857],[14.439798571126715,50.091147654331394],[14.439895509209652,50.09118089656159],[14.439980476389634,50.091225633113865],[14.440050207443829,50.09128014481694],[14.440102022628691,50.09134233684613],[14.44013393066381,50.09140981922146],[14.440144705263586,50.09147999864982]]]},"properties":{"stopId":"U689Z3P","nodeId":"689","name":"Florenc","hasPlatform":false,"platformLengthM":0}},{"type":"Feature","geometry":{"type":"Polygon","coordinates":[[[14.441801691118078,50.090270998649885],[14.441790918400772,50.090341178181006],[14.441759012536071,50.09040866084905],[14.441707199570766,50.09047085331622],[14.44163747059613,50.09052536553601],[14.441552505239327,50.090570102604936],[14.441455568689594,50.09060334527318],[14.441350386216094,50.09062381601866],[14.441241000000002,50.0906307281455],[14.44113161378391,50.09062381601866],[14.441026431310409,50.09060334527318],[14.440929494760676,50.090570102604936],[14.440844529403874,50.09052536553601],[14.440774800429237,50.09047085331622],[14.44072298746393,50.09040866084905],[14.440691081599232,50.090341178181006],[14.440680308881925,50.090270998649885],[14.440691083209845,50.090200819221536],[14.440722990439957,50.090133336846186],[14.440774804317604,50.090071144817],[14.440844533612609,50.0900166331139],[14.440929498649044,50.08997189656162],[14.441026434286439,50.08993865433141],[14.441131615394523,50.089918183878574],[14.441241000000002,50.08991127185451],[14.44135038460548,50.089918183878574],[14.441455565713564,50.08993865433141],[14.441552501350959,50.08997189656162],[14.441637466387393,50.0900166331139],[14.441707195682397,50.090071144817],[14.441759009560046,50.090133336846186],[14.441790916790158,50.090200819221536],[14.441801691118078,50.090270998649885]]]},"properties":{"stopId":"U689Z6P","nodeId":"689","name":"Florenc","hasPlatform":false,"platformLengthM":0}},{"type":"Feature","geometry":{"type":"Polygon","coordinates":[[[14.44326962913108,50.08884862846124],[14.443273449161152,50.08886608702557],[14.443271887181737,50.08888368828058],[14.443265003213023,50.08890075581971],[14.443253061796964,50.088916633746095],[14.443236521831846,50.088930711878454],[14.443216018937646,50.08894244920025],[14.44319234102975,50.08895139465095],[14.443166398039715,50.088957204460236],[14.443139186946672,50.08895965535927],[14.443111753463278,50.0889586531608],[14.443085151848717,50.088954236379],[14.443060404393227,50.08894657474923],[14.443038462131275,50.08893596270509],[14.443020168293298,50.08892280806327],[14.443006225900561,50.08890761635115],[14.442997170748566,50.08889097137935],[14.442922571277286,50.08869337129206],[14.442918751388799,50.088675912716226],[14.442920313491136,50.088658311465956],[14.442927197547773,50.088641243947194],[14.442939139003176,50.08862536605425],[14.44295567895027,50.08861128796413],[14.442976181766557,50.08859955068818],[14.44299985954097,50.08859060528144],[14.443025802352748,50.088584795509256],[14.443053013238757,50.08858234463676],[14.44308044650552,50.08858334684905],[14.44310704791378,50.08858776363192],[14.443131795191448,50.08859542525178],[14.443153737318154,50.08860603727834],[14.443172031071878,50.08861919189916],[14.443185973433266,50.08863438359142],[14.443195028602355,50.08865102854854],[14.44326962913108,50.08884862846124]]]},"properties":{"stopId":"U3018Z1P","nodeId":"3018","name":"Pernerova","hasPlatform":true,"platformLengthM":23}},{"type":"Feature","geometry":{"type":"Polygon","coordinates":[[[14.446872889839561,50.08659756881577],[14.446900245562194,50.08659922043798],[14.446926573473476,50.08660426458816],[14.446950861811429,50.08661250742351],[14.446972177192126,50.08662363217801],[14.446989700478637,50.086637211335436],[14.447002758259796,50.086652723058215],[14.447010848729192,50.0866695712411],[14.447013660969802,50.08668710841896],[14.447011086903073,50.08670466064821],[14.447003225443213,50.086721553406214],[14.446990378696832,50.08673713751271],[14.446973040353903,50.08675081407769],[14.446951876716026,50.0867620575166],[14.446927701091036,50.08677043574853],[14.44690144253784,50.08677562680117],[14.446874110162733,50.086777431184224],[14.44644420935611,50.08677863118648],[14.446416853546795,50.086776979457134],[14.446390525594284,50.08677193519166],[14.446366237271906,50.08676369223942],[14.446344921969565,50.08675256737396],[14.446327398823556,50.0867389881195],[14.44631434123747,50.08672347632097],[14.44630625100381,50.08670662808968],[14.446303439020895,50.08668909089476],[14.446306013345936,50.086671538681145],[14.446313875043325,50.08665464597021],[14.446326721987557,50.08663906193836],[14.44634406047449,50.08662538546964],[14.446365224194594,50.08661414214123],[14.446389399839076,50.086605764026096],[14.446415658354669,50.08660057308895],[14.446442990646178,50.08659876881352],[14.446872889839561,50.08659756881577]]]},"properties":{"stopId":"U789Z1P","nodeId":"789","name":"U Památníku","hasPlatform":true,"platformLengthM":31}},{"type":"Feature","geometry":{"type":"Polygon","coordinates":[[[14.452187834988376,50.08714562436325],[14.452213430113565,50.087152036359996],[14.452236583824208,50.08716152899603],[14.45225640633865,50.08717373747636],[14.452272135889011,50.08718819263782],[14.452283167995486,50.087204338978395],[14.452289078696442,50.08722155600466],[14.452289640841668,50.08723918207676],[14.4522848328224,50.08725653983467],[14.452274839402639,50.087272962228866],[14.452260044619607,50.08728781815468],[14.452241017026067,50.087300536705506],[14.452218487841526,50.08731062911271],[14.452193322851928,50.08731770752895],[14.452166489137667,50.087321499933324],[14.452139017908626,50.087321860585035],[14.452111964874577,50.0873187756244],[14.4516734641451,50.087239675481506],[14.451647869045349,50.087233263366045],[14.45162471541665,50.08722377061294],[14.451604893042424,50.08721156202505],[14.451589163685634,50.08719710677346],[14.451578131814626,50.087180960367114],[14.45157222137406,50.08716374330474],[14.451571659493558,50.0871461172292],[14.451576467760031,50.087128759500736],[14.451586461389017,50.08711233716647],[14.451601256326665,50.08709748132626],[14.451620284009362,50.08708476288],[14.451642813213695,50.08707467058858],[14.451667978156987,50.08706759229131],[14.451694811768538,50.08706380000184],[14.451722282853007,50.087063439454944],[14.451749335717855,50.08706652450614],[14.452187834988376,50.08714562436325]]]},"properties":{"stopId":"U745Z1P","nodeId":"745","name":"Tachovské náměstí","hasPlatform":true,"platformLengthM":32}},{"type":"Feature","geometry":{"type":"Polygon","coordinates":[[[14.458944667333798,50.088237998649966],[14.45893389507341,50.088308178181094],[14.458901990562092,50.08837566084912],[14.458850179794636,50.08843785331627],[14.458780453777864,50.08849236553605],[14.458695492025264,50.08853710260496],[14.458598559587571,50.08857034527318],[14.458493381575918,50.08859081601865],[14.458384,50.08859772814549],[14.458274618424083,50.08859081601865],[14.45816944041243,50.08857034527318],[14.458072507974737,50.08853710260496],[14.457987546222137,50.08849236553605],[14.457917820205365,50.08843785331627],[14.45786600943791,50.08837566084912],[14.457834104926592,50.088308178181094],[14.457823332666203,50.088237998649966],[14.457834106537023,50.08816781922161],[14.457866012413595,50.08810033684625],[14.457917824093288,50.088038144817055],[14.457987550430396,50.08798363311394],[14.458072511862659,50.08793889656164],[14.458169443388117,50.087905654331415],[14.458274620034512,50.08788518387857],[14.458384,50.0878782718545],[14.458493379965489,50.08788518387857],[14.458598556611886,50.087905654331415],[14.458695488137344,50.08793889656164],[14.458780449569606,50.08798363311394],[14.458850175906713,50.088038144817055],[14.458901987586406,50.08810033684625],[14.45893389346298,50.08816781922161],[14.458944667333798,50.088237998649966]]]},"properties":{"stopId":"U2787Z1P","nodeId":"2787","name":"Lukášova","hasPlatform":false,"platformLengthM":0}},{"type":"Feature","geometry":{"type":"Polygon","coordinates":[[[14.462853675944022,50.088973998649934],[14.462842903518222,50.08904417818106],[14.462810998516964,50.089111660849085],[14.462759186953857,50.089173853316254],[14.4626894598663,50.08922836553603],[14.46260449680893,50.08927310260495],[14.462507562882625,50.08930634527318],[14.462402383255723,50.08932681601865],[14.462292999999999,50.08933372814548],[14.462183616744275,50.08932681601865],[14.462078437117375,50.08930634527318],[14.461981503191069,50.08927310260495],[14.461896540133699,50.08922836553603],[14.461826813046143,50.089173853316254],[14.461775001483035,50.089111660849085],[14.461743096481777,50.08904417818106],[14.461732324055976,50.088973998649934],[14.461743098092272,50.088903819221585],[14.461775004458845,50.08883633684623],[14.461826816934224,50.08877414481704],[14.461896544342132,50.088719633113925],[14.461981507079154,50.08867489656163],[14.462078440093185,50.08864165433141],[14.462183618354771,50.08862118387857],[14.462292999999999,50.0886142718545],[14.462402381645228,50.08862118387857],[14.462507559906815,50.08864165433141],[14.462604492920846,50.08867489656163],[14.462689455657866,50.088719633113925],[14.462759183065776,50.08877414481704],[14.462810995541155,50.08883633684623],[14.462842901907726,50.088903819221585],[14.462853675944022,50.088973998649934]]]},"properties":{"stopId":"U69Z1P","nodeId":"69","name":"Černínova","hasPlatform":false,"platformLengthM":0}},{"type":"Feature","geometry":{"type":"Polygon","coordinates":[[[14.467468689023828,50.09009199864989],[14.467457916346754,50.09016217818102],[14.467426010601224,50.09022966084905],[14.46737419782944,50.09029185331622],[14.46730446911525,50.09034636553601],[14.467219504075802,50.09039110260495],[14.467122567888143,50.09042434527318],[14.46701738580752,50.09044481601865],[14.466908,50.09045172814549],[14.466798614192482,50.09044481601865],[14.466693432111857,50.09042434527318],[14.466596495924199,50.09039110260495],[14.466511530884752,50.09034636553601],[14.46644180217056,50.09029185331622],[14.466389989398776,50.09022966084905],[14.466358083653246,50.09016217818102],[14.466347310976172,50.09009199864989],[14.466358085263844,50.09002181922153],[14.466389992374774,50.08995433684619],[14.466441806058887,50.089892144817],[14.466511535093446,50.0898376331139],[14.466596499812525,50.08979289656161],[14.466693435087855,50.0897596543314],[14.46679861580308,50.08973918387857],[14.466908,50.089732271854515],[14.467017384196922,50.08973918387857],[14.467122564912147,50.0897596543314],[14.467219500187475,50.08979289656161],[14.467304464906555,50.0898376331139],[14.467374193941113,50.089892144817],[14.467426007625228,50.08995433684619],[14.467457914736157,50.09002181922153],[14.467468689023828,50.09009199864989]]]},"properties":{"stopId":"U512Z8P","nodeId":"512","name":"Ohrada","hasPlatform":false,"platformLengthM":0}},{"type":"Feature","geometry":{"type":"Polygon","coordinates":[[[14.47111465358859,50.08706299865003],[14.471103881592256,50.08713317818115],[14.471071977863078,50.08720066084917],[14.471020168365786,50.08726285331632],[14.470950444058394,50.08731736553607],[14.470865484388705,50.087362102604985],[14.470768554327408,50.0873953452732],[14.470663378894308,50.087415816018655],[14.470554,50.08742272814549],[14.47044462110569,50.087415816018655],[14.47033944567259,50.0873953452732],[14.470242515611293,50.087362102604985],[14.470157555941606,50.08731736553607],[14.470087831634213,50.08726285331632],[14.47003602213692,50.08720066084917],[14.470004118407742,50.08713317818115],[14.469993346411409,50.08706299865003],[14.470004120018066,50.08699281922168],[14.470036025112408,50.08692533684631],[14.470087835521879,50.08686314481711],[14.47015756014958,50.086808633113975],[14.470242519498955,50.08676389656166],[14.470339448648078,50.08673065433142],[14.470444622716014,50.08671018387858],[14.470554,50.08670327185451],[14.470663377283984,50.08671018387858],[14.47076855135192,50.08673065433142],[14.470865480501043,50.08676389656166],[14.470950439850418,50.086808633113975],[14.471020164478121,50.08686314481711],[14.47107197488759,50.08692533684631],[14.471103879981932,50.08699281922168],[14.47111465358859,50.08706299865003]]]},"properties":{"stopId":"U16Z1P","nodeId":"16","name":"Basilejské náměstí","hasPlatform":false,"platformLengthM":0}},{"type":"Feature","geometry":{"type":"Polygon","coordinates":[[[14.480634656980937,50.08735299865001],[14.480623884919435,50.08742317818113],[14.480591980997225,50.08749066084915],[14.480540171186451,50.0875528533163],[14.480470446457183,50.08760736553606],[14.480385486273425,50.08765210260497],[14.480288555625629,50.08768534527318],[14.480183379556134,50.087705816018655],[14.480074,50.08771272814549],[14.479964620443864,50.087705816018655],[14.47985944437437,50.08768534527318],[14.479762513726573,50.08765210260497],[14.479677553542816,50.08760736553606],[14.479607828813547,50.0875528533163],[14.479556019002773,50.08749066084915],[14.479524115080563,50.08742317818113],[14.479513343019061,50.08735299865001],[14.479524116690913,50.087282819221656],[14.479556021978313,50.08721533684628],[14.479607832701273,50.087153144817094],[14.479677557750865,50.08709863311395],[14.479762517614299,50.087053896561656],[14.479859447349906,50.08702065433141],[14.479964622054215,50.08700018387857],[14.480074,50.08699327185451],[14.480183377945785,50.08700018387857],[14.480288552650093,50.08702065433141],[14.480385482385701,50.087053896561656],[14.480470442249135,50.08709863311395],[14.480540167298726,50.087153144817094],[14.480591978021685,50.08721533684628],[14.480623883309086,50.087282819221656],[14.480634656980937,50.08735299865001]]]},"properties":{"stopId":"U1064Z1P","nodeId":"1064","name":"Olgy Havlové","hasPlatform":false,"platformLengthM":0}},{"type":"Feature","geometry":{"type":"Polygon","coordinates":[[[14.482560644488009,50.08628499865007],[14.482549872666509,50.08635517818119],[14.482517969455175,50.0864226608492],[14.482466160798847,50.08648485331635],[14.482396437623223,50.086539365536105],[14.48231147933261,50.086584102605],[14.482214550844702,50.086617345273204],[14.482109377118839,50.08663781601866],[14.482000000000001,50.086644728145494],[14.481890622881163,50.08663781601866],[14.481785449155298,50.086617345273204],[14.48168852066739,50.086584102605],[14.481603562376778,50.086539365536105],[14.481533839201154,50.08648485331635],[14.481482030544827,50.0864226608492],[14.481450127333492,50.08635517818119],[14.481439355511991,50.08628499865007],[14.481450128943747,50.086214819221716],[14.481482033520187,50.08614733684635],[14.48153384308865,50.086085144817126],[14.481603566584573,50.086030633113985],[14.481688524554883,50.085985896561674],[14.481785452130657,50.085952654331436],[14.481890624491413,50.08593218387859],[14.482000000000001,50.08592527185451],[14.482109375508587,50.08593218387859],[14.482214547869345,50.085952654331436],[14.482311475445117,50.085985896561674],[14.482396433415428,50.086030633113985],[14.48246615691135,50.086085144817126],[14.482517966479813,50.08614733684635],[14.482549871056255,50.086214819221716],[14.482560644488009,50.08628499865007]]]},"properties":{"stopId":"U357Z1P","nodeId":"357","name":"Malešická","hasPlatform":false,"platformLengthM":0}},{"type":"Feature","geometry":{"type":"Polygon","coordinates":[[[14.48241161739918,50.08396899865018],[14.482400846098079,50.084039178181285],[14.482368944428165,50.084106660849294],[14.482317138275054,50.08416885331641],[14.482247418468251,50.084223365536154],[14.48216246428261,50.08426810260502],[14.482065540478063,50.08430134527322],[14.481960371833964,50.084321816018665],[14.481851,50.08432872814548],[14.481741628166036,50.084321816018665],[14.481636459521937,50.08430134527322],[14.48153953571739,50.08426810260502],[14.481454581531748,50.084223365536154],[14.481384861724946,50.08416885331641],[14.481333055571834,50.084106660849294],[14.48130115390192,50.084039178181285],[14.48129038260082,50.08396899865018],[14.481301155511966,50.08389881922181],[14.481333058546804,50.08383133684643],[14.481384865611933,50.0837691448172],[14.481454585738993,50.08371463311404],[14.481539539604377,50.0836698965617],[14.481636462496907,50.08363665433144],[14.481741629776076,50.08361618387857],[14.481851,50.083609271854506],[14.481960370223923,50.08361618387857],[14.482065537503093,50.08363665433144],[14.482162460395623,50.0836698965617],[14.482247414261007,50.08371463311404],[14.482317134388067,50.0837691448172],[14.482368941453196,50.08383133684643],[14.482400844488033,50.08389881922181],[14.48241161739918,50.08396899865018]]]},"properties":{"stopId":"U767Z1P","nodeId":"767","name":"Třebešín","hasPlatform":false,"platformLengthM":0}},{"type":"Feature","geometry":{"type":"Polygon","coordinates":[[[14.489321574889948,50.08033399865036],[14.489310804405482,50.08040417818146],[14.489278905154451,50.08047166084944],[14.48922710292952,50.080533853316545],[14.489157388409254,50.080588365536244],[14.489072440665348,50.080633102605084],[14.488975524210181,50.08066634527324],[14.48887036354066,50.08068681601868],[14.488761,50.0806937281455],[14.488651636459343,50.08068681601868],[14.48854647578982,50.08066634527324],[14.488449559334654,50.080633102605084],[14.488364611590749,50.080588365536244],[14.488294897070482,50.080533853316545],[14.48824309484555,50.08047166084944],[14.48821119559452,50.08040417818146],[14.488200425110053,50.08033399865036],[14.488211197204233,50.080263819222],[14.488243097819913,50.08019633684658],[14.488294900956674,50.08013414481733],[14.48836461579713,50.080079633114124],[14.488449563220847,50.08003489656177],[14.488546478764183,50.08000165433147],[14.488651638069053,50.079981183878594],[14.488761,50.07997427185452],[14.48887036193095,50.079981183878594],[14.488975521235819,50.08000165433147],[14.489072436779155,50.08003489656177],[14.489157384202871,50.080079633114124],[14.489227099043328,50.08013414481733],[14.48927890218009,50.08019633684658],[14.489310802795769,50.080263819222],[14.489321574889948,50.08033399865036]]]},"properties":{"stopId":"U418Z1P","nodeId":"418","name":"Na Palouku","hasPlatform":false,"platformLengthM":0}},{"type":"Feature","geometry":{"type":"Polygon","coordinates":[[[14.475916552451855,50.07841499865044],[14.475905782398444,50.07848517818154],[14.475873884424194,50.07855266084951],[14.475822084272718,50.0786148533166],[14.475752372542898,50.078669365536285],[14.4756674281992,50.078714102605105],[14.47557051562333,50.07874734527325],[14.475465359163117,50.07876781601867],[14.475355999999998,50.078774728145476],[14.47524664083688,50.07876781601867],[14.475141484376666,50.07874734527325],[14.475044571800797,50.078714102605105],[14.474959627457098,50.078669365536285],[14.47488991572728,50.0786148533166],[14.474838115575801,50.07855266084951],[14.474806217601554,50.07848517818154],[14.474795447548143,50.07841499865044],[14.474806219211093,50.07834481922207],[14.474838118549844,50.07827733684666],[14.474889919613052,50.07821514481738],[14.47495963166303,50.07816063311417],[14.475044575686569,50.078115896561776],[14.475141487350704,50.07808265433148],[14.47524664244642,50.078062183878586],[14.475355999999998,50.0780552718545],[14.475465357553578,50.078062183878586],[14.475570512649293,50.07808265433148],[14.475667424313427,50.078115896561776],[14.475752368336968,50.07816063311417],[14.475822080386944,50.07821514481738],[14.475873881450154,50.07827733684666],[14.475905780788905,50.07834481922207],[14.475916552451855,50.07841499865044]]]},"properties":{"stopId":"U921Z9P","nodeId":"921","name":"Želivského","hasPlatform":false,"platformLengthM":0}},{"type":"Feature","geometry":{"type":"Polygon","coordinates":[[[14.473803679760055,50.07881598050555],[14.473816479851022,50.078781980520525],[14.473825832542856,50.07876489856311],[14.473840327461303,50.07874936500199],[14.473859377089983,50.07873600944743],[14.473882209301738,50.078725373229716],[14.473907898654865,50.07871788745802],[14.473935403903146,50.07871385554689],[14.473963610199364,50.07871344091836],[14.473991374281793,50.07871666037821],[14.474360973670345,50.07878476025543],[14.474386349965922,50.078791210523725],[14.474409296603145,50.07880069510715],[14.474428943127032,50.07881285421931],[14.474444544266872,50.078827226618536],[14.474455508207294,50.07884326710415],[14.474461419038489,50.078860367198004],[14.474462052533896,50.078877878226194],[14.474457384656786,50.07889513592576],[14.474442884744501,50.07892883594257],[14.474432931793517,50.07894539089947],[14.474418107372115,50.07896036952181],[14.474398988601674,50.078973188680834],[14.474376319787506,50.07898334931683],[14.474350983442646,50.07899045586814],[14.474323965930727,50.07899423167092],[14.47429631906564,50.07899452973004],[14.474269119162914,50.078991338441824],[14.473901218554307,50.078923538319586],[14.473876348242635,50.078917252978236],[14.473853789925961,50.0789080517044],[14.473834364267683,50.07889626923773],[14.473818777964574,50.07888233422064],[14.473807598037403,50.078866753604245],[14.473801231203261,50.07885009420546],[14.473799909079847,50.07883296208632],[14.473803679760055,50.07881598050555]]]},"properties":{"stopId":"U921Z5P","nodeId":"921","name":"Želivského","hasPlatform":true,"platformLengthM":63}},{"type":"Feature","geometry":{"type":"Polygon","coordinates":[[[14.475266483888364,50.079214531971196],[14.475240943674022,50.07920802143826],[14.4752178744458,50.07919843752588],[14.475198163332145,50.079186148784636],[14.475182568323152,50.07917162777935],[14.475171689122057,50.07915543291634],[14.475165944084004,50.07913818696964],[14.475165554128829,50.07912055313206],[14.475170534246386,50.07910320951206],[14.475176213426767,50.07909055597886],[14.475185892708241,50.07906890246463],[14.47519602414323,50.07905250871601],[14.47521094630227,50.079037699036164],[14.47523008533078,50.07902504294999],[14.475252705210863,50.07901502716289],[14.475277936065938,50.07900803684397],[14.47530480761271,50.07900434081425],[14.475332286474144,50.07900408120883],[14.475359315918597,50.079007268011175],[14.476149714611374,50.07915306774832],[14.47617524616092,50.079159575182466],[14.476198308902829,50.079169153923736],[14.476218016595798,50.07918143588668],[14.476233611922483,50.07919594910795],[14.476244495591274,50.07921213588238],[14.476250249365906,50.079229374193936],[14.476250652137834,50.079247001618036],[14.476245688423703,50.07926434077677],[14.476238392358441,50.079280632093166],[14.476230296295101,50.07929872341002],[14.476220159705223,50.07931511211002],[14.476205234881034,50.07932991656901],[14.476186095548007,50.079342567684414],[14.476163477444524,50.07935257913055],[14.476138250039265,50.07935956605386],[14.476111383107465,50.07936325986739],[14.476083909451035,50.07936351857584],[14.476056885195595,50.07936033223405],[14.475266483888364,50.079214531971196]]]},"properties":{"stopId":"U921Z6P","nodeId":"921","name":"Želivského","hasPlatform":true,"platformLengthM":125}},{"type":"Feature","geometry":{"type":"Polygon","coordinates":[[[14.486428582116488,50.08095199865033],[14.486417811493196,50.081022178181435],[14.486385911830952,50.08108966084942],[14.486334108938236,50.08115185331651],[14.486264393519262,50.081206365536225],[14.486179444680266,50.08125110260507],[14.486082526975707,50.08128434527324],[14.485977364950514,50.08130481601868],[14.485868,50.081311728145494],[14.485758635049484,50.08130481601868],[14.485653473024291,50.08128434527324],[14.485556555319732,50.08125110260507],[14.485471606480736,50.081206365536225],[14.485401891061764,50.08115185331651],[14.485350088169046,50.08108966084942],[14.485318188506804,50.081022178181435],[14.48530741788351,50.08095199865033],[14.485318190116574,50.08088181922196],[14.485350091143511,50.080814336846565],[14.48540189494809,50.0807521448173],[14.485471610687265,50.08069763311411],[14.485556559206058,50.080652896561745],[14.485653475998756,50.08061965433147],[14.485758636659252,50.08059918387858],[14.485868,50.08059227185451],[14.485977363340748,50.08059918387858],[14.486082524001244,50.08061965433147],[14.48617944079394,50.080652896561745],[14.486264389312733,50.08069763311411],[14.486334105051908,50.0807521448173],[14.486385908856487,50.080814336846565],[14.486417809883424,50.08088181922196],[14.486428582116488,50.08095199865033]]]},"properties":{"stopId":"U575Z1P","nodeId":"575","name":"Pod Třebešínem","hasPlatform":false,"platformLengthM":0}},{"type":"Feature","geometry":{"type":"Polygon","coordinates":[[[14.44092861931727,50.084132998650176],[14.440917847979323,50.08420317818129],[14.440885946200266,50.084270660849285],[14.440834139869906,50.08433285331642],[14.440764419824568,50.08438736553616],[14.440679465348262,50.08443210260503],[14.4405825412121,50.084465345273216],[14.440477372208173,50.08448581601867],[14.440368,50.08449272814549],[14.440258627791827,50.08448581601867],[14.4401534587879,50.084465345273216],[14.440056534651738,50.08443210260503],[14.439971580175433,50.08438736553616],[14.439901860130094,50.08433285331642],[14.439850053799734,50.084270660849285],[14.439818152020678,50.08420317818129],[14.43980738068273,50.084132998650176],[14.439818153630737,50.08406281922181],[14.439850056774734,50.083995336846435],[14.439901864017116,50.0839331448172],[14.439971584382718,50.08387863311404],[14.440056538538762,50.08383389656171],[14.440153461762899,50.083800654331455],[14.440258629401885,50.08378018387858],[14.440368,50.08377327185451],[14.440477370598115,50.08378018387858],[14.440582538237102,50.083800654331455],[14.440679461461238,50.08383389656171],[14.440764415617283,50.08387863311404],[14.440834135982882,50.0839331448172],[14.440885943225267,50.083995336846435],[14.440917846369263,50.08406281922181],[14.44092861931727,50.084132998650176]]]},"properties":{"stopId":"U821Z1P","nodeId":"821","name":"Náměstí Winstona Churchilla","hasPlatform":false,"platformLengthM":0}},{"type":"Feature","geometry":{"type":"Polygon","coordinates":[[[14.438211570423183,50.079951998650365],[14.43820080002453,50.08002217818148],[14.438168901027666,50.08008966084945],[14.4381170992155,50.08015185331655],[14.438047385250732,50.08020636553625],[14.437962438183705,50.080251102605075],[14.437865522500793,50.080284345273235],[14.43776036266922,50.08030481601866],[14.437651,50.08031172814549],[14.437541637330783,50.08030481601866],[14.43743647749921,50.080284345273235],[14.437339561816298,50.080251102605075],[14.437254614749271,50.08020636553625],[14.437184900784501,50.08015185331655],[14.437133098972337,50.08008966084945],[14.437101199975473,50.08002217818148],[14.437090429576818,50.079951998650365],[14.43710120158515,50.07988181922199],[14.437133101946635,50.079814336846596],[14.437184904670612,50.07975214481733],[14.437254618955565,50.07969763311414],[14.437339565702404,50.07965289656176],[14.437436480473508,50.07961965433148],[14.437541638940461,50.07959918387859],[14.437651,50.0795922718545],[14.43776036105954,50.07959918387859],[14.437865519526493,50.07961965433148],[14.437962434297598,50.07965289656176],[14.438047381044438,50.07969763311414],[14.43811709532939,50.07975214481733],[14.438168898053368,50.079814336846596],[14.43820079841485,50.07988181922199],[14.438211570423183,50.079951998650365]]]},"properties":{"stopId":"U427Z1P","nodeId":"427","name":"Na Smetance","hasPlatform":false,"platformLengthM":0}},{"type":"Feature","geometry":{"type":"Polygon","coordinates":[[[14.435979535592727,50.07697299865051],[14.435968765863194,50.07704317818161],[14.435936868848271,50.077110660849584],[14.435885070254706,50.077172853316654],[14.435815360621524,50.07722736553632],[14.435730418832613,50.07727210260512],[14.435633509171502,50.07730534527327],[14.435528355874,50.07732581601868],[14.435419,50.077332728145485],[14.435309644125997,50.07732581601868],[14.435204490828495,50.07730534527327],[14.435107581167385,50.07727210260512],[14.435022639378474,50.07722736553632],[14.434952929745291,50.077172853316654],[14.434901131151726,50.077110660849584],[14.434869234136803,50.07704317818161],[14.43485846440727,50.07697299865051],[14.434869235746211,50.07690281922214],[14.434901134125527,50.07683533684672],[14.434952933630747,50.07677314481742],[14.43502264358406,50.076718633114204],[14.435107585052839,50.07667389656181],[14.435204493802294,50.07664065433149],[14.435309645735405,50.076620183878596],[14.435419,50.076613271854505],[14.435528354264592,50.076620183878596],[14.435633506197703,50.07664065433149],[14.435730414947159,50.07667389656181],[14.435815356415937,50.076718633114204],[14.43588506636925,50.07677314481742],[14.43593686587447,50.07683533684672],[14.435968764253786,50.07690281922214],[14.435979535592727,50.07697299865051]]]},"properties":{"stopId":"U1062Z1P","nodeId":"1062","name":"Římská","hasPlatform":false,"platformLengthM":0}},{"type":"Feature","geometry":{"type":"Polygon","coordinates":[[[14.435954530776089,50.07656099865053],[14.435943761139084,50.07663117818163],[14.435911864398243,50.07669866084959],[14.435860066249774,50.07676085331666],[14.435790357215598,50.07681536553632],[14.435705416156587,50.07686010260513],[14.43560850732822,50.07689334527327],[14.435503354934301,50.076913816018674],[14.435394000000002,50.076920728145474],[14.435284645065702,50.076913816018674],[14.435179492671782,50.07689334527327],[14.435082583843418,50.07686010260513],[14.434997642784404,50.07681536553632],[14.43492793375023,50.07676085331666],[14.434876135601762,50.07669866084959],[14.434844238860919,50.07663117818163],[14.434833469223916,50.07656099865053],[14.434844240470289,50.07649081922215],[14.434876138575493,50.07642333684673],[14.434927937635596,50.07636114481744],[14.434997646989896,50.07630663311422],[14.435082587728782,50.07626189656181],[14.435179495645512,50.07622865433149],[14.435284646675072,50.076208183878585],[14.435394000000002,50.07620127185451],[14.43550335332493,50.076208183878585],[14.43560850435449,50.07622865433149],[14.43570541227122,50.07626189656181],[14.435790353010107,50.07630663311422],[14.435860062364409,50.07636114481744],[14.43591186142451,50.07642333684673],[14.435943759529714,50.07649081922215],[14.435954530776089,50.07656099865053]]]},"properties":{"stopId":"U1062Z2P","nodeId":"1062","name":"Římská","hasPlatform":false,"platformLengthM":0}},{"type":"Feature","geometry":{"type":"Polygon","coordinates":[[[14.438175095287734,50.08004387992479],[14.438185137646611,50.08006028964365],[14.438189998278196,50.08007764128421],[14.438189490385662,50.08009526803334],[14.438183633481211,50.080112492504846],[14.438172652637082,50.080128652771194],[14.438156969836992,50.08014312780105],[14.438137187760116,50.08015536132535],[14.43811406662079,50.08016488321476],[14.438088494953863,50.080171327546715],[14.438061455468436,50.08017444666786],[14.438033987282239,50.08017412071146],[14.438007145988095,50.08017036220394],[14.437981963087195,50.0801633155834],[14.437959406348265,50.08015325164885],[14.437940342616171,50.080140557153456],[14.437925504499228,50.08012571994142],[14.437798104806983,50.079965719804854],[14.437788062600395,50.07994931005263],[14.437783202127301,50.079931958395264],[14.437783710167485,50.079914331647934],[14.437789567191414,50.07989710719652],[14.43780054811164,50.0798809469663],[14.437816230933583,50.079866471984474],[14.437836012973152,50.079854238514706],[14.437859134017888,50.079844716680505],[14.437884705541427,50.07983827239896],[14.437911744848746,50.079835153318854],[14.437939212839899,50.07983547930408],[14.43796605394122,50.07983923782728],[14.437991236669548,50.07984628445129],[14.438013793270729,50.079856348379636],[14.438032856909256,50.079869042862995],[14.43804769497998,50.07988388006135],[14.438175095287734,50.08004387992479]]]},"properties":{"stopId":"U427Z2P","nodeId":"427","name":"Na Smetance","hasPlatform":true,"platformLengthM":20}},{"type":"Feature","geometry":{"type":"Polygon","coordinates":[[[14.440169326322897,50.083702723455765],[14.440164555020747,50.08368536156741],[14.440165154042058,50.08366773599599],[14.44017110036094,50.08365052408225],[14.440182165458408,50.0836343872696],[14.440197924105021,50.08361994568529],[14.440217770702832,50.0836077543096],[14.440240942558473,50.08359828164833],[14.440266549192996,50.08359189172887],[14.440293606562097,50.083588830110976],[14.440321074871742,50.08358921445027],[14.440347898536029,50.083593029976875],[14.440373046741875,50.08360013006305],[14.440395553061776,50.083610241857826],[14.440414552592479,50.083622976772396],[14.440429315192416,50.08363784541297],[14.440439273540683,50.083654276387755],[14.440513373981926,50.083824276301854],[14.440518145424246,50.08384163817591],[14.440517546530558,50.08385926374914],[14.44051160031018,50.08387647568056],[14.440500535267732,50.08389261252454],[14.440484776622647,50.08390705414979],[14.440464929968822,50.08391924557101],[14.440441758002288,50.083928718276866],[14.44041615121119,50.08393510823485],[14.440389093654451,50.08393816988122],[14.440361625144297,50.08393778555799],[14.440334801285992,50.08393397003454],[14.440309652910663,50.08392686994011],[14.44028714646022,50.08391675812871],[14.440268146846922,50.08390402319337],[14.440253384215001,50.08388915453234],[14.440243425881656,50.08387272354168],[14.440169326322897,50.083702723455765]]]},"properties":{"stopId":"U821Z2P","nodeId":"821","name":"Náměstí Winstona Churchilla","hasPlatform":true,"platformLengthM":20}},{"type":"Feature","geometry":{"type":"Polygon","coordinates":[[[14.438570706515549,50.09158699864982],[14.438559933502447,50.09165717818094],[14.438528026761594,50.09172466084898],[14.438476212373441,50.09178685331617],[14.438406481483941,50.09184136553597],[14.438321513793847,50.09188610260491],[14.438224574582058,50.09191934527316],[14.438119389220049,50.091939816018645],[14.438009999999998,50.09194672814549],[14.437900610779948,50.091939816018645],[14.437795425417939,50.09191934527316],[14.437698486206152,50.09188610260491],[14.437613518516056,50.09184136553597],[14.437543787626558,50.09178685331617],[14.437491973238405,50.09172466084898],[14.437460066497552,50.09165717818094],[14.43744929348445,50.09158699864982],[14.437460068108287,50.09151681922146],[14.437491976214654,50.09144933684612],[14.437543791515214,50.09138714481695],[14.437613522725107,50.09133263311386],[14.437698490094807,50.09128789656159],[14.437795428394187,50.091254654331394],[14.437900612390681,50.09123418387857],[14.438009999999998,50.0912272718545],[14.438119387609317,50.09123418387857],[14.43822457160581,50.091254654331394],[14.438321509905192,50.09128789656159],[14.43840647727489,50.09133263311386],[14.438476208484783,50.09138714481695],[14.438528023785345,50.09144933684612],[14.438559931891712,50.09151681922146],[14.438570706515549,50.09158699864982]]]},"properties":{"stopId":"U689Z7P","nodeId":"689","name":"Florenc","hasPlatform":false,"platformLengthM":0}},{"type":"Feature","geometry":{"type":"Polygon","coordinates":[[[14.496977800176902,50.09958999864942],[14.496967025364484,50.099660178180564],[14.496935113294072,50.09972766084865],[14.496883290250885,50.0997898533159],[14.496813547713469,50.099844365535766],[14.496728565830184,50.099889102604784],[14.496631610425379,50.0999223452731],[14.496526407492839,50.099942816018626],[14.496417000000001,50.09994972814548],[14.496307592507161,50.099942816018626],[14.496202389574622,50.0999223452731],[14.496105434169817,50.099889102604784],[14.496020452286531,50.099844365535766],[14.495950709749115,50.0997898533159],[14.49589888670593,50.09972766084865],[14.495866974635517,50.099660178180564],[14.495856199823098,50.09958999864942],[14.495866976246976,50.099519819221086],[14.49589888968352,50.099452336845786],[14.495950713639525,50.09939014481668],[14.496020456497481,50.09933563311366],[14.496105438060226,50.09929089656147],[14.496202392552213,50.09925765433133],[14.496307594118624,50.09923718387855],[14.496417000000001,50.0992302718545],[14.496526405881376,50.09923718387855],[14.496631607447787,50.09925765433133],[14.496728561939774,50.09929089656147],[14.49681354350252,50.09933563311366],[14.496883286360475,50.09939014481668],[14.49693511031648,50.099452336845786],[14.496967023753024,50.099519819221086],[14.496977800176902,50.09958999864942]]]},"properties":{"stopId":"U225Z1P","nodeId":"225","name":"K Žižkovu","hasPlatform":false,"platformLengthM":0}},{"type":"Feature","geometry":{"type":"Polygon","coordinates":[[[14.494948713079717,50.092147998649786],[14.49493793994051,50.09221817818092],[14.494906032826139,50.092285660848965],[14.494854217831406,50.09234785331615],[14.494784486125576,50.09240236553595],[14.494699517440765,50.09244710260491],[14.494602577094104,50.09248034527316],[14.494497390500683,50.09250081601865],[14.494388000000002,50.09250772814549],[14.494278609499322,50.09250081601865],[14.494173422905899,50.09248034527316],[14.494076482559239,50.09244710260491],[14.493991513874429,50.09240236553595],[14.493921782168599,50.09234785331615],[14.493869967173866,50.092285660848965],[14.493838060059495,50.09221817818092],[14.493827286920288,50.092147998649786],[14.493838061670282,50.09207781922144],[14.493869970150207,50.092010336846094],[14.493921786057376,50.09194814481693],[14.49399151808361,50.09189363311385],[14.494076486448018,50.09184889656159],[14.49417342588224,50.09181565433139],[14.494278611110106,50.091795183878574],[14.494388000000002,50.091788271854504],[14.494497388889897,50.091795183878574],[14.494602574117765,50.09181565433139],[14.494699513551987,50.09184889656159],[14.494784481916396,50.09189363311385],[14.494854213942629,50.09194814481693],[14.494906029849798,50.092010336846094],[14.494937938329723,50.09207781922144],[14.494948713079717,50.092147998649786]]]},"properties":{"stopId":"U266Z4P","nodeId":"266","name":"Kněžská luka","hasPlatform":false,"platformLengthM":0}},{"type":"Feature","geometry":{"type":"Polygon","coordinates":[[[14.455238431726315,50.08614477159635],[14.455243826290328,50.086127484965125],[14.455254373223472,50.08611120576536],[14.455269667208894,50.086096559596236],[14.4552891205051,50.086084109300074],[14.455311985532834,50.08607433333292],[14.455337383604153,50.08606760737798],[14.455364338689561,50.0860641899086],[14.455391814925644,50.08606421225549],[14.455418756421892,50.08606767355991],[14.455444127837104,50.086074440806556],[14.455466954166143,50.08608425393528],[14.455486358208205,50.08609673583478],[14.455501594276818,50.08611140683454],[14.455512076856166,50.08612770313797],[14.45551740310246,50.086144998488635],[14.455517368325642,50.086162628236565],[14.455499968648013,50.086274528257405],[14.455494574159829,50.086291814900484],[14.455484027268527,50.08630809412203],[14.455468733281107,50.08632274031932],[14.455449279934706,50.08633519064548],[14.455426414810534,50.08634496663959],[14.455401016604734,50.08635169261396],[14.455374061360255,50.08635511009184],[14.455346584957422,50.08635508774074],[14.45531964330483,50.086351626419635],[14.455294271760465,50.08634485914585],[14.45527144534267,50.08633504598327],[14.4552520412601,50.08632256404795],[14.455236805200748,50.08630789301554],[14.455226322675587,50.0862915966873],[14.455220996518037,50.08627430132336],[14.455221031403944,50.086256671575505],[14.455238431726315,50.08614477159635]]]},"properties":{"stopId":"U743Z2P","nodeId":"743","name":"Rokycanova","hasPlatform":true,"platformLengthM":13}},{"type":"Feature","geometry":{"type":"Polygon","coordinates":[[[14.459179750351163,50.08212925767019],[14.459195918523177,50.08211500392765],[14.459216109530777,50.082103048113545],[14.459239547445332,50.08209384968129],[14.459265331563591,50.08208776211976],[14.459292471020795,50.08208501936937],[14.459319922868378,50.082085726831856],[14.459346632153052,50.082089857320035],[14.459371572457183,50.08209725210235],[14.459393785342654,50.08210762700294],[14.459412417182525,50.082120583321945],[14.459426751965175,50.082135623157185],[14.459436238810282,50.082152168537874],[14.459440513139265,50.08216958363554],[14.459439410686501,50.0821871991983],[14.459432973812818,50.08220433826983],[14.459421449878462,50.08222034220436],[14.459269250153111,50.08238664236236],[14.459253081911285,50.082400896115104],[14.459232890787455,50.08241285193559],[14.45920945271565,50.082422050366525],[14.459183668410486,50.08242813791565],[14.459156528752802,50.08243088064069],[14.45912907670997,50.082430173139656],[14.459102367254424,50.0824260426016],[14.459077426820762,50.0824186477616],[14.459055213859639,50.082408272800656],[14.459036582004494,50.082395316424474],[14.459022247266601,50.0823802765412],[14.459012760519242,50.082363731126755],[14.459008486328345,50.0823463160134],[14.45900958894312,50.08232870045471],[14.459016025984877,50.08231156140659],[14.459027550076517,50.08229555751219],[14.459179750351163,50.08212925767019]]]},"properties":{"stopId":"U516Z3P","nodeId":"516","name":"Olšanské náměstí","hasPlatform":true,"platformLengthM":21}},{"type":"Feature","geometry":{"type":"Polygon","coordinates":[[[14.460675601586475,50.07854065533086],[14.460666790673407,50.07855735376032],[14.46065307266814,50.0785726282361],[14.460634974742995,50.07858589176704],[14.460613192390316,50.07859663464124],[14.460588562695202,50.07860444401424],[14.460562032166571,50.078609019774724],[14.460534620362807,50.07861018607787],[14.460507380709949,50.07860789810306],[14.460481360018209,50.07860224377631],[14.460457558252825,50.07859344039142],[14.460436890105212,50.07858182625914],[14.460420149841463,50.078567847705905],[14.460407980779028,50.0785520419215],[14.460400850564598,50.078535016314824],[14.460399033203274,50.07851742517135],[14.460402598529438,50.078499944509105],[14.460466799006976,50.07832264458437],[14.460475609946563,50.07830594617005],[14.460489327932065,50.07829067171517],[14.46050742578606,50.07827740820687],[14.460529208017403,50.07826666535248],[14.460553837548662,50.07825885599203],[14.460580367884306,50.07825428023341],[14.460607779483464,50.07825311391947],[14.460635018939543,50.07825540187082],[14.460661039461158,50.0782610561632],[14.460684841098892,50.0782698595065],[14.460705509172085,50.07828147359476],[14.46072224941904,50.07829545210696],[14.460734418519957,50.07831125785853],[14.460741548819561,50.07832828344476],[14.460743366299393,50.078345874582894],[14.46073980110893,50.078363355255576],[14.460675601586475,50.07854065533086]]]},"properties":{"stopId":"U118Z4P","nodeId":"118","name":"Flora","hasPlatform":true,"platformLengthM":20}},{"type":"Feature","geometry":{"type":"Polygon","coordinates":[[[14.466560340842197,50.07418601886236],[14.466587768982052,50.074185052352135],[14.466614963895625,50.07418753863021],[14.466640880503238,50.07419338215087],[14.46666452284875,50.07420235835203],[14.466684982372895,50.074214122284985],[14.466701472828271,50.07422822187025],[14.466713360494294,50.07424411527044],[14.466720188530978,50.07426119171258],[14.466721694535588,50.07427879495949],[14.466717820627412,50.074296248528434],[14.466708715672961,50.074312881688044],[14.466694729565983,50.07432805523415],[14.466676399781909,50.074341186054234],[14.466654430723425,50.07435176953641],[14.46662966665076,50.07435939896157],[14.466603059236984,50.07436378113373],[14.466308058703177,50.074392981187856],[14.46628063043875,50.074393947632196],[14.466253435425449,50.07439146127601],[14.46622751875799,50.0743856176691],[14.466203876403924,50.074376641379175],[14.466183416928471,50.07436487736166],[14.466166926578431,50.074350777703025],[14.466155039067084,50.07433488424703],[14.46614821122117,50.074317807771735],[14.46614670542587,50.07430020451743],[14.466150579542248,50.07428275096748],[14.466159684684584,50.07426611785152],[14.466173670942807,50.074250944369695],[14.466192000830052,50.07423781362875],[14.46621396993839,50.07422723023386],[14.466238734008938,50.07421960089712],[14.466265341376003,50.074215218808234],[14.466560340842197,50.07418601886236]]]},"properties":{"stopId":"U855Z2P","nodeId":"855","name":"Vlašimská","hasPlatform":true,"platformLengthM":21}},{"type":"Feature","geometry":{"type":"Polygon","coordinates":[[[14.460644519132432,50.07556499865058],[14.460633749719113,50.07563517818167],[14.46060185364082,50.07570266084963],[14.460550056568314,50.0757648533167],[14.46048034898217,50.07581936553635],[14.460395409687608,50.075864102605145],[14.460298502872302,50.07589734527327],[14.46019335266269,50.07591781601867],[14.460083999999998,50.07592472814548],[14.459974647337308,50.07591781601867],[14.459869497127695,50.07589734527327],[14.459772590312388,50.075864102605145],[14.459687651017827,50.07581936553635],[14.459617943431683,50.0757648533167],[14.459566146359176,50.07570266084963],[14.459534250280885,50.07563517818167],[14.459523480867567,50.07556499865058],[14.459534251890164,50.07549481922219],[14.45956614933274,50.07542733684677],[14.45961794731683,50.075365144817475],[14.45968765522308,50.075310633114235],[14.459772594197538,50.075265896561824],[14.45986950010126,50.0752326543315],[14.45997464894659,50.07521218387859],[14.460083999999998,50.07520527185451],[14.460193351053409,50.07521218387859],[14.46029849989874,50.0752326543315],[14.46039540580246,50.075265896561824],[14.460480344776917,50.075310633114235],[14.46055005268317,50.075365144817475],[14.460601850667256,50.07542733684677],[14.460633748109835,50.07549481922219],[14.460644519132432,50.07556499865058]]]},"properties":{"stopId":"U518Z4P","nodeId":"518","name":"Orionka","hasPlatform":false,"platformLengthM":0}},{"type":"Feature","geometry":{"type":"Polygon","coordinates":[[[14.460920206956832,50.078574262376755],[14.460911483074002,50.078590979615186],[14.460897844705192,50.078606283435214],[14.460879815962306,50.07861958571798],[14.460858089679009,50.07863037526237],[14.460833500785656,50.07863823743046],[14.460806994223137,50.07864287008199],[14.460779588628819,50.07864409518588],[14.460752337190103,50.078641865661766],[14.460726287170141,50.078636267189474],[14.46070243966126,50.07862751491631],[14.460681711112803,50.07861594518884],[14.460664898112078,50.07860200262703],[14.460652646771806,50.078586223037554],[14.460645427900609,50.07856921282265],[14.460643518910627,50.0785516256763],[14.460646993157496,50.078534137462945],[14.460733293810922,50.07829213756421],[14.460742017701506,50.07827542033913],[14.460755656025938,50.07826011653737],[14.4607736846681,50.07824681427383],[14.460795410796573,50.07823602474519],[14.460819999489892,50.07822816258515],[14.460846505821873,50.078223529930625],[14.460873911174076,50.078222304811],[14.460901162379967,50.07822453430666],[14.460927212196633,50.078230132739805],[14.460951059548888,50.07823888496692],[14.460971787999318,50.07825045464645],[14.46098860096601,50.07826439716394],[14.461000852334616,50.07828017671808],[14.461008071288397,50.078297186910945],[14.461009980401975,50.0783147740513],[14.46100650630341,50.078332262275495],[14.460920206956832,50.078574262376755]]]},"properties":{"stopId":"U118Z3P","nodeId":"118","name":"Flora","hasPlatform":true,"platformLengthM":28}},{"type":"Feature","geometry":{"type":"Polygon","coordinates":[[[14.458674708633355,50.08301870273448],[14.458691293309732,50.08300464726554],[14.458711832617585,50.08299293801769],[14.458735537243523,50.08298402496894],[14.458761496234919,50.08297825064106],[14.458788712006877,50.08297583693711],[14.458816138678161,50.08297687661387],[14.458842722262972,50.08298132971736],[14.458867441174151,50.08298902511823],[14.458889345481413,50.082999667088],[14.4589075934161,50.08301284666354],[14.45892148371963,50.08302805736305],[14.458930482592569,50.08304471464946],[14.458934244208693,50.08306217839379],[14.458932624005588,50.08307977747464],[14.458925684240949,50.08309683556899],[14.458913691600948,50.083112697142894],[14.458721691913754,50.08331369733996],[14.458705107139368,50.08332775281323],[14.458684567686408,50.083339462059875],[14.458660862875222,50.08334837509828],[14.458634903671266,50.083354149403704],[14.458607687676771,50.083356563071696],[14.458580260792765,50.083355523345816],[14.458553677024817,50.0833510701824],[14.458528957977315,50.08334337471493],[14.458507053593,50.083332732677356],[14.458488805646665,50.083319553039],[14.458474915395968,50.08330434228789],[14.4584659166326,50.083287684966265],[14.458462155169398,50.083270221206796],[14.458463775551671,50.0832526221325],[14.458470715503237,50.08323556406569],[14.458482708320554,50.08321970253741],[14.458674708633355,50.08301870273448]]]},"properties":{"stopId":"U516Z4P","nodeId":"516","name":"Olšanské náměstí","hasPlatform":true,"platformLengthM":26}},{"type":"Feature","geometry":{"type":"Polygon","coordinates":[[[14.455383090496136,50.08623952997451],[14.45538819638223,50.0862222072838],[14.45539847115885,50.086205856580406],[14.45541351996788,50.08619110621139],[14.455432764489695,50.08617852302345],[14.455455465168004,50.08616859057957],[14.455480749630608,50.086161690576255],[14.455507646213826,50.08615808817541],[14.455535121302413,50.086157921814525],[14.455562119049956,50.08616119788672],[14.455587601953592,50.08616779049508],[14.455610590723834,50.086177446290634],[14.45563020191747,50.086189794208316],[14.455645681887436,50.08620435972642],[14.455656435745032,50.08622058310203],[14.455662050221493,50.08623784088125],[14.455662309550291,50.08625546985806],[14.455638210052529,50.08642926988698],[14.455633104234735,50.08644659258864],[14.455622829486554,50.086462943312746],[14.455607780656587,50.086477693708815],[14.455588536060597,50.08649027692568],[14.455565835257506,50.0865002093955],[14.455540550628573,50.08650710941731],[14.455513653851966,50.08651071182576],[14.455486178561074,50.08651087818158],[14.455459180621753,50.08650760209176],[14.455433697555113,50.08650100945531],[14.455410708665314,50.08649135362482],[14.455391097404842,50.08647900567016],[14.455375617423538,50.086464440118185],[14.45536486360628,50.08644821671664],[14.45535924921218,50.08643095892308],[14.455358989993904,50.08641332994561],[14.455383090496136,50.08623952997451]]]},"properties":{"stopId":"U743Z1P","nodeId":"743","name":"Rokycanova","hasPlatform":true,"platformLengthM":19}},{"type":"Feature","geometry":{"type":"Polygon","coordinates":[[[14.466903687631572,50.08997299864989],[14.466892914981246,50.09004317818101],[14.466861009314938,50.09011066084905],[14.466809196671809,50.09017285331622],[14.466739468130761,50.09022736553601],[14.466654503302294,50.09027210260493],[14.46655756735534,50.09030534527318],[14.466452385535895,50.09032581601865],[14.466342999999998,50.09033272814548],[14.466233614464103,50.09032581601865],[14.466128432644659,50.09030534527318],[14.466031496697704,50.09027210260493],[14.465946531869237,50.09022736553601],[14.46587680332819,50.09017285331622],[14.46582499068506,50.09011066084905],[14.465793085018753,50.09004317818101],[14.465782312368427,50.08997299864989],[14.46579308662934,50.089902819221535],[14.46582499366104,50.089835336846185],[14.46587680721649,50.089773144817],[14.465946536077903,50.0897186331139],[14.466031500586006,50.089673896561614],[14.466128435620638,50.089640654331404],[14.466233616074689,50.08962018387857],[14.466342999999998,50.08961327185451],[14.46645238392531,50.08962018387857],[14.466557564379361,50.089640654331404],[14.466654499413993,50.089673896561614],[14.466739463922096,50.0897186331139],[14.466809192783508,50.089773144817],[14.46686100633896,50.089835336846185],[14.466892913370659,50.089902819221535],[14.466903687631572,50.08997299864989]]]},"properties":{"stopId":"U512Z10P","nodeId":"512","name":"Ohrada","hasPlatform":false,"platformLengthM":0}},{"type":"Feature","geometry":{"type":"Polygon","coordinates":[[[14.47682282512056,50.09568435775009],[14.476840946505607,50.09569761172518],[14.476854689004524,50.095712878952234],[14.476863524497867,50.095729572721865],[14.476867113437942,50.09574705150305],[14.47686531789816,50.09576464359645],[14.476858206874306,50.0957816729476],[14.476846053633986,50.09579748512713],[14.476829325215848,50.09581147248036],[14.476808664482107,50.09582309747932],[14.476784865413938,50.09583191337999],[14.476758842599102,50.095837581390626],[14.476731596084418,50.09583988369158],[14.476704172943807,50.09583873180628],[14.476677627038972,50.09583417000126],[14.476652978519214,50.09582637358504],[14.476631174616879,50.09581564217106],[14.476263474554923,50.09559474186844],[14.47624535336852,50.09558148780344],[14.476231611101444,50.09556622050449],[14.476222775858389,50.095549526686874],[14.476219187168157,50.09553204788586],[14.476220982936457,50.0955144558024],[14.47622809414713,50.09549742649018],[14.476240247515276,50.09548161437515],[14.476256975990214,50.09546762710657],[14.476277636704529,50.095456002205495],[14.476301435679305,50.09544718640852],[14.47632745833622,50.095441518500124],[14.476354704643793,50.09543921629373],[14.476382127547344,50.09544036826134],[14.476408673205867,50.09544493013375],[14.476433321489647,50.09545272660167],[14.476455125182522,50.09546345805271],[14.47682282512056,50.09568435775009]]]},"properties":{"stopId":"U1074Z3P","nodeId":"1074","name":"Krejcárek","hasPlatform":true,"platformLengthM":36}},{"type":"Feature","geometry":{"type":"Polygon","coordinates":[[[14.482094783929721,50.09820199864949],[14.482084009429425,50.098272178180636],[14.482052098283516,50.098339660848715],[14.482000276741696,50.098401853315956],[14.481930536224812,50.09845636553582],[14.48184555680358,50.098501102604814],[14.481748604207736,50.09853434527312],[14.481643404323107,50.09855481601864],[14.481534,50.098561728145484],[14.481424595676891,50.09855481601864],[14.481319395792262,50.09853434527312],[14.481222443196417,50.098501102604814],[14.481137463775188,50.09845636553582],[14.481067723258304,50.098401853315956],[14.481015901716484,50.098339660848715],[14.480983990570575,50.098272178180636],[14.480973216070277,50.09820199864949],[14.480983992181908,50.09813181922116],[14.481015904693843,50.09806433684585],[14.481067727148409,50.09800214481673],[14.481137467985805,50.097947633113705],[14.481222447086523,50.09790289656149],[14.481319398769621,50.09786965433135],[14.481424597288228,50.09784918387856],[14.481534,50.09784227185451],[14.481643402711772,50.09784918387856],[14.481748601230377,50.09786965433135],[14.481845552913477,50.09790289656149],[14.481930532014193,50.097947633113705],[14.48200027285159,50.09800214481673],[14.482052095306157,50.09806433684585],[14.482084007818091,50.09813181922116],[14.482094783929721,50.09820199864949]]]},"properties":{"stopId":"U763Z1P","nodeId":"763","name":"Odlehlá","hasPlatform":false,"platformLengthM":0}},{"type":"Feature","geometry":{"type":"Polygon","coordinates":[[[14.487386807504937,50.1002159986494],[14.487376032551742,50.100286178180546],[14.487344120064344,50.10035366084863],[14.487292296343995,50.10041585331587],[14.487222552895247,50.100470365535756],[14.48713756990149,50.10051510260478],[14.487040613229752,50.1005483452731],[14.486935408922498,50.10056881601864],[14.486826000000002,50.100575728145486],[14.486716591077506,50.10056881601864],[14.486611386770253,50.1005483452731],[14.486514430098515,50.10051510260478],[14.486429447104758,50.100470365535756],[14.48635970365601,50.10041585331587],[14.48630787993566,50.10035366084863],[14.486275967448263,50.100286178180546],[14.486265192495068,50.1002159986494],[14.48627596905978,50.100145819221055],[14.486307882913355,50.10007833684576],[14.486359707546558,50.10001614481666],[14.486429451315853,50.09996163311365],[14.486514433989061,50.09991689656146],[14.48661138974795,50.09988365433133],[14.486716592689024,50.09986318387855],[14.486826000000002,50.099856271854506],[14.48693540731098,50.09986318387855],[14.487040610252055,50.09988365433133],[14.487137566010944,50.09991689656146],[14.487222548684151,50.09996163311365],[14.487292292453446,50.10001614481666],[14.48734411708665,50.10007833684576],[14.487376030940224,50.100145819221055],[14.487386807504937,50.1002159986494]]]},"properties":{"stopId":"U678Z1P","nodeId":"678","name":"Skloněná","hasPlatform":false,"platformLengthM":0}},{"type":"Feature","geometry":{"type":"Polygon","coordinates":[[[14.4711774679011,50.07118199865079],[14.471166699471983,50.071252178181894],[14.471134806308877,50.071319660849824],[14.471083013970544,50.07138185331685],[14.471013312755632,50.071436365536464],[14.470928381224526,50.07148110260522],[14.470831483266554,50.071514345273314],[14.470726342667756,50.07153481601869],[14.470617,50.07154172814549],[14.470507657332243,50.07153481601869],[14.470402516733447,50.071514345273314],[14.470305618775473,50.07148110260522],[14.47022068724437,50.071436365536464],[14.470150986029457,50.07138185331685],[14.470099193691125,50.071319660849824],[14.470067300528017,50.071252178181894],[14.4700565320989,50.07118199865079],[14.470067302136904,50.0711118192224],[14.470099196663954,50.07104433684697],[14.470150989913646,50.070982144817634],[14.470220691448585,50.07092763311436],[14.470305622659662,50.07088289656189],[14.470402519706276,50.07084965433154],[14.470507658941127,50.070829183878615],[14.470617,50.07082227185452],[14.470726341058873,50.070829183878615],[14.470831480293725,50.07084965433154],[14.47092837734034,50.07088289656189],[14.471013308551415,50.07092763311436],[14.471083010086355,50.070982144817634],[14.471134803336048,50.07104433684697],[14.471166697863096,50.0711118192224],[14.4711774679011,50.07118199865079]]]},"properties":{"stopId":"U29Z2P","nodeId":"29","name":"Bělocerkevská","hasPlatform":false,"platformLengthM":0}},{"type":"Feature","geometry":{"type":"Polygon","coordinates":[[[14.496970797987906,50.09940299864944],[14.496960023217541,50.09947317818059],[14.496928111271684,50.09954066084865],[14.496876288430778,50.099602853315915],[14.49680654616559,50.09965736553578],[14.49672156461402,50.0997021026048],[14.496624609587668,50.099735345273096],[14.496519407065774,50.099755816018636],[14.496409999999997,50.09976272814549],[14.496300592934222,50.099755816018636],[14.496195390412327,50.099735345273096],[14.496098435385976,50.0997021026048],[14.496013453834406,50.09965736553578],[14.495943711569216,50.099602853315915],[14.495891888728313,50.09954066084865],[14.495859976782455,50.09947317818059],[14.49584920201209,50.09940299864944],[14.495859978393899,50.099332819221104],[14.49589189170587,50.09926533684579],[14.495943715459585,50.09920314481669],[14.496013458045308,50.099148633113664],[14.496098439276345,50.09910389656147],[14.496195393389886,50.099070654331335],[14.496300594545662,50.09905018387855],[14.496409999999997,50.09904327185451],[14.496519405454334,50.09905018387855],[14.49662460661011,50.099070654331335],[14.496721560723651,50.09910389656147],[14.496806541954689,50.099148633113664],[14.496876284540411,50.09920314481669],[14.496928108294126,50.09926533684579],[14.496960021606096,50.099332819221104],[14.496970797987906,50.09940299864944]]]},"properties":{"stopId":"U225Z2P","nodeId":"225","name":"K Žižkovu","hasPlatform":false,"platformLengthM":0}},{"type":"Feature","geometry":{"type":"Polygon","coordinates":[[[14.436822692054058,50.09035099864987],[14.436811919318773,50.090421178180996],[14.436780013400814,50.090488660849026],[14.436728200349014,50.09055085331621],[14.436658471257978,50.090605365535986],[14.436573505759336,50.09065010260494],[14.436476569047782,50.090683345273156],[14.436371386398696,50.09070381601865],[14.436262,50.090710728145496],[14.436152613601301,50.09070381601865],[14.436047430952215,50.090683345273156],[14.435950494240663,50.09065010260494],[14.435865528742019,50.090605365535986],[14.435795799650984,50.09055085331621],[14.435743986599183,50.090488660849026],[14.435712080681226,50.090421178180996],[14.435701307945939,50.09035099864987],[14.435712082291845,50.09028081922152],[14.435743989575226,50.090213336846155],[14.435795803539367,50.090151144816986],[14.435865532950778,50.09009663311388],[14.435950498129046,50.090051896561604],[14.436047433928254,50.090018654331395],[14.43615261521192,50.08999818387857],[14.436262,50.0899912718545],[14.436371384788076,50.08999818387857],[14.436476566071743,50.090018654331395],[14.436573501870951,50.090051896561604],[14.43665846704922,50.09009663311388],[14.43672819646063,50.090151144816986],[14.436780010424773,50.090213336846155],[14.436811917708152,50.09028081922152],[14.436822692054058,50.09035099864987]]]},"properties":{"stopId":"U32Z2P","nodeId":"32","name":"Bílá labuť","hasPlatform":false,"platformLengthM":0}},{"type":"Feature","geometry":{"type":"Polygon","coordinates":[[[14.435343605399819,50.08294299865022],[14.435332834329234,50.08301317818133],[14.435300933342116,50.08308066084933],[14.435249128297835,50.08314285331645],[14.435179409983302,50.08319736553617],[14.435094457616012,50.083242102605034],[14.434997535886023,50.083275345273215],[14.434892369492959,50.083295816018655],[14.434783,50.08330272814549],[14.43467363050704,50.083295816018655],[14.434568464113978,50.083275345273215],[14.434471542383989,50.083242102605034],[14.434386590016699,50.08319736553617],[14.434316871702164,50.08314285331645],[14.434265066657884,50.08308066084933],[14.434233165670765,50.08301317818133],[14.43422239460018,50.08294299865022],[14.434233167280714,50.08287281922186],[14.434265069632685,50.08280533684647],[14.434316875588925,50.082743144817236],[14.4343865942237,50.08268863311406],[14.434471546270753,50.08264389656171],[14.434568467088779,50.08261065433145],[14.43467363211699,50.08259018387858],[14.434783,50.0825832718545],[14.434892367883009,50.08259018387858],[14.43499753291122,50.08261065433145],[14.435094453729247,50.08264389656171],[14.4351794057763,50.08268863311406],[14.435249124411074,50.082743144817236],[14.435300930367314,50.08280533684647],[14.435332832719284,50.08287281922186],[14.435343605399819,50.08294299865022]]]},"properties":{"stopId":"U142Z3P","nodeId":"142","name":"Hlavní nádraží","hasPlatform":false,"platformLengthM":0}},{"type":"Feature","geometry":{"type":"Polygon","coordinates":[[[14.435161608615957,50.08321799865022],[14.435150837483587,50.083288178181334],[14.435118936313463,50.083355660849335],[14.435067130971989,50.08341785331645],[14.434997412257486,50.083472365536174],[14.434912459402831,50.08351710260504],[14.434815537116807,50.083550345273224],[14.434710370120412,50.08357081601867],[14.434601000000002,50.083577728145485],[14.434491629879593,50.08357081601867],[14.434386462883197,50.083550345273224],[14.434289540597174,50.08351710260504],[14.434204587742517,50.083472365536174],[14.434134869028016,50.08341785331645],[14.434083063686542,50.083355660849335],[14.434051162516418,50.083288178181334],[14.434040391384048,50.08321799865022],[14.434051164126393,50.08314781922185],[14.434083066661387,50.08308033684647],[14.43413487291484,50.08301814481723],[14.434204591949584,50.08296363311407],[14.434289544483995,50.08291889656172],[14.43438646585804,50.08288565433146],[14.434491631489568,50.08286518387859],[14.434601000000002,50.08285827185452],[14.434710368510437,50.08286518387859],[14.434815534141965,50.08288565433146],[14.434912455516008,50.08291889656172],[14.434997408050421,50.08296363311407],[14.435067127085166,50.08301814481723],[14.435118933338616,50.08308033684647],[14.435150835873612,50.08314781922185],[14.435161608615957,50.08321799865022]]]},"properties":{"stopId":"U142Z4P","nodeId":"142","name":"Hlavní nádraží","hasPlatform":false,"platformLengthM":0}},{"type":"Feature","geometry":{"type":"Polygon","coordinates":[[[14.435619608884943,50.08324099865021],[14.435608837747406,50.083311178181326],[14.435576936561974,50.08337866084932],[14.435525131195643,50.083440853316446],[14.435455412447691,50.08349536553617],[14.435370459552272,50.083540102605035],[14.435273537219746,50.083573345273216],[14.435168370172885,50.08359381601867],[14.435059,50.083600728145484],[14.434949629827114,50.08359381601867],[14.434844462780253,50.083573345273216],[14.434747540447727,50.083540102605035],[14.434662587552308,50.08349536553617],[14.434592868804357,50.083440853316446],[14.434541063438028,50.08337866084932],[14.434509162252596,50.083311178181326],[14.434498391115056,50.08324099865021],[14.434509163862572,50.08317081922185],[14.434541066412876,50.08310333684646],[14.434592872691184,50.08304114481722],[14.434662591759382,50.082986633114054],[14.434747544334556,50.082941896561714],[14.434844465755102,50.082908654331455],[14.43494963143709,50.08288818387857],[14.435059,50.08288127185451],[14.43516836856291,50.08288818387857],[14.435273534244898,50.082908654331455],[14.435370455665444,50.082941896561714],[14.43545540824062,50.082986633114054],[14.435525127308818,50.08304114481722],[14.435576933587123,50.08310333684646],[14.435608836137428,50.08317081922185],[14.435619608884943,50.08324099865021]]]},"properties":{"stopId":"U142Z411","nodeId":"142","name":"Hlavní nádraží","hasPlatform":false,"platformLengthM":0}},{"type":"Feature","geometry":{"type":"Polygon","coordinates":[[[14.409213620953933,50.062266636339615],[14.409213583682734,50.06226677300211],[14.409157682913499,50.062805675466095],[14.409152343206651,50.06282498115921],[14.409147643233041,50.06283528116465],[14.409135505772857,50.06285385598622],[14.409128805786366,50.06286155599325],[14.409116720534756,50.062873210327965],[14.409101964020678,50.06288351934007],[14.40909326401909,50.062888719347214],[14.409063155885569,50.06290244589422],[14.40905045587037,50.06290674590134],[14.40901226072718,50.06291542565516],[14.408998860703498,50.062917125658295],[14.408981249287395,50.06291862286576],[14.408969849266173,50.06291912286669],[14.40894226540644,50.06291858373474],[14.4089314653867,50.062917683733076],[14.408915064016558,50.06291567277748],[14.408902163994622,50.06291357277365],[14.408885333639137,50.062910093998006],[14.408875033623945,50.062907493993464],[14.40886099661722,50.06290336366204],[14.408847396600926,50.062898763654424],[14.40883306425241,50.06289318865354],[14.408820664242418,50.062887688645056],[14.408813134598658,50.06288410416349],[14.408803334593358,50.06287910415615],[14.408794004670396,50.06287389663853],[14.408779904668533,50.06286529662683],[14.408757513108025,50.06284767272086],[14.408744113128936,50.062833872707174],[14.408734310087661,50.06282183871462],[14.408727441470619,50.062808994360886],[14.408724841487478,50.062802594357876],[14.40872030756818,50.06277989991571],[14.408720307592713,50.062771499915684],[14.40872216774167,50.06275689346852],[14.408724167763538,50.06274909347089],[14.40872940414859,50.06273543992274],[14.408732704164393,50.06272903992651],[14.408741003481683,50.06271631254761],[14.408747703497792,50.062707912554785],[14.408752085398252,50.0627028304411],[14.40883815160981,50.062610203385915],[14.408842794427605,50.06260404191104],[14.408847023325881,50.06259635304337],[14.408851583862097,50.06258510796381],[14.4088546511037,50.06257454312538],[14.408905330921327,50.062130070752836],[14.408906633943175,50.062110756206806],[14.408906380980934,50.062107952451434],[14.408905584978621,50.06210529908502],[14.408874179986798,50.062043317625175],[14.40887295051486,50.0620407625757],[14.408861050581745,50.06201466256196],[14.408857001527027,50.06200291808129],[14.408854301559176,50.06199151807807],[14.40885297948653,50.061972423635126],[14.408854179522534,50.06196002363658],[14.408855566026176,50.06195181278601],[14.408858466059973,50.061939812789454],[14.408867940567974,50.061918469734294],[14.408871840580975,50.061912569738624],[14.408887519423104,50.061894791107235],[14.408892619428109,50.06189029111219],[14.408911369749626,50.06187682868502],[14.408915969748582,50.06187412868876],[14.408941818113924,50.06186211789017],[14.408949018105883,50.06185951789442],[14.408971215822769,50.061853063169636],[14.408977415813156,50.0618516631721],[14.409006863854346,50.06184723542862],[14.409015763838035,50.06184653542992],[14.409040340021415,50.06184599831968],[14.409069239967469,50.06184699831781],[14.409075359283243,50.06184729647552],[14.40909125925386,50.06184829647366],[14.409108736197014,50.061850117369666],[14.4091210361757,50.06185191736637],[14.409136933865119,50.06185488811818],[14.40914873384693,50.06185758811341],[14.409170082303618,50.06186381001693],[14.409189515408663,50.06187223039045],[14.409198615403977,50.0618769303836],[14.409224180867167,50.06189417971329],[14.409229380872317,50.061898779708216],[14.409241564128672,50.061911721749304],[14.4092501972977,50.06192579127593],[14.40925299731298,50.061931791272706],[14.409256993876543,50.061942853613346],[14.409259893907914,50.0619540536099],[14.409261179135,50.061960410376145],[14.409271279334439,50.06202961036403],[14.409271856832078,50.06203603542119],[14.40927395701213,50.062097735418654],[14.40927394793353,50.06210191545939],[14.40927194808554,50.0621540154618],[14.40926999439962,50.06216692782329],[14.409263694465862,50.062190627830766],[14.409258838943316,50.06220328111489],[14.409250338985053,50.06222008112462],[14.409240653784689,50.06223468796451],[14.409224253820934,50.062254387981916],[14.409222439915778,50.06225649835666],[14.409214587200331,50.06226535193428],[14.409213620953933,50.062266636339615]]]},"properties":{"stopId":"U458Z421","nodeId":"458","name":"Smíchovské nádraží","hasPlatform":true,"platformLengthM":216}},{"type":"Feature","geometry":{"type":"Polygon","coordinates":[[[14.509138079631501,50.09346103472197],[14.509130507517092,50.093444087440496],[14.50912823453877,50.09342651808761],[14.509131348040055,50.093409001844044],[14.50913972836515,50.09339221184875],[14.509153053458105,50.093376793330776],[14.509170811239978,50.09336333881352],[14.509192319288205,50.093352365344664],[14.509216751061874,50.09334429462668],[14.50924316766501,50.093339436811185],[14.50927055392733,50.09333797858031],[14.509297857415891,50.09333997597274],[14.509324028878629,50.093345352230216],[14.509348062565666,50.093353900747296],[14.50936903487898,50.093365293010834],[14.509386139865299,50.09337909122439],[14.509398720188269,50.09339476513216],[14.509456420402385,50.09348816506758],[14.509463992639029,50.09350511232787],[14.509466265744187,50.09352268167418],[14.509463152357945,50.093540197926714],[14.509454772120291,50.09355698794528],[14.50944144707431,50.093572406497785],[14.50942368929095,50.09358586105633],[14.5094021811909,50.09359683456791],[14.509377749319704,50.09360490532482],[14.509351332583861,50.09360976317085],[14.509323946168665,50.093611221420744],[14.509296642524465,50.09360922403443],[14.509270470920676,50.09360384777077],[14.509246437122117,50.09359529923767],[14.509225464737284,50.09358390695205],[14.50920835972412,50.093570108714914],[14.50919577941738,50.093554434786554],[14.509138079631501,50.09346103472197]]]},"properties":{"stopId":"U4260Z2P","nodeId":"4260","name":"Hrdlořezská","hasPlatform":true,"platformLengthM":11}},{"type":"Feature","geometry":{"type":"Polygon","coordinates":[[[14.489658691211675,50.090278998649886],[14.48964791849257,50.09034917818101],[14.489616012622546,50.090416660849044],[14.48956419964859,50.09047885331622],[14.489494470662317,50.09053336553601],[14.489409505291325,50.09057810260494],[14.489312568725413,50.09061134527318],[14.489207386234357,50.09063181601866],[14.489098,50.09063872814549],[14.488988613765645,50.09063181601866],[14.488883431274589,50.09061134527318],[14.488786494708677,50.09057810260494],[14.488701529337686,50.09053336553601],[14.488631800351412,50.09047885331622],[14.488579987377454,50.090416660849044],[14.488548081507432,50.09034917818101],[14.488537308788327,50.090278998649886],[14.488548083118044,50.09020881922153],[14.488579990353484,50.09014133684619],[14.488631804239779,50.090079144817],[14.488701533546427,50.09002463311389],[14.488786498597044,50.089979896561616],[14.488883434250619,50.089946654331406],[14.488988615376263,50.08992618387858],[14.489098,50.08991927185451],[14.48920738462374,50.08992618387858],[14.489312565749383,50.089946654331406],[14.489409501402957,50.089979896561616],[14.489494466453573,50.09002463311389],[14.489564195760222,50.090079144817],[14.489616009646518,50.09014133684619],[14.489647916881957,50.09020881922153],[14.489658691211675,50.090278998649886]]]},"properties":{"stopId":"U3235Z2P","nodeId":"3235","name":"Květinková","hasPlatform":false,"platformLengthM":0}},{"type":"Feature","geometry":{"type":"Polygon","coordinates":[[[14.490765440680379,50.08773705565306],[14.490923321477418,50.0877784506062],[14.490947615685862,50.087786687038985],[14.490968938709631,50.08779780617428],[14.49098647111807,50.087811380711805],[14.490999539149474,50.087826888991536],[14.491007640603526,50.08784373504053],[14.491010464141064,50.08786127147566],[14.491007901249409,50.08787882438189],[14.49100005041331,50.087895719210586],[14.490987213331115,50.08791130670188],[14.490969883321394,50.08792498783572],[14.490948726365515,50.08793623685193],[14.490924555514509,50.08794462145532],[14.490898299643826,50.08794981942871],[14.49087096775667,50.08795163101581],[14.49084361020786,50.087949986598005],[14.490817278338389,50.087944949369664],[14.49065937810992,50.08790354929774],[14.490631140122307,50.08789613933138],[14.490606849668406,50.08788789827393],[14.490585531758148,50.087876775071365],[14.490568005628054,50.08786319718397],[14.49055494479639,50.087847686404196],[14.490546851180392,50.08783083880415],[14.490544035808357,50.08781330182871],[14.490546606867735,50.0877957494144],[14.490554465548419,50.087778856090296],[14.490567309840833,50.08776327105638],[14.490584646142736,50.08774959323518],[14.490605808228576,50.08773834825587],[14.49062998285235,50.087729968254855],[14.490656241000027,50.087724775269315],[14.490683573590546,50.087722968861705],[14.49071093025349,50.087724618450906],[14.49073725969339,50.087729660644435],[14.490765440680379,50.08773705565306]]]},"properties":{"stopId":"U128Z2P","nodeId":"128","name":"Habrová","hasPlatform":true,"platformLengthM":14}},{"type":"Feature","geometry":{"type":"Polygon","coordinates":[[[14.48618065251241,50.086970998650024],[14.486169880536751,50.08704117818114],[14.48613797686881,50.08710866084916],[14.486086167470964,50.08717085331631],[14.486016443297409,50.08722536553608],[14.485931483790806,50.08727010260497],[14.485834553915568,50.087303345273185],[14.485729378684352,50.08732381601865],[14.48562,50.087330728145474],[14.485510621315651,50.08732381601865],[14.485405446084435,50.087303345273185],[14.485308516209198,50.08727010260497],[14.485223556702593,50.08722536553608],[14.485153832529038,50.08717085331631],[14.485102023131192,50.08710866084916],[14.485070119463252,50.08704117818114],[14.485059347487592,50.086970998650024],[14.485070121073568,50.08690081922166],[14.485102026106665,50.0868333368463],[14.485153836416682,50.08677114481709],[14.48522356091055,50.08671663311396],[14.485308520096844,50.08667189656164],[14.485405449059911,50.08663865433141],[14.485510622925965,50.08661818387856],[14.48562,50.0866112718545],[14.485729377074039,50.08661818387856],[14.485834550940092,50.08663865433141],[14.485931479903158,50.08667189656164],[14.486016439089454,50.08671663311396],[14.486086163583321,50.08677114481709],[14.486137973893337,50.0868333368463],[14.486169878926436,50.08690081922166],[14.48618065251241,50.086970998650024]]]},"properties":{"stopId":"U834Z2P","nodeId":"834","name":"Vackov","hasPlatform":false,"platformLengthM":0}},{"type":"Feature","geometry":{"type":"Polygon","coordinates":[[[14.485994582876575,50.08101699865032],[14.48598381223868,50.08108717818143],[14.485951912533189,50.08115466084942],[14.485900109570235,50.08121685331652],[14.485830394056736,50.081271365536224],[14.485745445102555,50.081316102605065],[14.485648527266587,50.08134934527324],[14.485543365098806,50.08136981601867],[14.485434000000001,50.081376728145486],[14.485324634901195,50.08136981601867],[14.485219472733416,50.08134934527324],[14.485122554897446,50.081316102605065],[14.485037605943266,50.081271365536224],[14.484967890429767,50.08121685331652],[14.484916087466813,50.08115466084942],[14.484884187761322,50.08108717818143],[14.484873417123426,50.08101699865032],[14.484884189371096,50.08094681922195],[14.484916090441287,50.08087933684655],[14.484967894316108,50.0808171448173],[14.485037610149814,50.08076263311411],[14.485122558783788,50.08071789656175],[14.48521947570789,50.08068465433147],[14.485324636510972,50.08066418387858],[14.485434000000001,50.080657271854506],[14.485543363489029,50.08066418387858],[14.485648524292113,50.08068465433147],[14.485745441216213,50.08071789656175],[14.485830389850188,50.08076263311411],[14.485900105683893,50.0808171448173],[14.485951909558715,50.08087933684655],[14.485983810628905,50.08094681922195],[14.485994582876575,50.08101699865032]]]},"properties":{"stopId":"U575Z2P","nodeId":"575","name":"Pod Třebešínem","hasPlatform":false,"platformLengthM":0}},{"type":"Feature","geometry":{"type":"Polygon","coordinates":[[[14.48744165078117,50.08682299865004],[14.487430878838772,50.086893178181164],[14.487398975269343,50.086960660849165],[14.487347166031476,50.08702285331633],[14.487277442073223,50.087077365536075],[14.487192482828963,50.08712210260498],[14.487095553253038,50.08715534527318],[14.486990378346599,50.08717581601866],[14.486881,50.08718272814549],[14.486771621653402,50.08717581601866],[14.486666446746963,50.08715534527318],[14.486569517171038,50.08712210260498],[14.486484557926778,50.087077365536075],[14.486414833968524,50.08702285331633],[14.486363024730657,50.086960660849165],[14.486331121161228,50.086893178181164],[14.48632034921883,50.08682299865004],[14.48633112277153,50.08675281922168],[14.486363027706108,50.08668533684631],[14.486414837856136,50.08662314481711],[14.4864845621347,50.08656863311397],[14.48656952105865,50.086523896561665],[14.486666449722414,50.08649065433142],[14.486771623263705,50.086470183878575],[14.486881,50.086463271854505],[14.486990376736298,50.086470183878575],[14.487095550277587,50.08649065433142],[14.48719247894135,50.086523896561665],[14.4872774378653,50.08656863311397],[14.487347162143864,50.08662314481711],[14.487398972293892,50.08668533684631],[14.487430877228471,50.08675281922168],[14.48744165078117,50.08682299865004]]]},"properties":{"stopId":"U834Z1P","nodeId":"834","name":"Vackov","hasPlatform":false,"platformLengthM":0}},{"type":"Feature","geometry":{"type":"Polygon","coordinates":[[[14.490982663309575,50.087893998649996],[14.490971891126494,50.08796417818112],[14.490939986844168,50.08803166084913],[14.490888176448582,50.088093853316295],[14.490818450932267,50.088148365536064],[14.49073348978949,50.08819310260498],[14.49063655804754,50.088226345273185],[14.490531380790818,50.08824681601866],[14.490422,50.088253728145496],[14.490312619209185,50.08824681601866],[14.490207441952462,50.088226345273185],[14.490110510210512,50.08819310260498],[14.490025549067735,50.088148365536064],[14.48995582355142,50.088093853316295],[14.489904013155835,50.08803166084913],[14.489872108873508,50.08796417818112],[14.489861336690426,50.087893998649996],[14.489872110483907,50.08782381922164],[14.489904016131463,50.08775633684627],[14.48995582743927,50.087694144817085],[14.490025553275908,50.087639633113945],[14.490110514098358,50.08759489656165],[14.49020744492809,50.08756165433142],[14.490312620819585,50.087541183878585],[14.490422,50.08753427185451],[14.490531379180418,50.087541183878585],[14.490636555071912,50.08756165433142],[14.490733485901643,50.08759489656165],[14.490818446724093,50.087639633113945],[14.490888172560732,50.087694144817085],[14.49093998386854,50.08775633684627],[14.490971889516096,50.08782381922164],[14.490982663309575,50.087893998649996]]]},"properties":{"stopId":"U128Z3P","nodeId":"128","name":"Habrová","hasPlatform":false,"platformLengthM":0}},{"type":"Feature","geometry":{"type":"Polygon","coordinates":[[[14.493706711113953,50.09197999864979],[14.493695938012511,50.09205017818092],[14.493664031009997,50.09211766084897],[14.493612216196917,50.092179853316146],[14.49354248473555,50.09223436553596],[14.493457516348624,50.092279102604905],[14.493360576341825,50.09231234527316],[14.493255390117172,50.09233281601864],[14.493146,50.09233972814548],[14.493036609882825,50.09233281601864],[14.492931423658174,50.09231234527316],[14.492834483651375,50.092279102604905],[14.492749515264448,50.09223436553596],[14.492679783803082,50.092179853316146],[14.492627968990002,50.09211766084897],[14.492596061987488,50.09205017818092],[14.492585288886046,50.09197999864979],[14.492596063598256,50.09190981922144],[14.492627971966316,50.091842336846106],[14.492679787691825,50.09178014481694],[14.492749519473591,50.091725633113846],[14.492834487540115,50.091680896561584],[14.492931426634485,50.09164765433139],[14.493036611493595,50.09162718387857],[14.493146,50.0916202718545],[14.493255388506402,50.09162718387857],[14.493360573365512,50.09164765433139],[14.493457512459884,50.091680896561584],[14.493542480526408,50.091725633113846],[14.493612212308173,50.09178014481694],[14.493664028033681,50.091842336846106],[14.49369593640174,50.09190981922144],[14.493706711113953,50.09197999864979]]]},"properties":{"stopId":"U266Z3P","nodeId":"266","name":"Kněžská luka","hasPlatform":false,"platformLengthM":0}},{"type":"Feature","geometry":{"type":"Polygon","coordinates":[[[14.510107732223451,50.09378399864971],[14.51009695871648,50.09385417818084],[14.51006505051278,50.09392166084889],[14.51001323374902,50.09398385331609],[14.509943499662436,50.09403836553593],[14.509858528076634,50.09408310260488],[14.509761584420234,50.09411634527315],[14.509656394235515,50.094136816018654],[14.509547,50.09414372814549],[14.509437605764486,50.094136816018654],[14.509332415579767,50.09411634527315],[14.509235471923366,50.09408310260488],[14.509150500337565,50.09403836553593],[14.509080766250978,50.09398385331609],[14.50902894948722,50.09392166084889],[14.508997041283521,50.09385417818084],[14.50898626777655,50.09378399864971],[14.508997042894457,50.093713819221364],[14.509028952463835,50.093646336846035],[14.509080770140116,50.09358414481689],[14.509150504547135,50.09352963311381],[14.509235475812504,50.09348489656156],[14.509332418556383,50.09345165433138],[14.509437607375421,50.09343118387856],[14.509547,50.0934242718545],[14.50965639262458,50.09343118387856],[14.509761581443616,50.09345165433138],[14.509858524187496,50.09348489656156],[14.509943495452866,50.09352963311381],[14.510013229859885,50.09358414481689],[14.510065047536166,50.093646336846035],[14.510096957105544,50.093713819221364],[14.510107732223451,50.09378399864971]]]},"properties":{"stopId":"U4260Z1P","nodeId":"4260","name":"Hrdlořezská","hasPlatform":false,"platformLengthM":0}},{"type":"Feature","geometry":{"type":"Polygon","coordinates":[[[14.492046663847692,50.087939998649986],[14.492035891654274,50.08801017818111],[14.492003987341326,50.08807766084913],[14.491952176896016,50.08813985331629],[14.491882451312778,50.08819436553606],[14.491797490088453,50.088239102604966],[14.491700558253473,50.08827234527318],[14.4915953808958,50.08829281601866],[14.491486,50.088299728145486],[14.4913766191042,50.08829281601866],[14.491271441746527,50.08827234527318],[14.491174509911545,50.088239102604966],[14.491089548687222,50.08819436553606],[14.491019823103985,50.08813985331629],[14.490968012658675,50.08807766084913],[14.490936108345727,50.08801017818111],[14.490925336152308,50.087939998649986],[14.490936109956131,50.08786981922163],[14.490968015634309,50.087802336846266],[14.491019826991844,50.08774014481706],[14.491089552895408,50.08768563311394],[14.491174513799402,50.08764089656164],[14.491271444722164,50.087607654331414],[14.491376620714604,50.08758718387857],[14.491486,50.0875802718545],[14.491595379285396,50.08758718387857],[14.491700555277836,50.087607654331414],[14.491797486200598,50.08764089656164],[14.491882447104592,50.08768563311394],[14.491952173008157,50.08774014481706],[14.492003984365692,50.087802336846266],[14.49203589004387,50.08786981922163],[14.492046663847692,50.087939998649986]]]},"properties":{"stopId":"U128Z1P","nodeId":"128","name":"Habrová","hasPlatform":false,"platformLengthM":0}},{"type":"Feature","geometry":{"type":"Polygon","coordinates":[[[14.496781320534096,50.08606865711531],[14.496808203158889,50.08606501223049],[14.496835677472383,50.08606480246123],[14.496862687657957,50.08606803586879],[14.496888195734776,50.086074588195785],[14.496911221445972,50.08608420764128],[14.49693087992874,50.08609652453709],[14.496946415718757,50.08611106555368],[14.496957231782211,50.086127271889694],[14.496962912459828,50.086144520746096],[14.496963239441008,50.08616214925973],[14.496958200154213,50.086179479976764],[14.496947988250959,50.086195846886795],[14.496932996164736,50.086210621017365],[14.496913800030653,50.08622323460518],[14.496891137545228,50.086233202915274],[14.49686587961718,50.086240142869336],[14.496619579220674,50.08629014295878],[14.496592696455265,50.08629378780004],[14.496565222009448,50.08629399751197],[14.496538211716604,50.086290764035404],[14.496512703572584,50.08628421163173],[14.49648967784529,50.0862745921074],[14.496470019402866,50.0862622751371],[14.496454483708364,50.08624773405692],[14.496443667787716,50.0862315276742],[14.496437987286653,50.08621427879248],[14.4964376604983,50.086196650277365],[14.49644269997512,50.086179319582854],[14.496452912047396,50.086162952717146],[14.496467904266689,50.08614817864841],[14.49648710048806,50.086135565134114],[14.496509763011344,50.08612559690267],[14.496535020930594,50.08611865702586],[14.496781320534096,50.08606865711531]]]},"properties":{"stopId":"U4572Z2P","nodeId":"4572","name":"Malešický park","hasPlatform":true,"platformLengthM":18}},{"type":"Feature","geometry":{"type":"Polygon","coordinates":[[[14.5038336301595,50.085059998650124],[14.50382285861326,50.08513017818124],[14.503790956217252,50.08519766084925],[14.50373914888499,50.08525985331638],[14.503669427491289,50.08531436553613],[14.503584471371981,50.08535910260501],[14.503487545361319,50.085392345273206],[14.503382374323431,50.08541281601866],[14.503273000000002,50.08541972814549],[14.503163625676573,50.08541281601866],[14.503058454638683,50.085392345273206],[14.50296152862802,50.08535910260501],[14.502876572508713,50.08531436553613],[14.502806851115013,50.08525985331638],[14.50275504378275,50.08519766084925],[14.502723141386742,50.08513017818124],[14.502712369840502,50.085059998650124],[14.502723142996885,50.08498981922176],[14.502755046757901,50.08492233684639],[14.50280685500224,50.08486014481716],[14.502876576716217,50.08480563311402],[14.502961532515247,50.08476089656168],[14.503058457613838,50.08472765433144],[14.503163627286716,50.08470718387858],[14.503273000000002,50.08470027185451],[14.503382372713288,50.08470718387858],[14.503487542386164,50.08472765433144],[14.503584467484755,50.08476089656168],[14.503669423283785,50.08480563311402],[14.503739144997763,50.08486014481716],[14.5037909532421,50.08492233684639],[14.503822857003117,50.08498981922176],[14.5038336301595,50.085059998650124]]]},"properties":{"stopId":"U1160Z2P","nodeId":"1160","name":"Univerzitní","hasPlatform":false,"platformLengthM":0}},{"type":"Feature","geometry":{"type":"Polygon","coordinates":[[[14.50225463404272,50.085391998650124],[14.50224386242188,50.08546217818123],[14.502211959804912,50.08552966084923],[14.502160152113806,50.08559185331638],[14.50209043023718,50.08564636553612],[14.502005473529422,50.08569110260501],[14.501908546847393,50.085724345273206],[14.501803375081023,50.085744816018675],[14.501694,50.085751728145496],[14.50158462491898,50.085744816018675],[14.50147945315261,50.085724345273206],[14.50138252647058,50.08569110260501],[14.501297569762823,50.08564636553612],[14.501227847886197,50.08559185331638],[14.50117604019509,50.08552966084923],[14.501144137578123,50.08546217818123],[14.501133365957283,50.085391998650124],[14.501144139188295,50.08532181922176],[14.501176043170302,50.085254336846376],[14.501227851773493,50.085192144817164],[14.501297573970403,50.085137633114],[14.50138253035788,50.0850928965617],[14.501479456127822,50.08505965433143],[14.501584626529151,50.085039183878585],[14.501694,50.085032271854516],[14.501803373470851,50.085039183878585],[14.50190854387218,50.08505965433143],[14.502005469642123,50.0850928965617],[14.502090426029598,50.085137633114],[14.502160148226508,50.085192144817164],[14.502211956829699,50.085254336846376],[14.502243860811708,50.08532181922176],[14.50225463404272,50.085391998650124]]]},"properties":{"stopId":"U1160Z1P","nodeId":"1160","name":"Univerzitní","hasPlatform":false,"platformLengthM":0}},{"type":"Feature","geometry":{"type":"Polygon","coordinates":[[[14.495946458134181,50.08630683411124],[14.495973303643192,50.08630307789989],[14.496000775408602,50.086302754280474],[14.4960278177117,50.08630587568939],[14.496053391337428,50.08631232217335],[14.496076513509962,50.08632184599885],[14.496096295659608,50.086334081172325],[14.496111977569669,50.08634855750477],[14.496122956591096,50.08636471868062],[14.496128810802281,50.08638194363632],[14.496129315223861,50.08639957042727],[14.496124450465363,50.08641692166583],[14.496114403471253,50.086433330553],[14.496099560337605,50.08644816650316],[14.496080491475286,50.08646085937736],[14.496057929689771,50.08647092139369],[14.496032742019857,50.08647796587278],[14.495802941652542,50.08652566595793],[14.495776096005509,50.08652942213],[14.495748624108662,50.0865297456964],[14.495721581697437,50.08652662422263],[14.495696008001994,50.086520177665776],[14.495672885809391,50.08651065376472],[14.49565310369495,50.086498418519305],[14.495637421874454,50.08648394212505],[14.495626442989433,50.086467780903405],[14.495620588948304,50.086450555922426],[14.495620084713277,50.08643292912928],[14.495624949655987,50.086415577911794],[14.495634996813942,50.08639916906689],[14.495649840076217,50.08638433317595],[14.495668909022132,50.08637164037227],[14.49569147084258,50.08636157843133],[14.49571665850149,50.08635453402608],[14.495946458134181,50.08630683411124]]]},"properties":{"stopId":"U4572Z1P","nodeId":"4572","name":"Malešický park","hasPlatform":true,"platformLengthM":17}},{"type":"Feature","geometry":{"type":"Polygon","coordinates":[[[14.499812303737695,50.10097553271517],[14.500116376787126,50.10094828745508],[14.500312561254907,50.10092750687207],[14.500560904550621,50.10089812653113],[14.500777989240735,50.100871261566915],[14.501099337227389,50.10082224739101],[14.50186666788987,50.10068807916685],[14.50260682992684,50.10055670370929],[14.503605228257411,50.10038010402887],[14.503606343137116,50.100379909986735],[14.503793242822278,50.100347910044775],[14.503796388981366,50.10034739632814],[14.504038988564728,50.100309696396955],[14.504039681629434,50.10030958988949],[14.504267381236835,50.10027498995269],[14.504270716430685,50.10027451061488],[14.504495016037106,50.10024411067072],[14.504498194926933,50.100243704388774],[14.504843694311779,50.10020220446537],[14.50487119657513,50.100200674548375],[14.504898633064473,50.100202630936785],[14.504924940102764,50.10020799778391],[14.504949097799601,50.1002165670241],[14.504970169590521,50.100228006438805],[14.50498733854611,50.10024187253623],[14.504999939043312,50.10025762774477],[14.505007482571113,50.10027466125363],[14.505019582691224,50.100317761239296],[14.505021790991139,50.100334838300064],[14.505018909553542,50.100351874037024],[14.505011042985906,50.100368249954826],[14.504998476885321,50.100383371512734],[14.50498166747032,50.10039668971007],[14.504961225017977,50.10040772101813],[14.504937891707495,50.10041606493549],[14.504912514674714,50.10042141852863],[14.504695039827984,50.10045295387375],[14.504434826516864,50.10049539931893],[14.504045197572358,50.1005627795175],[14.50346526628326,50.10066484979189],[14.502521991809736,50.100830227807144],[14.501940646438618,50.100932900511594],[14.501556274352426,50.10100089558298],[14.501555328124066,50.10100106068632],[14.501370527813105,50.10103286074399],[14.501367453052854,50.101033365979085],[14.501180352731973,50.10106266603252],[14.501175556986507,50.10106336013242],[14.500856656425482,50.10110576021038],[14.500852954530442,50.10110621918746],[14.500605254087468,50.10113471924012],[14.500602240457509,50.101135044277264],[14.50035194000474,50.10116024432399],[14.500347832869265,50.1011606179775],[14.500116632445597,50.101179418012514],[14.500113877560413,50.101179624284775],[14.4998596770913,50.10119702431723],[14.499833706603258,50.10119725008759],[14.499808116814016,50.10119439929312],[14.499783785903595,50.10118856976626],[14.499761548849643,50.10117996156236],[14.499742168772634,50.10116887009406],[14.49972631074725,50.10115567599349],[14.499714518978644,50.10114083204957],[14.499707198126911,50.10112484766932],[14.499694098245707,50.101081847653866],[14.49969150285328,50.10106368785668],[14.499694672030273,50.10104556556804],[14.499703475461445,50.10102822593245],[14.499717551165642,50.101012381912824],[14.49973632038044,50.100998684975366],[14.499759011360009,50.100987698303214],[14.499784691107568,50.1009798736399],[14.499812303737695,50.10097553271517]]]},"properties":{"stopId":"U134Z301","nodeId":"134","name":"Praha-Libeň","hasPlatform":true,"platformLengthM":749}},{"type":"Feature","geometry":{"type":"Polygon","coordinates":[[[14.464761711617092,50.09202299864979],[14.464750938505984,50.09209317818092],[14.464719031474841,50.09216066084896],[14.464667216615265,50.092222853316144],[14.46459748509133,50.092277365535956],[14.46451251662816,50.0923221026049],[14.464415576534373,50.092355345273155],[14.464310390215331,50.092375816018645],[14.464201,50.09238272814548],[14.464091609784669,50.092375816018645],[14.463986423465625,50.092355345273155],[14.463889483371839,50.0923221026049],[14.463804514908668,50.092277365535956],[14.463734783384734,50.092222853316144],[14.463682968525157,50.09216066084896],[14.463651061494016,50.09209317818092],[14.463640288382907,50.09202299864979],[14.463651063104788,50.09195281922143],[14.463682971501479,50.091885336846104],[14.463734787273484,50.091823144816935],[14.46380451911782,50.091768633113844],[14.463889487260593,50.09172389656158],[14.463986426441949,50.09169065433139],[14.46409161139544,50.09167018387857],[14.464201,50.0916632718545],[14.464310388604558,50.09167018387857],[14.464415573558052,50.09169065433139],[14.464512512739407,50.09172389656158],[14.464597480882178,50.091768633113844],[14.464667212726514,50.091823144816935],[14.46471902849852,50.091885336846104],[14.46475093689521,50.09195281922143],[14.464761711617092,50.09202299864979]]]},"properties":{"stopId":"T57075","nodeId":"T57075","name":"Pha hl.n.L601b,L602b","hasPlatform":false,"platformLengthM":0}},{"type":"Feature","geometry":{"type":"Polygon","coordinates":[[[14.436284372564876,50.08288715420658],[14.436452673036138,50.08311625402331],[14.436452830498713,50.08311646910517],[14.436783481171839,50.0835696627926],[14.437705631840522,50.08481705632777],[14.437714899587315,50.084833602811024],[14.437718972680164,50.084850990123115],[14.437717695422576,50.084868553647475],[14.437711116631013,50.08488562203121],[14.437699487769777,50.08490154284717],[14.437683253339765,50.0849157075325],[14.437663033888308,50.08492757465085],[14.437639602289467,50.08493669058857],[14.437555380434844,50.08496260501561],[14.437484958008753,50.08498451865039],[14.437458999892495,50.0849906496492],[14.437431670758412,50.08499339012098],[14.437404035062261,50.08499263332576],[14.437377169200426,50.084988408740315],[14.437352119584157,50.084980880910116],[14.437329861881777,50.084970343040176],[14.43731126301651,50.08495720557475],[14.437297047400191,50.084941980210594],[14.43637724997097,50.08369127920918],[14.436377157888009,50.083691153744546],[14.43604619851756,50.08323930758252],[14.435877338800452,50.08300956156325],[14.435868084800587,50.082992887354386],[14.435864099528548,50.082975373061075],[14.435865537353221,50.08295769712215],[14.435872342572782,50.08294054423725],[14.435884251573249,50.08292457884419],[14.43590080304073,50.08291041938114],[14.435921355831539,50.08289861433104],[14.435945113807986,50.08288962097551],[14.436098613602987,50.08284392105329],[14.436124446010732,50.08283812048836],[14.43615154268674,50.08283565199744],[14.436178870347556,50.08283660971203],[14.436205386901667,50.08284095711142],[14.436230081187173,50.08284852841527],[14.436252011530062,50.08285903490528],[14.436270341652937,50.0828720759348],[14.436284372564876,50.08288715420658]]]},"properties":{"stopId":"U142Z301","nodeId":"142","name":"Praha hl.n.","hasPlatform":true,"platformLengthM":499}},{"type":"Feature","geometry":{"type":"Polygon","coordinates":[[[14.434423527748205,50.07630199865054],[14.434412758169374,50.07637217818164],[14.434380861600822,50.0764396608496],[14.434329063732154,50.07650185331667],[14.43425935507453,50.076556365536334],[14.434174414474358,50.076601102605146],[14.43407750616948,50.076634345273256],[14.43397235434358,50.076654816018674],[14.433863,50.076661728145496],[14.433753645656422,50.076654816018674],[14.433648493830521,50.076634345273256],[14.433551585525644,50.076601102605146],[14.43346664492547,50.076556365536334],[14.433396936267847,50.07650185331667],[14.43334513839918,50.0764396608496],[14.433313241830627,50.07637217818164],[14.433302472251796,50.07630199865054],[14.433313243439974,50.076231819222166],[14.433345141372866,50.07616433684674],[14.433396940153159,50.076102144817455],[14.433466649130898,50.076047633114214],[14.433551589410952,50.07600289656182],[14.433648496804208,50.0759696543315],[14.43375364726577,50.0759491838786],[14.433863,50.0759422718545],[14.433972352734232,50.0759491838786],[14.434077503195793,50.0759696543315],[14.43417441058905,50.07600289656182],[14.434259350869103,50.076047633114214],[14.434329059846842,50.076102144817455],[14.434380858627135,50.07616433684674],[14.434412756560027,50.076231819222166],[14.434423527748205,50.07630199865054]]]},"properties":{"stopId":"T57073","nodeId":"T57073","name":"Pha hl.n. Lc105-102","hasPlatform":false,"platformLengthM":0}},{"type":"Feature","geometry":{"type":"Polygon","coordinates":[[[14.46979672501509,50.09316799864974],[14.469785951646593,50.093238178180876],[14.469754043853072,50.09330566084893],[14.46970222775542,50.093367853316124],[14.469632494565282,50.093422365535936],[14.469547524071814,50.0934671026049],[14.46945058166166,50.093500345273156],[14.469345392829204,50.09352081601865],[14.469236,50.09352772814549],[14.469126607170796,50.09352081601865],[14.469021418338341,50.093500345273156],[14.468924475928189,50.0934671026049],[14.468839505434719,50.093422365535936],[14.468769772244581,50.093367853316124],[14.46871795614693,50.09330566084893],[14.468686048353408,50.093238178180876],[14.46867527498491,50.09316799864974],[14.468686049964283,50.09309781922139],[14.468717959123442,50.09303033684606],[14.468769776133582,50.0929681448169],[14.468839509644146,50.09291363311384],[14.46892447981719,50.09286889656157],[14.469021421314853,50.09283565433139],[14.469126608781675,50.092815183878564],[14.469236,50.092808271854516],[14.469345391218326,50.092815183878564],[14.469450578685148,50.09283565433139],[14.469547520182813,50.09286889656157],[14.469632490355856,50.09291363311384],[14.469702223866419,50.0929681448169],[14.469754040876559,50.09303033684606],[14.46978595003572,50.09309781922139],[14.46979672501509,50.09316799864974]]]},"properties":{"stopId":"T58323","nodeId":"T58323","name":"P.hl.n.-Vítkov v.301","hasPlatform":false,"platformLengthM":0}},{"type":"Feature","geometry":{"type":"Polygon","coordinates":[[[14.48090482659884,50.10184699864933],[14.480894051278836,50.10191717818047],[14.480862137704946,50.101984660848565],[14.480810312220171,50.102046853315834],[14.48074056639687,50.10210136553574],[14.480655580509673,50.10214610260477],[14.480558620536808,50.10217934527309],[14.480453412647607,50.10219981601864],[14.480344000000002,50.10220672814549],[14.480234587352395,50.10219981601864],[14.480129379463195,50.10217934527309],[14.48003241949033,50.10214610260477],[14.479947433603133,50.10210136553574],[14.479877687779833,50.102046853315834],[14.479825862295057,50.101984660848565],[14.479793948721166,50.10191717818047],[14.479783173401163,50.10184699864933],[14.479793950332832,50.101776819220994],[14.479825865273025,50.10170933684571],[14.479877691670735,50.10164714481662],[14.479947437814618,50.10159263311362],[14.480032423381234,50.10154789656144],[14.480129382441165,50.10151465433133],[14.480234588964063,50.10149418387856],[14.480344000000002,50.101487271854516],[14.48045341103594,50.10149418387856],[14.480558617558838,50.10151465433133],[14.48065557661877,50.10154789656144],[14.480740562185385,50.10159263311362],[14.480810308329268,50.10164714481662],[14.480862134726978,50.10170933684571],[14.480894049667171,50.101776819220994],[14.48090482659884,50.10184699864933]]]},"properties":{"stopId":"T58322","nodeId":"T58322","name":"Odb Balabenka","hasPlatform":false,"platformLengthM":0}},{"type":"Feature","geometry":{"type":"Polygon","coordinates":[[[14.433692522078356,50.075816998650566],[14.433681752608445,50.075887178181674],[14.433649856362523,50.07595466084962],[14.433598059017793,50.07601685331669],[14.433528351065284,50.07607136553634],[14.433443411324305,50.07611610260515],[14.433346503999681,50.076149345273265],[14.433241353237424,50.076169816018684],[14.433132,50.07617672814549],[14.433022646762577,50.076169816018684],[14.432917496000321,50.076149345273265],[14.432820588675698,50.07611610260515],[14.432735648934718,50.07607136553634],[14.43266594098221,50.07601685331669],[14.43261414363748,50.07595466084962],[14.432582247391558,50.075887178181674],[14.432571477921647,50.075816998650566],[14.43258224900086,50.07574681922219],[14.432614146611085,50.07567933684676],[14.432665944867413,50.07561714481748],[14.432735653140034,50.07556263311423],[14.432820592560901,50.075517896561834],[14.432917498973927,50.0754846543315],[14.433022648371882,50.075464183878594],[14.433132,50.0754572718545],[14.433241351628121,50.075464183878594],[14.433346501026076,50.0754846543315],[14.433443407439102,50.075517896561834],[14.433528346859969,50.07556263311423],[14.43359805513259,50.07561714481748],[14.433649853388918,50.07567933684676],[14.433681750999142,50.07574681922219],[14.433692522078356,50.075816998650566]]]},"properties":{"stopId":"T57072","nodeId":"T57072","name":"Pha hl.n. Lc201,202","hasPlatform":false,"platformLengthM":0}},{"type":"Feature","geometry":{"type":"Polygon","coordinates":[[[14.460723707826027,50.09169899864981],[14.460712934787747,50.09176917818094],[14.460681027972326,50.09183666084898],[14.460629213463074,50.09189885331617],[14.460559482410604,50.091953365535964],[14.46047451452192,50.09199810260492],[14.460377575083566,50.09203134527316],[14.460272389475719,50.09205181601865],[14.460163,50.09205872814549],[14.46005361052428,50.09205181601865],[14.459948424916433,50.09203134527316],[14.45985148547808,50.09199810260492],[14.459766517589395,50.091953365535964],[14.459696786536925,50.09189885331617],[14.459644972027673,50.09183666084898],[14.459613065212253,50.09176917818094],[14.459602292173972,50.09169899864981],[14.459613066822996,50.091628819221455],[14.459644975003942,50.09156133684613],[14.459696790425605,50.09149914481695],[14.459766521798471,50.09144463311386],[14.45985148936676,50.09139989656158],[14.459948427892698,50.091366654331395],[14.460053612135026,50.09134618387857],[14.460163,50.09133927185451],[14.460272387864974,50.09134618387857],[14.460377572107301,50.091366654331395],[14.46047451063324,50.09139989656158],[14.460559478201526,50.09144463311386],[14.460629209574394,50.09149914481695],[14.460681024996058,50.09156133684613],[14.460712933177003,50.091628819221455],[14.460723707826027,50.09169899864981]]]},"properties":{"stopId":"T58321","nodeId":"T58321","name":"Praha M.n.-Sluncová","hasPlatform":false,"platformLengthM":0}},{"type":"Feature","geometry":{"type":"Polygon","coordinates":[[[14.449881683618658,50.08962999864991],[14.449870911045423,50.08970017818103],[14.449839005607458,50.08976766084906],[14.449787193335155,50.08982985331624],[14.449717465293164,50.08988436553602],[14.4496325010728,50.08992910260495],[14.449535565819636,50.08996234527318],[14.449430384753,50.08998281601866],[14.449321000000001,50.08998972814548],[14.449211615247002,50.08998281601866],[14.449106434180367,50.08996234527318],[14.449009498927202,50.08992910260495],[14.448924534706837,50.08988436553602],[14.448854806664848,50.08982985331624],[14.448802994392544,50.08976766084906],[14.44877108895458,50.08970017818103],[14.448760316381344,50.08962999864991],[14.448771090565135,50.089559819221556],[14.448802997368464,50.08949233684621],[14.448854810553073,50.08943014481702],[14.448924538915424,50.08937563311391],[14.449009502815427,50.08933089656162],[14.449106437156287,50.08929765433141],[14.449211616857559,50.08927718387857],[14.449321000000001,50.08927027185452],[14.449430383142444,50.08927718387857],[14.449535562843714,50.08929765433141],[14.449632497184576,50.08933089656162],[14.449717461084578,50.08937563311391],[14.44978718944693,50.08943014481702],[14.449839002631538,50.08949233684621],[14.449870909434866,50.089559819221556],[14.449881683618658,50.08962999864991]]]},"properties":{"stopId":"T58396","nodeId":"T58396","name":"Praha M.n.-Hrabovka","hasPlatform":false,"platformLengthM":0}},{"type":"Feature","geometry":{"type":"Polygon","coordinates":[[[14.433570660713023,50.087936923201646],[14.433486837633481,50.08793663070612],[14.433459601036127,50.08793481951648],[14.43343343301429,50.087929645273356],[14.433409332265255,50.087921305450784],[14.433388218588018,50.08791011833643],[14.433370897779055,50.08789651088405],[14.433358030879234,50.08788100241864],[14.433350108945614,50.08786418481638],[14.433347434310933,50.08784669991563],[14.43334743446418,50.08779429991563],[14.433350154511745,50.08777666896568],[14.43335820897917,50.08775972230034],[14.433371285257914,50.08774411763914],[14.433388875838512,50.08773046061627],[14.433410298008134,50.08771928127541],[14.43343472034767,50.087711013498485],[14.433461194999918,50.08770597816634],[14.433488694456575,50.08770437070525],[14.433648184823314,50.087705169655244],[14.436537914855469,50.087714069133234],[14.436721314511349,50.087714669132126],[14.436733034340786,50.08771502253617],[14.437006033834592,50.08773062250701],[14.437032357177925,50.08773377432379],[14.437057265973815,50.08774008048949],[14.437079851107862,50.087749310843606],[14.437099288272742,50.087761128499324],[14.43711486805335,50.08777510213892],[14.437126021818907,50.08779072175577],[14.437132342477026,50.08780741726822],[14.437133599332263,50.087824579326174],[14.437131099428138,50.08785747932916],[14.437127469390239,50.08787388886204],[14.437119207623807,50.087889592313324],[14.437106594732015,50.087904056321655],[14.437090059103284,50.08791678962245],[14.437070162361636,50.08792735973354],[14.437047580291507,50.08793540764454],[14.437023079884918,50.08794066001056],[14.436997493290605,50.087942938436534],[14.436621992588208,50.08795393845716],[14.436615009982363,50.087954031239605],[14.43363010438156,50.087945931224404],[14.433602593682727,50.087944105447114],[14.433576177308677,50.08793884928014],[14.433570660713023,50.087936923201646]]]},"properties":{"stopId":"U480Z301","nodeId":"480","name":"Praha Masarykovo nádraží","hasPlatform":true,"platformLengthM":511}}]}