{"type":"FeatureCollection","features":[{"type":"Feature","properties":{"segmentId":"RL991_713~921","lineId":"L991","routeId":"L991","mode":"metro","routeColor":"#00A562","routeTextColor":"#FFFFFF","routeShortName":"A","routeLongName":"Nemocnice Motol - Petřiny - Skalka - Depo Hostivař","fromStop":{"stopId":"U713Z102P","nodeId":"713","name":"Strašnická","lat":50.073145,"lon":14.490506},"toStop":{"stopId":"U921Z102P","nodeId":"921","name":"Želivského","lat":50.078355,"lon":14.475556},"lengthM":1221.1,"bidirectional":true},"geometry":{"type":"LineString","coordinates":[[14.490458,50.073098],[14.490421,50.073117],[14.489536,50.07355],[14.489395,50.073613],[14.489304,50.073654],[14.489214,50.073695],[14.488992,50.073791],[14.488759,50.073882],[14.488633,50.073925],[14.488506,50.073969],[14.48825,50.074048],[14.488047,50.074109],[14.487818,50.074169],[14.487608,50.074223],[14.487365,50.074285],[14.486764,50.074442],[14.486331,50.074562],[14.486084,50.074637],[14.485839,50.074711],[14.485643,50.074779],[14.485214,50.074927],[14.484267,50.075316],[14.484091,50.0754],[14.48375,50.075566],[14.483565,50.075658],[14.48262,50.076134],[14.482542,50.076173],[14.482358,50.076266],[14.482099,50.076387],[14.481907,50.076472],[14.48175,50.076537],[14.481584,50.076595],[14.48124,50.076709],[14.480711,50.076859],[14.480256,50.076984],[14.479599,50.077163],[14.479385,50.077222],[14.479235,50.077263],[14.479092,50.077301],[14.478282,50.077522],[14.477794,50.077655],[14.47769,50.077683],[14.477351,50.077776],[14.477329,50.077782],[14.476732,50.077944],[14.476541,50.077997],[14.475537,50.07827],[14.475485,50.078284]]}},{"type":"Feature","properties":{"segmentId":"RL991_209~921","lineId":"L991","routeId":"L991","mode":"metro","routeColor":"#00A562","routeTextColor":"#FFFFFF","routeShortName":"A","routeLongName":"Nemocnice Motol - Petřiny - Skalka - Depo Hostivař","fromStop":{"stopId":"U921Z102P","nodeId":"921","name":"Želivského","lat":50.078355,"lon":14.475556},"toStop":{"stopId":"U209Z102P","nodeId":"209","name":"Jiřího z Poděbrad","lat":50.077811,"lon":14.450665},"lengthM":1804.6,"bidirectional":true},"geometry":{"type":"LineString","coordinates":[[14.475485,50.078284],[14.475431,50.078299],[14.474068,50.078672],[14.473864,50.078727],[14.473747,50.078755],[14.473128,50.078901],[14.472707,50.078972],[14.472479,50.079002],[14.47228,50.079029],[14.472111,50.079051],[14.471942,50.079071],[14.471559,50.0791],[14.470998,50.079129],[14.47064,50.079136],[14.470267,50.079125],[14.469839,50.079103],[14.469431,50.079063],[14.468598,50.078973],[14.468286,50.07894],[14.466781,50.078765],[14.46652,50.078735],[14.46474,50.078528],[14.464398,50.078488],[14.462315,50.078246],[14.462166,50.078229],[14.462024,50.078213],[14.461381,50.078141],[14.460968,50.078095],[14.460623,50.078067],[14.460396,50.078053],[14.460099,50.078042],[14.459806,50.078039],[14.459475,50.07804],[14.459142,50.078048],[14.458675,50.078064],[14.45844,50.078074],[14.458206,50.078086],[14.457969,50.0781],[14.456586,50.078184],[14.456268,50.078203],[14.454836,50.07829],[14.454459,50.078306],[14.454086,50.078306],[14.453773,50.078296],[14.453459,50.078272],[14.453167,50.078239],[14.452872,50.078193],[14.452384,50.078109],[14.451931,50.078013],[14.450835,50.07774],[14.450726,50.077713]]}},{"type":"Feature","properties":{"segmentId":"RL991_209~476","lineId":"L991","routeId":"L991","mode":"metro","routeColor":"#00A562","routeTextColor":"#FFFFFF","routeShortName":"A","routeLongName":"Nemocnice Motol - Petřiny - Skalka - Depo Hostivař","fromStop":{"stopId":"U209Z102P","nodeId":"209","name":"Jiřího z Poděbrad","lat":50.077811,"lon":14.450665},"toStop":{"stopId":"U476Z102P","nodeId":"476","name":"Náměstí Míru","lat":50.075411,"lon":14.439105},"lengthM":899.1,"bidirectional":true},"geometry":{"type":"LineString","coordinates":[[14.450726,50.077713],[14.450645,50.077693],[14.449527,50.077412],[14.449111,50.0773],[14.448767,50.077183],[14.448588,50.077122],[14.448445,50.077063],[14.448172,50.07694],[14.447911,50.076811],[14.447353,50.076525],[14.446893,50.0763],[14.446734,50.076222],[14.446208,50.075975],[14.445772,50.075814],[14.445533,50.075729],[14.445286,50.075652],[14.444847,50.07555],[14.444591,50.075496],[14.444329,50.075448],[14.443942,50.075401],[14.443619,50.075372],[14.443298,50.075349],[14.443006,50.075337],[14.442713,50.075331],[14.442365,50.075326],[14.441765,50.075318],[14.440593,50.075311],[14.439183,50.075303],[14.439111,50.075303]]}},{"type":"Feature","properties":{"segmentId":"RL992_689~758","lineId":"L992","routeId":"L992","mode":"metro","routeColor":"#F8B322","routeTextColor":"#000000","routeShortName":"B","routeLongName":"Zličín - Černý Most","fromStop":{"stopId":"U689Z102P","nodeId":"689","name":"Florenc","lat":50.09041,"lon":14.43766},"toStop":{"stopId":"U758Z102P","nodeId":"758","name":"Křižíkova","lat":50.092498,"lon":14.45153},"lengthM":1023.4,"bidirectional":true},"geometry":{"type":"LineString","coordinates":[[14.437657,50.090494],[14.437686,50.090495],[14.438358,50.090522],[14.43924,50.090564],[14.439546,50.090571],[14.440407,50.090591],[14.440492,50.090593],[14.440685,50.090597],[14.441488,50.090617],[14.44163,50.09062],[14.441813,50.090625],[14.442449,50.090639],[14.442862,50.090666],[14.443133,50.09069],[14.443444,50.090738],[14.444527,50.090958],[14.444663,50.090987],[14.445142,50.091097],[14.445373,50.091151],[14.446449,50.091404],[14.447416,50.091631],[14.448262,50.091828],[14.449618,50.092148],[14.44979,50.092189],[14.449937,50.092223],[14.451437,50.092577],[14.45146,50.092582],[14.451481,50.092587]]}},{"type":"Feature","properties":{"segmentId":"RL992_655~758","lineId":"L992","routeId":"L992","mode":"metro","routeColor":"#F8B322","routeTextColor":"#000000","routeShortName":"B","routeLongName":"Zličín - Černý Most","fromStop":{"stopId":"U758Z102P","nodeId":"758","name":"Křižíkova","lat":50.092498,"lon":14.45153},"toStop":{"stopId":"U655Z102P","nodeId":"655","name":"Invalidovna","lat":50.096899,"lon":14.463568},"lengthM":989.5,"bidirectional":true},"geometry":{"type":"LineString","coordinates":[[14.451481,50.092587],[14.453237,50.093005],[14.453376,50.093038],[14.453742,50.093124],[14.454122,50.093221],[14.454486,50.093325],[14.454766,50.093415],[14.455061,50.093523],[14.455191,50.093576],[14.456853,50.094249],[14.456942,50.094286],[14.458602,50.09496],[14.458691,50.094997],[14.460185,50.095603],[14.460276,50.095638],[14.460375,50.095677],[14.461779,50.096249],[14.461851,50.096278],[14.462518,50.096548],[14.463484,50.096952],[14.463504,50.096961]]}},{"type":"Feature","properties":{"segmentId":"RL993_142~689","lineId":"L993","routeId":"L993","mode":"metro","routeColor":"#CF003D","routeTextColor":"#FFFFFF","routeShortName":"C","routeLongName":"Letňany - Ládví - Háje","fromStop":{"stopId":"U142Z101P","nodeId":"142","name":"Hlavní nádraží","lat":50.083495,"lon":14.434156},"toStop":{"stopId":"U689Z121P","nodeId":"689","name":"Florenc","lat":50.090023,"lon":14.43927},"lengthM":822.2,"bidirectional":true},"geometry":{"type":"LineString","coordinates":[[14.434121,50.0835],[14.434134,50.083517],[14.434567,50.084108],[14.434762,50.084353],[14.434813,50.084413],[14.434873,50.084477],[14.434956,50.084565],[14.435085,50.084701],[14.435273,50.084873],[14.435393,50.084972],[14.43551,50.085061],[14.435754,50.085245],[14.436105,50.085498],[14.436365,50.085686],[14.436599,50.085856],[14.436898,50.086099],[14.436913,50.086113],[14.437136,50.086315],[14.437243,50.086427],[14.437359,50.086569],[14.437477,50.086721],[14.437633,50.08695],[14.437658,50.086993],[14.437919,50.087507],[14.437967,50.087603],[14.438093,50.087848],[14.438257,50.088176],[14.438455,50.088588],[14.438545,50.088776],[14.438579,50.088844],[14.438688,50.089056],[14.4387,50.089081],[14.438807,50.089304],[14.438829,50.08935],[14.438938,50.089577],[14.439165,50.090031],[14.43917,50.090042]]}},{"type":"Feature","properties":{"segmentId":"RL5_266~694","lineId":"L5","routeId":"L5","mode":"tram","routeColor":"#7A0603","routeTextColor":"#FFFFFF","routeShortName":"5","routeLongName":"Slivenec - Vozovna Žižkov","fromStop":{"stopId":"U694Z1P","nodeId":"694","name":"Spojovací","lat":50.091843,"lon":14.498599},"toStop":{"stopId":"U266Z1P","nodeId":"266","name":"Kněžská luka","lat":50.092186,"lon":14.492968},"lengthM":403.51,"bidirectional":true,"osmSnapped":true},"geometry":{"type":"LineString","coordinates":[[14.498599,50.091843],[14.492968,50.092186]]}},{"type":"Feature","properties":{"segmentId":"RL5_180~266","lineId":"L5","routeId":"L5","mode":"tram","routeColor":"#7A0603","routeTextColor":"#FFFFFF","routeShortName":"5","routeLongName":"Slivenec - Vozovna Žižkov","fromStop":{"stopId":"U266Z1P","nodeId":"266","name":"Kněžská luka","lat":50.092186,"lon":14.492968},"toStop":{"stopId":"U180Z1P","nodeId":"180","name":"Chmelnice","lat":50.092556,"lon":14.486961},"lengthM":430.841,"bidirectional":true,"osmSnapped":true},"geometry":{"type":"LineString","coordinates":[[14.492968,50.092186],[14.489232,50.0924918],[14.486961,50.092556]]}},{"type":"Feature","properties":{"segmentId":"RL5_D1_180~714","lineId":"L5-1","routeId":"L5","mode":"tram","routeColor":"#7A0603","routeTextColor":"#FFFFFF","routeShortName":"5","routeLongName":"Slivenec - Vozovna Žižkov","fromStop":{"stopId":"U180Z1P","nodeId":"180","name":"Chmelnice","lat":50.092556,"lon":14.486961},"toStop":{"stopId":"U714Z1P","nodeId":"714","name":"Strážní","lat":50.092316,"lon":14.481536},"lengthM":388.288,"bidirectional":false,"osmSnapped":true},"geometry":{"type":"LineString","coordinates":[[14.486961,50.092556],[14.4844063,50.0925138],[14.4828127,50.0924233],[14.481536,50.092316]]}},{"type":"Feature","properties":{"segmentId":"RL5_D0_180~714","lineId":"L5-0","routeId":"L5","mode":"tram","routeColor":"#7A0603","routeTextColor":"#FFFFFF","routeShortName":"5","routeLongName":"Slivenec - Vozovna Žižkov","fromStop":{"stopId":"U714Z2P","nodeId":"714","name":"Strážní","lat":50.09219,"lon":14.481013},"toStop":{"stopId":"U180Z2P","nodeId":"180","name":"Chmelnice","lat":50.092487,"lon":14.485838},"lengthM":346.598,"bidirectional":false,"osmSnapped":true},"geometry":{"type":"LineString","coordinates":[[14.481013,50.09219],[14.483012,50.0924038],[14.4844135,50.092487],[14.485838,50.092487]]}},{"type":"Feature","properties":{"segmentId":"RL5_714~837","lineId":"L5","routeId":"L5","mode":"tram","routeColor":"#7A0603","routeTextColor":"#FFFFFF","routeShortName":"5","routeLongName":"Slivenec - Vozovna Žižkov","fromStop":{"stopId":"U714Z1P","nodeId":"714","name":"Strážní","lat":50.092316,"lon":14.481536},"toStop":{"stopId":"U837Z1P","nodeId":"837","name":"Vozovna Žižkov","lat":50.091682,"lon":14.475441},"lengthM":440.483,"bidirectional":true,"osmSnapped":true},"geometry":{"type":"LineString","coordinates":[[14.481536,50.092316],[14.475441,50.091682]]}},{"type":"Feature","properties":{"segmentId":"RL5_512~837","lineId":"L5","routeId":"L5","mode":"tram","routeColor":"#7A0603","routeTextColor":"#FFFFFF","routeShortName":"5","routeLongName":"Slivenec - Vozovna Žižkov","fromStop":{"stopId":"U837Z1P","nodeId":"837","name":"Vozovna Žižkov","lat":50.091682,"lon":14.475441},"toStop":{"stopId":"U512Z1P","nodeId":"512","name":"Ohrada","lat":50.090584,"lon":14.46923},"lengthM":459.645,"bidirectional":true,"osmSnapped":true},"geometry":{"type":"LineString","coordinates":[[14.475441,50.091682],[14.4745987,50.0915532],[14.46923,50.090584]]}},{"type":"Feature","properties":{"segmentId":"RL5_D1_34~512","lineId":"L5-1","routeId":"L5","mode":"tram","routeColor":"#7A0603","routeTextColor":"#FFFFFF","routeShortName":"5","routeLongName":"Slivenec - Vozovna Žižkov","fromStop":{"stopId":"U512Z1P","nodeId":"512","name":"Ohrada","lat":50.090584,"lon":14.46923},"toStop":{"stopId":"U34Z1P","nodeId":"34","name":"Biskupcova","lat":50.088543,"lon":14.468796},"lengthM":294.515,"bidirectional":false,"osmSnapped":true},"geometry":{"type":"LineString","coordinates":[[14.46923,50.090584],[14.4682145,50.0903822],[14.4680777,50.0903065],[14.4680046,50.0901842],[14.4680294,50.0900668],[14.468796,50.088543]]}},{"type":"Feature","properties":{"segmentId":"RL5_D0_34~512","lineId":"L5-0","routeId":"L5","mode":"tram","routeColor":"#7A0603","routeTextColor":"#FFFFFF","routeShortName":"5","routeLongName":"Slivenec - Vozovna Žižkov","fromStop":{"stopId":"U34Z2P","nodeId":"34","name":"Biskupcova","lat":50.0891,"lon":14.468635},"toStop":{"stopId":"U512Z2P","nodeId":"512","name":"Ohrada","lat":50.090672,"lon":14.470092},"lengthM":285.599,"bidirectional":false,"osmSnapped":true},"geometry":{"type":"LineString","coordinates":[[14.468635,50.0891],[14.4680854,50.0900513],[14.468074,50.0901438],[14.4681311,50.0902574],[14.4682599,50.0903448],[14.468407,50.0903876],[14.470092,50.090672]]}},{"type":"Feature","properties":{"segmentId":"RL5_34~469","lineId":"L5","routeId":"L5","mode":"tram","routeColor":"#7A0603","routeTextColor":"#FFFFFF","routeShortName":"5","routeLongName":"Slivenec - Vozovna Žižkov","fromStop":{"stopId":"U34Z1P","nodeId":"34","name":"Biskupcova","lat":50.088543,"lon":14.468796},"toStop":{"stopId":"U469Z1P","nodeId":"469","name":"Nákladové nádraží Žižkov","lat":50.084972,"lon":14.470428},"lengthM":414.183,"bidirectional":true,"osmSnapped":true},"geometry":{"type":"LineString","coordinates":[[14.468796,50.088543],[14.4698116,50.086605],[14.470428,50.084972]]}},{"type":"Feature","properties":{"segmentId":"RL5_D1_469~469","lineId":"L5-1","routeId":"L5","mode":"tram","routeColor":"#7A0603","routeTextColor":"#FFFFFF","routeShortName":"5","routeLongName":"Slivenec - Vozovna Žižkov","fromStop":{"stopId":"U469Z1P","nodeId":"469","name":"Nákladové nádraží Žižkov","lat":50.084972,"lon":14.470428},"toStop":{"stopId":"U469Z3P","nodeId":"469","name":"Nákladové nádraží Žižkov","lat":50.084141,"lon":14.469066},"lengthM":180,"bidirectional":false},"geometry":{"type":"LineString","coordinates":[[14.470473,50.08499],[14.470607,50.084652],[14.470631,50.084567],[14.470634,50.084519],[14.470626,50.084495],[14.470603,50.084451],[14.47058,50.084422],[14.470539,50.084388],[14.470481,50.084357],[14.470365,50.084321],[14.470325,50.084312],[14.469821,50.084224],[14.469728,50.084208],[14.469072,50.084102]]}},{"type":"Feature","properties":{"segmentId":"RL5_D0_469~469","lineId":"L5-0","routeId":"L5","mode":"tram","routeColor":"#7A0603","routeTextColor":"#FFFFFF","routeShortName":"5","routeLongName":"Slivenec - Vozovna Žižkov","fromStop":{"stopId":"U469Z4P","nodeId":"469","name":"Nákladové nádraží Žižkov","lat":50.084187,"lon":14.469828},"toStop":{"stopId":"U469Z2P","nodeId":"469","name":"Nákladové nádraží Žižkov","lat":50.085629,"lon":14.470274},"lengthM":196,"bidirectional":false},"geometry":{"type":"LineString","coordinates":[[14.469821,50.084224],[14.470325,50.084312],[14.470365,50.084321],[14.470481,50.084357],[14.470539,50.084388],[14.47058,50.084422],[14.470603,50.084451],[14.470626,50.084495],[14.470634,50.084519],[14.470631,50.084567],[14.470607,50.084652],[14.470473,50.08499],[14.470228,50.08561]]}},{"type":"Feature","properties":{"segmentId":"RL5_469~586","lineId":"L5","routeId":"L5","mode":"tram","routeColor":"#7A0603","routeTextColor":"#FFFFFF","routeShortName":"5","routeLongName":"Slivenec - Vozovna Žižkov","fromStop":{"stopId":"U469Z3P","nodeId":"469","name":"Nákladové nádraží Žižkov","lat":50.084141,"lon":14.469066},"toStop":{"stopId":"U586Z1P","nodeId":"586","name":"Olšanská","lat":50.083424,"lon":14.46454},"lengthM":332.627,"bidirectional":true,"osmSnapped":true},"geometry":{"type":"LineString","coordinates":[[14.469066,50.084141],[14.46454,50.083424]]}},{"type":"Feature","properties":{"segmentId":"RL5_516~586","lineId":"L5","routeId":"L5","mode":"tram","routeColor":"#7A0603","routeTextColor":"#FFFFFF","routeShortName":"5","routeLongName":"Slivenec - Vozovna Žižkov","fromStop":{"stopId":"U586Z1P","nodeId":"586","name":"Olšanská","lat":50.083424,"lon":14.46454},"toStop":{"stopId":"U516Z1P","nodeId":"516","name":"Olšanské náměstí","lat":50.082489,"lon":14.457467},"lengthM":515.541,"bidirectional":true,"osmSnapped":true},"geometry":{"type":"LineString","coordinates":[[14.46454,50.083424],[14.4622919,50.0830547],[14.457467,50.082489]]}},{"type":"Feature","properties":{"segmentId":"RL5_339~516","lineId":"L5","routeId":"L5","mode":"tram","routeColor":"#7A0603","routeTextColor":"#FFFFFF","routeShortName":"5","routeLongName":"Slivenec - Vozovna Žižkov","fromStop":{"stopId":"U516Z1P","nodeId":"516","name":"Olšanské náměstí","lat":50.082489,"lon":14.457467},"toStop":{"stopId":"U339Z1P","nodeId":"339","name":"Lipanská","lat":50.083916,"lon":14.453712},"lengthM":341.108,"bidirectional":true,"osmSnapped":true},"geometry":{"type":"LineString","coordinates":[[14.457467,50.082489],[14.4566471,50.0824573],[14.4551483,50.0826651],[14.4550003,50.0827504],[14.453712,50.083916]]}},{"type":"Feature","properties":{"segmentId":"RL5_172~339","lineId":"L5","routeId":"L5","mode":"tram","routeColor":"#7A0603","routeTextColor":"#FFFFFF","routeShortName":"5","routeLongName":"Slivenec - Vozovna Žižkov","fromStop":{"stopId":"U339Z1P","nodeId":"339","name":"Lipanská","lat":50.083916,"lon":14.453712},"toStop":{"stopId":"U172Z1P","nodeId":"172","name":"Viktoria Žižkov","lat":50.085091,"lon":14.444494},"lengthM":671.969,"bidirectional":true,"osmSnapped":true},"geometry":{"type":"LineString","coordinates":[[14.453712,50.083916],[14.4535257,50.0839848],[14.453335,50.0840453],[14.4488216,50.0846073],[14.444494,50.085091]]}},{"type":"Feature","properties":{"segmentId":"RL5_142~172","lineId":"L5","routeId":"L5","mode":"tram","routeColor":"#7A0603","routeTextColor":"#FFFFFF","routeShortName":"5","routeLongName":"Slivenec - Vozovna Žižkov","fromStop":{"stopId":"U172Z1P","nodeId":"172","name":"Viktoria Žižkov","lat":50.085091,"lon":14.444494},"toStop":{"stopId":"U142Z1P","nodeId":"142","name":"Hlavní nádraží","lat":50.086082,"lon":14.435114},"lengthM":731.272,"bidirectional":true,"osmSnapped":true},"geometry":{"type":"LineString","coordinates":[[14.444494,50.085091],[14.4436872,50.0851491],[14.4417397,50.0852423],[14.4408021,50.0852126],[14.4405773,50.0852314],[14.4403933,50.0852719],[14.4400891,50.0853956],[14.4390146,50.0859096],[14.438202,50.0861857],[14.4378249,50.0861541],[14.4371209,50.0857637],[14.4368569,50.0856861],[14.4365744,50.08566],[14.4361388,50.0857136],[14.435114,50.086082]]}},{"type":"Feature","properties":{"segmentId":"RL5_142~203","lineId":"L5","routeId":"L5","mode":"tram","routeColor":"#7A0603","routeTextColor":"#FFFFFF","routeShortName":"5","routeLongName":"Slivenec - Vozovna Žižkov","fromStop":{"stopId":"U142Z1P","nodeId":"142","name":"Hlavní nádraží","lat":50.086082,"lon":14.435114},"toStop":{"stopId":"U203Z1P","nodeId":"203","name":"Jindřišská","lat":50.085083,"lon":14.430158},"lengthM":383.312,"bidirectional":true,"osmSnapped":true},"geometry":{"type":"LineString","coordinates":[[14.435114,50.086082],[14.4347815,50.086162],[14.4345082,50.0861974],[14.433926,50.0861454],[14.4310545,50.0854977],[14.4308404,50.0854195],[14.430158,50.085083]]}},{"type":"Feature","properties":{"segmentId":"RL7_299~849","lineId":"L7","routeId":"L7","mode":"tram","routeColor":"#7A0603","routeTextColor":"#FFFFFF","routeShortName":"7","routeLongName":"Kotlářka - Lehovec","fromStop":{"stopId":"U299Z1P","nodeId":"299","name":"Krematorium Strašnice","lat":50.07732,"lon":14.48472},"toStop":{"stopId":"U849Z1P","nodeId":"849","name":"Vinohradské hřbitovy","lat":50.077793,"lon":14.479644},"lengthM":366.019,"bidirectional":true,"osmSnapped":true},"geometry":{"type":"LineString","coordinates":[[14.48472,50.07732],[14.479644,50.077793]]}},{"type":"Feature","properties":{"segmentId":"RL7_849~921","lineId":"L7","routeId":"L7","mode":"tram","routeColor":"#7A0603","routeTextColor":"#FFFFFF","routeShortName":"7","routeLongName":"Kotlářka - Lehovec","fromStop":{"stopId":"U849Z1P","nodeId":"849","name":"Vinohradské hřbitovy","lat":50.077793,"lon":14.479644},"toStop":{"stopId":"U921Z1P","nodeId":"921","name":"Želivského","lat":50.078415,"lon":14.474258},"lengthM":390.511,"bidirectional":true,"osmSnapped":true},"geometry":{"type":"LineString","coordinates":[[14.479644,50.077793],[14.474258,50.078415]]}},{"type":"Feature","properties":{"segmentId":"RL7_D0_921~921","lineId":"L7-0","routeId":"L7","mode":"tram","routeColor":"#7A0603","routeTextColor":"#FFFFFF","routeShortName":"7","routeLongName":"Kotlářka - Lehovec","fromStop":{"stopId":"U921Z1P","nodeId":"921","name":"Želivského","lat":50.078415,"lon":14.474258},"toStop":{"stopId":"U921Z12P","nodeId":"921","name":"Želivského","lat":50.079723,"lon":14.472616},"lengthM":226.7,"bidirectional":false},"geometry":{"type":"LineString","coordinates":[[14.474251,50.07833],[14.474223,50.078333],[14.473393,50.078401],[14.47335,50.078406],[14.473241,50.078424],[14.473175,50.078441],[14.473122,50.078465],[14.473086,50.078489],[14.473024,50.078549],[14.47299,50.078617],[14.472954,50.078706],[14.472934,50.078757],[14.472728,50.079293],[14.472566,50.079703]]}},{"type":"Feature","properties":{"segmentId":"RL7_D0_469~921","lineId":"L7-0","routeId":"L7","mode":"tram","routeColor":"#7A0603","routeTextColor":"#FFFFFF","routeShortName":"7","routeLongName":"Kotlářka - Lehovec","fromStop":{"stopId":"U921Z12P","nodeId":"921","name":"Želivského","lat":50.079723,"lon":14.472616},"toStop":{"stopId":"U469Z2P","nodeId":"469","name":"Nákladové nádraží Žižkov","lat":50.085629,"lon":14.470274},"lengthM":677.645,"bidirectional":false,"osmSnapped":true},"geometry":{"type":"LineString","coordinates":[[14.472616,50.079723],[14.470274,50.085629]]}},{"type":"Feature","properties":{"segmentId":"RL7_34~469","lineId":"L7","routeId":"L7","mode":"tram","routeColor":"#7A0603","routeTextColor":"#FFFFFF","routeShortName":"7","routeLongName":"Kotlářka - Lehovec","fromStop":{"stopId":"U469Z2P","nodeId":"469","name":"Nákladové nádraží Žižkov","lat":50.085629,"lon":14.470274},"toStop":{"stopId":"U34Z2P","nodeId":"34","name":"Biskupcova","lat":50.0891,"lon":14.468635},"lengthM":403.334,"bidirectional":true,"osmSnapped":true},"geometry":{"type":"LineString","coordinates":[[14.470274,50.085629],[14.4697802,50.0867678],[14.468635,50.0891]]}},{"type":"Feature","properties":{"segmentId":"RL7_1074~34","lineId":"L7","routeId":"L7","mode":"tram","routeColor":"#7A0603","routeTextColor":"#FFFFFF","routeShortName":"7","routeLongName":"Kotlářka - Lehovec","fromStop":{"stopId":"U34Z2P","nodeId":"34","name":"Biskupcova","lat":50.0891,"lon":14.468635},"toStop":{"stopId":"U1074Z1P","nodeId":"1074","name":"Krejcárek","lat":50.095066,"lon":14.474965},"lengthM":906.011,"bidirectional":true,"osmSnapped":true},"geometry":{"type":"LineString","coordinates":[[14.468635,50.0891],[14.4679704,50.0902883],[14.4678965,50.0904582],[14.4678863,50.0905856],[14.467933,50.090706],[14.4686445,50.0918664],[14.4689204,50.0922062],[14.4691233,50.0923565],[14.4694443,50.0925235],[14.4736602,50.0943716],[14.474965,50.095066]]}},{"type":"Feature","properties":{"segmentId":"RL7_D0_1074~529","lineId":"L7-0","routeId":"L7","mode":"tram","routeColor":"#7A0603","routeTextColor":"#FFFFFF","routeShortName":"7","routeLongName":"Kotlářka - Lehovec","fromStop":{"stopId":"U1074Z1P","nodeId":"1074","name":"Krejcárek","lat":50.095066,"lon":14.474965},"toStop":{"stopId":"U529Z2P","nodeId":"529","name":"Palmovka","lat":50.103901,"lon":14.474776},"lengthM":1087.661,"bidirectional":false,"osmSnapped":true},"geometry":{"type":"LineString","coordinates":[[14.474965,50.095066],[14.4752071,50.0952777],[14.4753319,50.0955356],[14.4753829,50.0957763],[14.4753867,50.0959655],[14.4753007,50.0963457],[14.4749084,50.0971405],[14.4746769,50.0974898],[14.474399,50.0978154],[14.4736599,50.0985205],[14.4734056,50.0988727],[14.4732856,50.099134],[14.47321,50.0994105],[14.4732128,50.1001659],[14.4730786,50.1006376],[14.4731278,50.1008061],[14.4734639,50.101304],[14.4735601,50.1017691],[14.473369,50.1031481],[14.4734079,50.1033354],[14.4735539,50.1034801],[14.4737923,50.1036003],[14.474776,50.103901]]}},{"type":"Feature","properties":{"segmentId":"RL7_D1_1074~529","lineId":"L7-1","routeId":"L7","mode":"tram","routeColor":"#7A0603","routeTextColor":"#FFFFFF","routeShortName":"7","routeLongName":"Kotlářka - Lehovec","fromStop":{"stopId":"U529Z1P","nodeId":"529","name":"Palmovka","lat":50.102474,"lon":14.473387},"toStop":{"stopId":"U1074Z2P","nodeId":"1074","name":"Krejcárek","lat":50.094761,"lon":14.474228},"lengthM":931.554,"bidirectional":false,"osmSnapped":true},"geometry":{"type":"LineString","coordinates":[[14.473387,50.102474],[14.4735109,50.101806],[14.4734316,50.1013665],[14.4733799,50.1012347],[14.4730819,50.1008144],[14.4730276,50.1006449],[14.4731741,50.1000544],[14.4731432,50.0996933],[14.4731888,50.0992689],[14.4733443,50.0988861],[14.4735553,50.0985752],[14.4743875,50.0977622],[14.4747549,50.0972963],[14.4752242,50.0963958],[14.4753295,50.0960094],[14.4753116,50.0956588],[14.4752425,50.0954216],[14.4751617,50.0952919],[14.475026,50.0951761],[14.474228,50.094761]]}},{"type":"Feature","properties":{"segmentId":"RL7_D1_373~469","lineId":"L7-1","routeId":"L7","mode":"tram","routeColor":"#7A0603","routeTextColor":"#FFFFFF","routeShortName":"7","routeLongName":"Kotlářka - Lehovec","fromStop":{"stopId":"U469Z1P","nodeId":"469","name":"Nákladové nádraží Žižkov","lat":50.084972,"lon":14.470428},"toStop":{"stopId":"U373Z1P","nodeId":"373","name":"Mezi Hřbitovy","lat":50.081657,"lon":14.471742},"lengthM":380.348,"bidirectional":false,"osmSnapped":true},"geometry":{"type":"LineString","coordinates":[[14.470428,50.084972],[14.471742,50.081657]]}},{"type":"Feature","properties":{"segmentId":"RL7_D1_373~921","lineId":"L7-1","routeId":"L7","mode":"tram","routeColor":"#7A0603","routeTextColor":"#FFFFFF","routeShortName":"7","routeLongName":"Kotlářka - Lehovec","fromStop":{"stopId":"U373Z1P","nodeId":"373","name":"Mezi Hřbitovy","lat":50.081657,"lon":14.471742},"toStop":{"stopId":"U921Z2P","nodeId":"921","name":"Želivského","lat":50.078201,"lon":14.475204},"lengthM":523.604,"bidirectional":false,"osmSnapped":true},"geometry":{"type":"LineString","coordinates":[[14.471742,50.081657],[14.4730144,50.0785153],[14.4731134,50.0784409],[14.4733547,50.0783885],[14.475204,50.078201]]}},{"type":"Feature","properties":{"segmentId":"RL9_142~203","lineId":"L9","routeId":"L9","mode":"tram","routeColor":"#7A0603","routeTextColor":"#FFFFFF","routeShortName":"9","routeLongName":"Sídliště Řepy - Spojovací","fromStop":{"stopId":"U203Z2P","nodeId":"203","name":"Jindřišská","lat":50.08532,"lon":14.430784},"toStop":{"stopId":"U142Z2P","nodeId":"142","name":"Hlavní nádraží","lat":50.085693,"lon":14.435928},"lengthM":399.396,"bidirectional":true,"osmSnapped":true},"geometry":{"type":"LineString","coordinates":[[14.430784,50.08532],[14.4310653,50.0854688],[14.4339829,50.0861258],[14.4342479,50.086161],[14.4347647,50.0861355],[14.435928,50.085693]]}},{"type":"Feature","properties":{"segmentId":"RL9_142~172","lineId":"L9","routeId":"L9","mode":"tram","routeColor":"#7A0603","routeTextColor":"#FFFFFF","routeShortName":"9","routeLongName":"Sídliště Řepy - Spojovací","fromStop":{"stopId":"U142Z2P","nodeId":"142","name":"Hlavní nádraží","lat":50.085693,"lon":14.435928},"toStop":{"stopId":"U172Z2P","nodeId":"172","name":"Viktoria Žižkov","lat":50.084938,"lon":14.445333},"lengthM":723.499,"bidirectional":true,"osmSnapped":true},"geometry":{"type":"LineString","coordinates":[[14.435928,50.085693],[14.4363764,50.0856402],[14.4368879,50.0856631],[14.4372487,50.0857905],[14.4377891,50.0861066],[14.437999,50.0861566],[14.4381714,50.0861559],[14.4389928,50.0858853],[14.4402709,50.0852778],[14.440567,50.0852006],[14.4408016,50.0851829],[14.4415951,50.0852164],[14.4435234,50.0851322],[14.445333,50.084938]]}},{"type":"Feature","properties":{"segmentId":"RL9_172~339","lineId":"L9","routeId":"L9","mode":"tram","routeColor":"#7A0603","routeTextColor":"#FFFFFF","routeShortName":"9","routeLongName":"Sídliště Řepy - Spojovací","fromStop":{"stopId":"U172Z2P","nodeId":"172","name":"Viktoria Žižkov","lat":50.084938,"lon":14.445333},"toStop":{"stopId":"U339Z2P","nodeId":"339","name":"Lipanská","lat":50.084007,"lon":14.453156},"lengthM":567.82,"bidirectional":true,"osmSnapped":true},"geometry":{"type":"LineString","coordinates":[[14.445333,50.084938],[14.4488314,50.0845784],[14.453156,50.084007]]}},{"type":"Feature","properties":{"segmentId":"RL9_339~516","lineId":"L9","routeId":"L9","mode":"tram","routeColor":"#7A0603","routeTextColor":"#FFFFFF","routeShortName":"9","routeLongName":"Sídliště Řepy - Spojovací","fromStop":{"stopId":"U339Z2P","nodeId":"339","name":"Lipanská","lat":50.084007,"lon":14.453156},"toStop":{"stopId":"U516Z2P","nodeId":"516","name":"Olšanské náměstí","lat":50.082451,"lon":14.457738},"lengthM":402.093,"bidirectional":true,"osmSnapped":true},"geometry":{"type":"LineString","coordinates":[[14.453156,50.084007],[14.4533328,50.0840119],[14.4535332,50.0839339],[14.4550845,50.0826515],[14.4566373,50.0824283],[14.4570012,50.0824182],[14.457738,50.082451]]}},{"type":"Feature","properties":{"segmentId":"RL9_516~586","lineId":"L9","routeId":"L9","mode":"tram","routeColor":"#7A0603","routeTextColor":"#FFFFFF","routeShortName":"9","routeLongName":"Sídliště Řepy - Spojovací","fromStop":{"stopId":"U516Z2P","nodeId":"516","name":"Olšanské náměstí","lat":50.082451,"lon":14.457738},"toStop":{"stopId":"U586Z2P","nodeId":"586","name":"Olšanská","lat":50.083477,"lon":14.465398},"lengthM":558.412,"bidirectional":true,"osmSnapped":true},"geometry":{"type":"LineString","coordinates":[[14.457738,50.082451],[14.4623101,50.0830209],[14.465398,50.083477]]}},{"type":"Feature","properties":{"segmentId":"RL9_469~586","lineId":"L9","routeId":"L9","mode":"tram","routeColor":"#7A0603","routeTextColor":"#FFFFFF","routeShortName":"9","routeLongName":"Sídliště Řepy - Spojovací","fromStop":{"stopId":"U586Z2P","nodeId":"586","name":"Olšanská","lat":50.083477,"lon":14.465398},"toStop":{"stopId":"U469Z4P","nodeId":"469","name":"Nákladové nádraží Žižkov","lat":50.084187,"lon":14.469828},"lengthM":325.791,"bidirectional":true,"osmSnapped":true},"geometry":{"type":"LineString","coordinates":[[14.465398,50.083477],[14.469828,50.084187]]}},{"type":"Feature","properties":{"segmentId":"RL9_D0_469~469","lineId":"L9-0","routeId":"L9","mode":"tram","routeColor":"#7A0603","routeTextColor":"#FFFFFF","routeShortName":"9","routeLongName":"Sídliště Řepy - Spojovací","fromStop":{"stopId":"U469Z4P","nodeId":"469","name":"Nákladové nádraží Žižkov","lat":50.084187,"lon":14.469828},"toStop":{"stopId":"U469Z2P","nodeId":"469","name":"Nákladové nádraží Žižkov","lat":50.085629,"lon":14.470274},"lengthM":196,"bidirectional":false},"geometry":{"type":"LineString","coordinates":[[14.469821,50.084224],[14.470325,50.084312],[14.470365,50.084321],[14.470481,50.084357],[14.470539,50.084388],[14.47058,50.084422],[14.470603,50.084451],[14.470626,50.084495],[14.470634,50.084519],[14.470631,50.084567],[14.470607,50.084652],[14.470473,50.08499],[14.470228,50.08561]]}},{"type":"Feature","properties":{"segmentId":"RL9_D1_469~469","lineId":"L9-1","routeId":"L9","mode":"tram","routeColor":"#7A0603","routeTextColor":"#FFFFFF","routeShortName":"9","routeLongName":"Sídliště Řepy - Spojovací","fromStop":{"stopId":"U469Z1P","nodeId":"469","name":"Nákladové nádraží Žižkov","lat":50.084972,"lon":14.470428},"toStop":{"stopId":"U469Z3P","nodeId":"469","name":"Nákladové nádraží Žižkov","lat":50.084141,"lon":14.469066},"lengthM":180,"bidirectional":false},"geometry":{"type":"LineString","coordinates":[[14.470473,50.08499],[14.470607,50.084652],[14.470631,50.084567],[14.470634,50.084519],[14.470626,50.084495],[14.470603,50.084451],[14.47058,50.084422],[14.470539,50.084388],[14.470481,50.084357],[14.470365,50.084321],[14.470325,50.084312],[14.469821,50.084224],[14.469728,50.084208],[14.469072,50.084102]]}},{"type":"Feature","properties":{"segmentId":"RL9_34~469","lineId":"L9","routeId":"L9","mode":"tram","routeColor":"#7A0603","routeTextColor":"#FFFFFF","routeShortName":"9","routeLongName":"Sídliště Řepy - Spojovací","fromStop":{"stopId":"U469Z2P","nodeId":"469","name":"Nákladové nádraží Žižkov","lat":50.085629,"lon":14.470274},"toStop":{"stopId":"U34Z2P","nodeId":"34","name":"Biskupcova","lat":50.0891,"lon":14.468635},"lengthM":403.334,"bidirectional":true,"osmSnapped":true},"geometry":{"type":"LineString","coordinates":[[14.470274,50.085629],[14.4697802,50.0867678],[14.468635,50.0891]]}},{"type":"Feature","properties":{"segmentId":"RL9_D0_34~512","lineId":"L9-0","routeId":"L9","mode":"tram","routeColor":"#7A0603","routeTextColor":"#FFFFFF","routeShortName":"9","routeLongName":"Sídliště Řepy - Spojovací","fromStop":{"stopId":"U34Z2P","nodeId":"34","name":"Biskupcova","lat":50.0891,"lon":14.468635},"toStop":{"stopId":"U512Z2P","nodeId":"512","name":"Ohrada","lat":50.090672,"lon":14.470092},"lengthM":285.599,"bidirectional":false,"osmSnapped":true},"geometry":{"type":"LineString","coordinates":[[14.468635,50.0891],[14.4680854,50.0900513],[14.468074,50.0901438],[14.4681311,50.0902574],[14.4682599,50.0903448],[14.468407,50.0903876],[14.470092,50.090672]]}},{"type":"Feature","properties":{"segmentId":"RL9_D1_34~512","lineId":"L9-1","routeId":"L9","mode":"tram","routeColor":"#7A0603","routeTextColor":"#FFFFFF","routeShortName":"9","routeLongName":"Sídliště Řepy - Spojovací","fromStop":{"stopId":"U512Z1P","nodeId":"512","name":"Ohrada","lat":50.090584,"lon":14.46923},"toStop":{"stopId":"U34Z1P","nodeId":"34","name":"Biskupcova","lat":50.088543,"lon":14.468796},"lengthM":294.515,"bidirectional":false,"osmSnapped":true},"geometry":{"type":"LineString","coordinates":[[14.46923,50.090584],[14.4682145,50.0903822],[14.4680777,50.0903065],[14.4680046,50.0901842],[14.4680294,50.0900668],[14.468796,50.088543]]}},{"type":"Feature","properties":{"segmentId":"RL9_512~837","lineId":"L9","routeId":"L9","mode":"tram","routeColor":"#7A0603","routeTextColor":"#FFFFFF","routeShortName":"9","routeLongName":"Sídliště Řepy - Spojovací","fromStop":{"stopId":"U512Z2P","nodeId":"512","name":"Ohrada","lat":50.090672,"lon":14.470092},"toStop":{"stopId":"U837Z2P","nodeId":"837","name":"Vozovna Žižkov","lat":50.091492,"lon":14.474536},"lengthM":329.883,"bidirectional":true,"osmSnapped":true},"geometry":{"type":"LineString","coordinates":[[14.470092,50.090672],[14.474536,50.091492]]}},{"type":"Feature","properties":{"segmentId":"RL9_714~837","lineId":"L9","routeId":"L9","mode":"tram","routeColor":"#7A0603","routeTextColor":"#FFFFFF","routeShortName":"9","routeLongName":"Sídliště Řepy - Spojovací","fromStop":{"stopId":"U837Z2P","nodeId":"837","name":"Vozovna Žižkov","lat":50.091492,"lon":14.474536},"toStop":{"stopId":"U714Z2P","nodeId":"714","name":"Strážní","lat":50.09219,"lon":14.481013},"lengthM":468.759,"bidirectional":true,"osmSnapped":true},"geometry":{"type":"LineString","coordinates":[[14.474536,50.091492],[14.4753557,50.091625],[14.481013,50.09219]]}},{"type":"Feature","properties":{"segmentId":"RL9_D0_180~714","lineId":"L9-0","routeId":"L9","mode":"tram","routeColor":"#7A0603","routeTextColor":"#FFFFFF","routeShortName":"9","routeLongName":"Sídliště Řepy - Spojovací","fromStop":{"stopId":"U714Z2P","nodeId":"714","name":"Strážní","lat":50.09219,"lon":14.481013},"toStop":{"stopId":"U180Z2P","nodeId":"180","name":"Chmelnice","lat":50.092487,"lon":14.485838},"lengthM":346.598,"bidirectional":false,"osmSnapped":true},"geometry":{"type":"LineString","coordinates":[[14.481013,50.09219],[14.483012,50.0924038],[14.4844135,50.092487],[14.485838,50.092487]]}},{"type":"Feature","properties":{"segmentId":"RL9_D1_180~714","lineId":"L9-1","routeId":"L9","mode":"tram","routeColor":"#7A0603","routeTextColor":"#FFFFFF","routeShortName":"9","routeLongName":"Sídliště Řepy - Spojovací","fromStop":{"stopId":"U180Z1P","nodeId":"180","name":"Chmelnice","lat":50.092556,"lon":14.486961},"toStop":{"stopId":"U714Z1P","nodeId":"714","name":"Strážní","lat":50.092316,"lon":14.481536},"lengthM":388.288,"bidirectional":false,"osmSnapped":true},"geometry":{"type":"LineString","coordinates":[[14.486961,50.092556],[14.4844063,50.0925138],[14.4828127,50.0924233],[14.481536,50.092316]]}},{"type":"Feature","properties":{"segmentId":"RL9_180~266","lineId":"L9","routeId":"L9","mode":"tram","routeColor":"#7A0603","routeTextColor":"#FFFFFF","routeShortName":"9","routeLongName":"Sídliště Řepy - Spojovací","fromStop":{"stopId":"U180Z2P","nodeId":"180","name":"Chmelnice","lat":50.092487,"lon":14.485838},"toStop":{"stopId":"U266Z2P","nodeId":"266","name":"Kněžská luka","lat":50.092148,"lon":14.492482},"lengthM":476.6,"bidirectional":true,"osmSnapped":true},"geometry":{"type":"LineString","coordinates":[[14.485838,50.092487],[14.4892314,50.0924623],[14.492482,50.092148]]}},{"type":"Feature","properties":{"segmentId":"RL9_266~694","lineId":"L9","routeId":"L9","mode":"tram","routeColor":"#7A0603","routeTextColor":"#FFFFFF","routeShortName":"9","routeLongName":"Sídliště Řepy - Spojovací","fromStop":{"stopId":"U266Z2P","nodeId":"266","name":"Kněžská luka","lat":50.092148,"lon":14.492482},"toStop":{"stopId":"U694Z2P","nodeId":"694","name":"Spojovací","lat":50.091507,"lon":14.499409},"lengthM":504.721,"bidirectional":true,"osmSnapped":true},"geometry":{"type":"LineString","coordinates":[[14.492482,50.092148],[14.4983363,50.0918198],[14.4988989,50.0917328],[14.499409,50.091507]]}},{"type":"Feature","properties":{"segmentId":"RL10_D1_1074~529","lineId":"L10-1","routeId":"L10","mode":"tram","routeColor":"#7A0603","routeTextColor":"#FFFFFF","routeShortName":"10","routeLongName":"Sídliště Řepy - Sídliště Ďáblice","fromStop":{"stopId":"U529Z1P","nodeId":"529","name":"Palmovka","lat":50.102474,"lon":14.473387},"toStop":{"stopId":"U1074Z2P","nodeId":"1074","name":"Krejcárek","lat":50.094761,"lon":14.474228},"lengthM":931.554,"bidirectional":false,"osmSnapped":true},"geometry":{"type":"LineString","coordinates":[[14.473387,50.102474],[14.4735109,50.101806],[14.4734316,50.1013665],[14.4733799,50.1012347],[14.4730819,50.1008144],[14.4730276,50.1006449],[14.4731741,50.1000544],[14.4731432,50.0996933],[14.4731888,50.0992689],[14.4733443,50.0988861],[14.4735553,50.0985752],[14.4743875,50.0977622],[14.4747549,50.0972963],[14.4752242,50.0963958],[14.4753295,50.0960094],[14.4753116,50.0956588],[14.4752425,50.0954216],[14.4751617,50.0952919],[14.475026,50.0951761],[14.474228,50.094761]]}},{"type":"Feature","properties":{"segmentId":"RL10_D0_1074~529","lineId":"L10-0","routeId":"L10","mode":"tram","routeColor":"#7A0603","routeTextColor":"#FFFFFF","routeShortName":"10","routeLongName":"Sídliště Řepy - Sídliště Ďáblice","fromStop":{"stopId":"U1074Z1P","nodeId":"1074","name":"Krejcárek","lat":50.095066,"lon":14.474965},"toStop":{"stopId":"U529Z4P","nodeId":"529","name":"Palmovka","lat":50.104504,"lon":14.47317},"lengthM":1099.617,"bidirectional":false,"osmSnapped":true},"geometry":{"type":"LineString","coordinates":[[14.474965,50.095066],[14.4752071,50.0952777],[14.4753319,50.0955356],[14.4753829,50.0957763],[14.4753867,50.0959655],[14.4753007,50.0963457],[14.4749084,50.0971405],[14.4746769,50.0974898],[14.474399,50.0978154],[14.4736599,50.0985205],[14.4734661,50.0987715],[14.4732856,50.099134],[14.47321,50.0994105],[14.4732128,50.1001659],[14.4730786,50.1006376],[14.4731278,50.1008061],[14.4734639,50.101304],[14.4735611,50.1017879],[14.4733205,50.1036346],[14.47317,50.104504]]}},{"type":"Feature","properties":{"segmentId":"RL10_1074~34","lineId":"L10","routeId":"L10","mode":"tram","routeColor":"#7A0603","routeTextColor":"#FFFFFF","routeShortName":"10","routeLongName":"Sídliště Řepy - Sídliště Ďáblice","fromStop":{"stopId":"U1074Z2P","nodeId":"1074","name":"Krejcárek","lat":50.094761,"lon":14.474228},"toStop":{"stopId":"U34Z1P","nodeId":"34","name":"Biskupcova","lat":50.088543,"lon":14.468796},"lengthM":910.185,"bidirectional":true,"osmSnapped":true},"geometry":{"type":"LineString","coordinates":[[14.474228,50.094761],[14.473409,50.0942985],[14.4693039,50.0925022],[14.4690124,50.0923326],[14.4687458,50.0920901],[14.4680163,50.0909378],[14.467844,50.0905971],[14.4680107,50.0902106],[14.4680294,50.0900668],[14.468796,50.088543]]}},{"type":"Feature","properties":{"segmentId":"RL10_34~469","lineId":"L10","routeId":"L10","mode":"tram","routeColor":"#7A0603","routeTextColor":"#FFFFFF","routeShortName":"10","routeLongName":"Sídliště Řepy - Sídliště Ďáblice","fromStop":{"stopId":"U34Z1P","nodeId":"34","name":"Biskupcova","lat":50.088543,"lon":14.468796},"toStop":{"stopId":"U469Z1P","nodeId":"469","name":"Nákladové nádraží Žižkov","lat":50.084972,"lon":14.470428},"lengthM":414.183,"bidirectional":true,"osmSnapped":true},"geometry":{"type":"LineString","coordinates":[[14.468796,50.088543],[14.4698116,50.086605],[14.470428,50.084972]]}},{"type":"Feature","properties":{"segmentId":"RL10_D1_373~469","lineId":"L10-1","routeId":"L10","mode":"tram","routeColor":"#7A0603","routeTextColor":"#FFFFFF","routeShortName":"10","routeLongName":"Sídliště Řepy - Sídliště Ďáblice","fromStop":{"stopId":"U469Z1P","nodeId":"469","name":"Nákladové nádraží Žižkov","lat":50.084972,"lon":14.470428},"toStop":{"stopId":"U373Z1P","nodeId":"373","name":"Mezi Hřbitovy","lat":50.081657,"lon":14.471742},"lengthM":380.348,"bidirectional":false,"osmSnapped":true},"geometry":{"type":"LineString","coordinates":[[14.470428,50.084972],[14.471742,50.081657]]}},{"type":"Feature","properties":{"segmentId":"RL10_D1_373~921","lineId":"L10-1","routeId":"L10","mode":"tram","routeColor":"#7A0603","routeTextColor":"#FFFFFF","routeShortName":"10","routeLongName":"Sídliště Řepy - Sídliště Ďáblice","fromStop":{"stopId":"U373Z1P","nodeId":"373","name":"Mezi Hřbitovy","lat":50.081657,"lon":14.471742},"toStop":{"stopId":"U921Z3P","nodeId":"921","name":"Želivského","lat":50.078362,"lon":14.47065},"lengthM":521.843,"bidirectional":false,"osmSnapped":true},"geometry":{"type":"LineString","coordinates":[[14.471742,50.081657],[14.4728997,50.0787835],[14.4729274,50.0785872],[14.4728149,50.0784806],[14.4725769,50.0784305],[14.47065,50.078362]]}},{"type":"Feature","properties":{"segmentId":"RL10_D1_515~921","lineId":"L10-1","routeId":"L10","mode":"tram","routeColor":"#7A0603","routeTextColor":"#FFFFFF","routeShortName":"10","routeLongName":"Sídliště Řepy - Sídliště Ďáblice","fromStop":{"stopId":"U921Z3P","nodeId":"921","name":"Želivského","lat":50.078362,"lon":14.47065},"toStop":{"stopId":"U515Z1P","nodeId":"515","name":"Olšanské hřbitovy","lat":50.07814,"lon":14.466456},"lengthM":300.294,"bidirectional":false,"osmSnapped":true},"geometry":{"type":"LineString","coordinates":[[14.47065,50.078362],[14.466456,50.07814]]}},{"type":"Feature","properties":{"segmentId":"RL10_D0_515~921","lineId":"L10-0","routeId":"L10","mode":"tram","routeColor":"#7A0603","routeTextColor":"#FFFFFF","routeShortName":"10","routeLongName":"Sídliště Řepy - Sídliště Ďáblice","fromStop":{"stopId":"U515Z2P","nodeId":"515","name":"Olšanské hřbitovy","lat":50.078114,"lon":14.467348},"toStop":{"stopId":"U921Z4P","nodeId":"921","name":"Želivského","lat":50.078331,"lon":14.471611},"lengthM":305.157,"bidirectional":false,"osmSnapped":true},"geometry":{"type":"LineString","coordinates":[[14.467348,50.078114],[14.471611,50.078331]]}},{"type":"Feature","properties":{"segmentId":"RL10_118~515","lineId":"L10","routeId":"L10","mode":"tram","routeColor":"#7A0603","routeTextColor":"#FFFFFF","routeShortName":"10","routeLongName":"Sídliště Řepy - Sídliště Ďáblice","fromStop":{"stopId":"U515Z1P","nodeId":"515","name":"Olšanské hřbitovy","lat":50.07814,"lon":14.466456},"toStop":{"stopId":"U118Z1P","nodeId":"118","name":"Flora","lat":50.077919,"lon":14.461516},"lengthM":353.368,"bidirectional":true,"osmSnapped":true},"geometry":{"type":"LineString","coordinates":[[14.466456,50.07814],[14.461516,50.077919]]}},{"type":"Feature","properties":{"segmentId":"RL10_118~518","lineId":"L10","routeId":"L10","mode":"tram","routeColor":"#7A0603","routeTextColor":"#FFFFFF","routeShortName":"10","routeLongName":"Sídliště Řepy - Sídliště Ďáblice","fromStop":{"stopId":"U118Z1P","nodeId":"118","name":"Flora","lat":50.077919,"lon":14.461516},"toStop":{"stopId":"U518Z1P","nodeId":"518","name":"Orionka","lat":50.075615,"lon":14.459496},"lengthM":413.227,"bidirectional":true,"osmSnapped":true},"geometry":{"type":"LineString","coordinates":[[14.461516,50.077919],[14.4610918,50.0778521],[14.4609869,50.0777964],[14.4609409,50.0777176],[14.4609474,50.0776258],[14.4614799,50.0760053],[14.4614883,50.0758907],[14.4614386,50.0757902],[14.4613161,50.0757023],[14.4610856,50.0756481],[14.459496,50.075615]]}},{"type":"Feature","properties":{"segmentId":"RL10_518~540","lineId":"L10","routeId":"L10","mode":"tram","routeColor":"#7A0603","routeTextColor":"#FFFFFF","routeShortName":"10","routeLongName":"Sídliště Řepy - Sídliště Ďáblice","fromStop":{"stopId":"U518Z1P","nodeId":"518","name":"Orionka","lat":50.075615,"lon":14.459496},"toStop":{"stopId":"U540Z1P","nodeId":"540","name":"Perunova","lat":50.075459,"lon":14.454484},"lengthM":358.553,"bidirectional":true,"osmSnapped":true},"geometry":{"type":"LineString","coordinates":[[14.459496,50.075615],[14.4579285,50.07549],[14.454484,50.075459]]}},{"type":"Feature","properties":{"segmentId":"RL10_D0_921~921","lineId":"L10-0","routeId":"L10","mode":"tram","routeColor":"#7A0603","routeTextColor":"#FFFFFF","routeShortName":"10","routeLongName":"Sídliště Řepy - Sídliště Ďáblice","fromStop":{"stopId":"U921Z4P","nodeId":"921","name":"Želivského","lat":50.078331,"lon":14.471611},"toStop":{"stopId":"U921Z12P","nodeId":"921","name":"Želivského","lat":50.079723,"lon":14.472616},"lengthM":232.5,"bidirectional":false},"geometry":{"type":"LineString","coordinates":[[14.471609,50.078363],[14.472572,50.078415],[14.472616,50.078418],[14.472702,50.078429],[14.472786,50.07845],[14.47285,50.078474],[14.472898,50.078508],[14.472935,50.078549],[14.47296,50.078599],[14.472965,50.078632],[14.472934,50.078757],[14.472728,50.079293],[14.472566,50.079703]]}},{"type":"Feature","properties":{"segmentId":"RL10_D0_469~921","lineId":"L10-0","routeId":"L10","mode":"tram","routeColor":"#7A0603","routeTextColor":"#FFFFFF","routeShortName":"10","routeLongName":"Sídliště Řepy - Sídliště Ďáblice","fromStop":{"stopId":"U921Z12P","nodeId":"921","name":"Želivského","lat":50.079723,"lon":14.472616},"toStop":{"stopId":"U469Z2P","nodeId":"469","name":"Nákladové nádraží Žižkov","lat":50.085629,"lon":14.470274},"lengthM":677.645,"bidirectional":false,"osmSnapped":true},"geometry":{"type":"LineString","coordinates":[[14.472616,50.079723],[14.470274,50.085629]]}},{"type":"Feature","properties":{"segmentId":"RL11_266~694","lineId":"L11","routeId":"L11","mode":"tram","routeColor":"#7A0603","routeTextColor":"#FFFFFF","routeShortName":"11","routeLongName":"Spojovací - Spořilov","fromStop":{"stopId":"U694Z1P","nodeId":"694","name":"Spojovací","lat":50.091843,"lon":14.498599},"toStop":{"stopId":"U266Z1P","nodeId":"266","name":"Kněžská luka","lat":50.092186,"lon":14.492968},"lengthM":403.51,"bidirectional":true,"osmSnapped":true},"geometry":{"type":"LineString","coordinates":[[14.498599,50.091843],[14.492968,50.092186]]}},{"type":"Feature","properties":{"segmentId":"RL11_180~266","lineId":"L11","routeId":"L11","mode":"tram","routeColor":"#7A0603","routeTextColor":"#FFFFFF","routeShortName":"11","routeLongName":"Spojovací - Spořilov","fromStop":{"stopId":"U266Z1P","nodeId":"266","name":"Kněžská luka","lat":50.092186,"lon":14.492968},"toStop":{"stopId":"U180Z1P","nodeId":"180","name":"Chmelnice","lat":50.092556,"lon":14.486961},"lengthM":430.841,"bidirectional":true,"osmSnapped":true},"geometry":{"type":"LineString","coordinates":[[14.492968,50.092186],[14.489232,50.0924918],[14.486961,50.092556]]}},{"type":"Feature","properties":{"segmentId":"RL11_D1_180~714","lineId":"L11-1","routeId":"L11","mode":"tram","routeColor":"#7A0603","routeTextColor":"#FFFFFF","routeShortName":"11","routeLongName":"Spojovací - Spořilov","fromStop":{"stopId":"U180Z1P","nodeId":"180","name":"Chmelnice","lat":50.092556,"lon":14.486961},"toStop":{"stopId":"U714Z1P","nodeId":"714","name":"Strážní","lat":50.092316,"lon":14.481536},"lengthM":388.288,"bidirectional":false,"osmSnapped":true},"geometry":{"type":"LineString","coordinates":[[14.486961,50.092556],[14.4844063,50.0925138],[14.4828127,50.0924233],[14.481536,50.092316]]}},{"type":"Feature","properties":{"segmentId":"RL11_D0_180~714","lineId":"L11-0","routeId":"L11","mode":"tram","routeColor":"#7A0603","routeTextColor":"#FFFFFF","routeShortName":"11","routeLongName":"Spojovací - Spořilov","fromStop":{"stopId":"U714Z2P","nodeId":"714","name":"Strážní","lat":50.09219,"lon":14.481013},"toStop":{"stopId":"U180Z2P","nodeId":"180","name":"Chmelnice","lat":50.092487,"lon":14.485838},"lengthM":346.598,"bidirectional":false,"osmSnapped":true},"geometry":{"type":"LineString","coordinates":[[14.481013,50.09219],[14.483012,50.0924038],[14.4844135,50.092487],[14.485838,50.092487]]}},{"type":"Feature","properties":{"segmentId":"RL11_714~837","lineId":"L11","routeId":"L11","mode":"tram","routeColor":"#7A0603","routeTextColor":"#FFFFFF","routeShortName":"11","routeLongName":"Spojovací - Spořilov","fromStop":{"stopId":"U714Z1P","nodeId":"714","name":"Strážní","lat":50.092316,"lon":14.481536},"toStop":{"stopId":"U837Z1P","nodeId":"837","name":"Vozovna Žižkov","lat":50.091682,"lon":14.475441},"lengthM":440.483,"bidirectional":true,"osmSnapped":true},"geometry":{"type":"LineString","coordinates":[[14.481536,50.092316],[14.475441,50.091682]]}},{"type":"Feature","properties":{"segmentId":"RL11_512~837","lineId":"L11","routeId":"L11","mode":"tram","routeColor":"#7A0603","routeTextColor":"#FFFFFF","routeShortName":"11","routeLongName":"Spojovací - Spořilov","fromStop":{"stopId":"U837Z1P","nodeId":"837","name":"Vozovna Žižkov","lat":50.091682,"lon":14.475441},"toStop":{"stopId":"U512Z1P","nodeId":"512","name":"Ohrada","lat":50.090584,"lon":14.46923},"lengthM":459.645,"bidirectional":true,"osmSnapped":true},"geometry":{"type":"LineString","coordinates":[[14.475441,50.091682],[14.4745987,50.0915532],[14.46923,50.090584]]}},{"type":"Feature","properties":{"segmentId":"RL11_D1_34~512","lineId":"L11-1","routeId":"L11","mode":"tram","routeColor":"#7A0603","routeTextColor":"#FFFFFF","routeShortName":"11","routeLongName":"Spojovací - Spořilov","fromStop":{"stopId":"U512Z1P","nodeId":"512","name":"Ohrada","lat":50.090584,"lon":14.46923},"toStop":{"stopId":"U34Z1P","nodeId":"34","name":"Biskupcova","lat":50.088543,"lon":14.468796},"lengthM":294.515,"bidirectional":false,"osmSnapped":true},"geometry":{"type":"LineString","coordinates":[[14.46923,50.090584],[14.4682145,50.0903822],[14.4680777,50.0903065],[14.4680046,50.0901842],[14.4680294,50.0900668],[14.468796,50.088543]]}},{"type":"Feature","properties":{"segmentId":"RL11_D0_34~512","lineId":"L11-0","routeId":"L11","mode":"tram","routeColor":"#7A0603","routeTextColor":"#FFFFFF","routeShortName":"11","routeLongName":"Spojovací - Spořilov","fromStop":{"stopId":"U34Z2P","nodeId":"34","name":"Biskupcova","lat":50.0891,"lon":14.468635},"toStop":{"stopId":"U512Z2P","nodeId":"512","name":"Ohrada","lat":50.090672,"lon":14.470092},"lengthM":285.599,"bidirectional":false,"osmSnapped":true},"geometry":{"type":"LineString","coordinates":[[14.468635,50.0891],[14.4680854,50.0900513],[14.468074,50.0901438],[14.4681311,50.0902574],[14.4682599,50.0903448],[14.468407,50.0903876],[14.470092,50.090672]]}},{"type":"Feature","properties":{"segmentId":"RL11_34~469","lineId":"L11","routeId":"L11","mode":"tram","routeColor":"#7A0603","routeTextColor":"#FFFFFF","routeShortName":"11","routeLongName":"Spojovací - Spořilov","fromStop":{"stopId":"U34Z1P","nodeId":"34","name":"Biskupcova","lat":50.088543,"lon":14.468796},"toStop":{"stopId":"U469Z1P","nodeId":"469","name":"Nákladové nádraží Žižkov","lat":50.084972,"lon":14.470428},"lengthM":414.183,"bidirectional":true,"osmSnapped":true},"geometry":{"type":"LineString","coordinates":[[14.468796,50.088543],[14.4698116,50.086605],[14.470428,50.084972]]}},{"type":"Feature","properties":{"segmentId":"RL11_D1_373~469","lineId":"L11-1","routeId":"L11","mode":"tram","routeColor":"#7A0603","routeTextColor":"#FFFFFF","routeShortName":"11","routeLongName":"Spojovací - Spořilov","fromStop":{"stopId":"U469Z1P","nodeId":"469","name":"Nákladové nádraží Žižkov","lat":50.084972,"lon":14.470428},"toStop":{"stopId":"U373Z1P","nodeId":"373","name":"Mezi Hřbitovy","lat":50.081657,"lon":14.471742},"lengthM":380.348,"bidirectional":false,"osmSnapped":true},"geometry":{"type":"LineString","coordinates":[[14.470428,50.084972],[14.471742,50.081657]]}},{"type":"Feature","properties":{"segmentId":"RL11_D1_373~921","lineId":"L11-1","routeId":"L11","mode":"tram","routeColor":"#7A0603","routeTextColor":"#FFFFFF","routeShortName":"11","routeLongName":"Spojovací - Spořilov","fromStop":{"stopId":"U373Z1P","nodeId":"373","name":"Mezi Hřbitovy","lat":50.081657,"lon":14.471742},"toStop":{"stopId":"U921Z3P","nodeId":"921","name":"Želivského","lat":50.078362,"lon":14.47065},"lengthM":521.843,"bidirectional":false,"osmSnapped":true},"geometry":{"type":"LineString","coordinates":[[14.471742,50.081657],[14.4728997,50.0787835],[14.4729274,50.0785872],[14.4728149,50.0784806],[14.4725769,50.0784305],[14.47065,50.078362]]}},{"type":"Feature","properties":{"segmentId":"RL11_D1_515~921","lineId":"L11-1","routeId":"L11","mode":"tram","routeColor":"#7A0603","routeTextColor":"#FFFFFF","routeShortName":"11","routeLongName":"Spojovací - Spořilov","fromStop":{"stopId":"U921Z3P","nodeId":"921","name":"Želivského","lat":50.078362,"lon":14.47065},"toStop":{"stopId":"U515Z1P","nodeId":"515","name":"Olšanské hřbitovy","lat":50.07814,"lon":14.466456},"lengthM":300.294,"bidirectional":false,"osmSnapped":true},"geometry":{"type":"LineString","coordinates":[[14.47065,50.078362],[14.466456,50.07814]]}},{"type":"Feature","properties":{"segmentId":"RL11_D0_515~921","lineId":"L11-0","routeId":"L11","mode":"tram","routeColor":"#7A0603","routeTextColor":"#FFFFFF","routeShortName":"11","routeLongName":"Spojovací - Spořilov","fromStop":{"stopId":"U515Z2P","nodeId":"515","name":"Olšanské hřbitovy","lat":50.078114,"lon":14.467348},"toStop":{"stopId":"U921Z4P","nodeId":"921","name":"Želivského","lat":50.078331,"lon":14.471611},"lengthM":305.157,"bidirectional":false,"osmSnapped":true},"geometry":{"type":"LineString","coordinates":[[14.467348,50.078114],[14.471611,50.078331]]}},{"type":"Feature","properties":{"segmentId":"RL11_118~515","lineId":"L11","routeId":"L11","mode":"tram","routeColor":"#7A0603","routeTextColor":"#FFFFFF","routeShortName":"11","routeLongName":"Spojovací - Spořilov","fromStop":{"stopId":"U515Z1P","nodeId":"515","name":"Olšanské hřbitovy","lat":50.07814,"lon":14.466456},"toStop":{"stopId":"U118Z1P","nodeId":"118","name":"Flora","lat":50.077919,"lon":14.461516},"lengthM":353.368,"bidirectional":true,"osmSnapped":true},"geometry":{"type":"LineString","coordinates":[[14.466456,50.07814],[14.461516,50.077919]]}},{"type":"Feature","properties":{"segmentId":"RL11_118~518","lineId":"L11","routeId":"L11","mode":"tram","routeColor":"#7A0603","routeTextColor":"#FFFFFF","routeShortName":"11","routeLongName":"Spojovací - Spořilov","fromStop":{"stopId":"U118Z1P","nodeId":"118","name":"Flora","lat":50.077919,"lon":14.461516},"toStop":{"stopId":"U518Z1P","nodeId":"518","name":"Orionka","lat":50.075615,"lon":14.459496},"lengthM":413.227,"bidirectional":true,"osmSnapped":true},"geometry":{"type":"LineString","coordinates":[[14.461516,50.077919],[14.4610918,50.0778521],[14.4609869,50.0777964],[14.4609409,50.0777176],[14.4609474,50.0776258],[14.4614799,50.0760053],[14.4614883,50.0758907],[14.4614386,50.0757902],[14.4613161,50.0757023],[14.4610856,50.0756481],[14.459496,50.075615]]}},{"type":"Feature","properties":{"segmentId":"RL11_518~540","lineId":"L11","routeId":"L11","mode":"tram","routeColor":"#7A0603","routeTextColor":"#FFFFFF","routeShortName":"11","routeLongName":"Spojovací - Spořilov","fromStop":{"stopId":"U518Z1P","nodeId":"518","name":"Orionka","lat":50.075615,"lon":14.459496},"toStop":{"stopId":"U540Z1P","nodeId":"540","name":"Perunova","lat":50.075459,"lon":14.454484},"lengthM":358.553,"bidirectional":true,"osmSnapped":true},"geometry":{"type":"LineString","coordinates":[[14.459496,50.075615],[14.4579285,50.07549],[14.454484,50.075459]]}},{"type":"Feature","properties":{"segmentId":"RL11_D0_921~921","lineId":"L11-0","routeId":"L11","mode":"tram","routeColor":"#7A0603","routeTextColor":"#FFFFFF","routeShortName":"11","routeLongName":"Spojovací - Spořilov","fromStop":{"stopId":"U921Z4P","nodeId":"921","name":"Želivského","lat":50.078331,"lon":14.471611},"toStop":{"stopId":"U921Z12P","nodeId":"921","name":"Želivského","lat":50.079723,"lon":14.472616},"lengthM":232.5,"bidirectional":false},"geometry":{"type":"LineString","coordinates":[[14.471609,50.078363],[14.472572,50.078415],[14.472616,50.078418],[14.472702,50.078429],[14.472786,50.07845],[14.47285,50.078474],[14.472898,50.078508],[14.472935,50.078549],[14.47296,50.078599],[14.472965,50.078632],[14.472934,50.078757],[14.472728,50.079293],[14.472566,50.079703]]}},{"type":"Feature","properties":{"segmentId":"RL11_D0_469~921","lineId":"L11-0","routeId":"L11","mode":"tram","routeColor":"#7A0603","routeTextColor":"#FFFFFF","routeShortName":"11","routeLongName":"Spojovací - Spořilov","fromStop":{"stopId":"U921Z12P","nodeId":"921","name":"Želivského","lat":50.079723,"lon":14.472616},"toStop":{"stopId":"U469Z2P","nodeId":"469","name":"Nákladové nádraží Žižkov","lat":50.085629,"lon":14.470274},"lengthM":677.645,"bidirectional":false,"osmSnapped":true},"geometry":{"type":"LineString","coordinates":[[14.472616,50.079723],[14.470274,50.085629]]}},{"type":"Feature","properties":{"segmentId":"RL13_D1_118~515","lineId":"L13-1","routeId":"L13","mode":"tram","routeColor":"#7A0603","routeTextColor":"#FFFFFF","routeShortName":"13","routeLongName":"Čechovo náměstí - Olšanské hřbitovy","fromStop":{"stopId":"U515Z1P","nodeId":"515","name":"Olšanské hřbitovy","lat":50.07814,"lon":14.466456},"toStop":{"stopId":"U118Z1P","nodeId":"118","name":"Flora","lat":50.077919,"lon":14.461516},"lengthM":353.368,"bidirectional":false,"osmSnapped":true},"geometry":{"type":"LineString","coordinates":[[14.466456,50.07814],[14.461516,50.077919]]}},{"type":"Feature","properties":{"segmentId":"RL13_D0_118~515","lineId":"L13-0","routeId":"L13","mode":"tram","routeColor":"#7A0603","routeTextColor":"#FFFFFF","routeShortName":"13","routeLongName":"Čechovo náměstí - Olšanské hřbitovy","fromStop":{"stopId":"U118Z2P","nodeId":"118","name":"Flora","lat":50.077881,"lon":14.462435},"toStop":{"stopId":"U515Z14P","nodeId":"515","name":"Olšanské hřbitovy","lat":50.077808,"lon":14.4669},"lengthM":337,"bidirectional":false},"geometry":{"type":"LineString","coordinates":[[14.462433,50.077924],[14.462501,50.077927],[14.463438,50.077948],[14.465742,50.07807],[14.465818,50.078068],[14.465875,50.078062],[14.46592,50.078054],[14.465957,50.078044],[14.465985,50.078034],[14.466011,50.078022],[14.466036,50.07801],[14.466059,50.077995],[14.466078,50.077981],[14.466101,50.077959],[14.466121,50.077934],[14.466159,50.077873],[14.466168,50.077858],[14.466194,50.077823],[14.46622,50.0778],[14.46629,50.077764],[14.466374,50.077743],[14.466444,50.077739],[14.466902,50.077763]]}},{"type":"Feature","properties":{"segmentId":"RL13_118~616","lineId":"L13","routeId":"L13","mode":"tram","routeColor":"#7A0603","routeTextColor":"#FFFFFF","routeShortName":"13","routeLongName":"Čechovo náměstí - Olšanské hřbitovy","fromStop":{"stopId":"U118Z1P","nodeId":"118","name":"Flora","lat":50.077919,"lon":14.461516},"toStop":{"stopId":"U616Z1P","nodeId":"616","name":"Radhošťská","lat":50.077652,"lon":14.457279},"lengthM":304.053,"bidirectional":true,"osmSnapped":true},"geometry":{"type":"LineString","coordinates":[[14.461516,50.077919],[14.4603939,50.077799],[14.457279,50.077652]]}},{"type":"Feature","properties":{"segmentId":"RL13_D1_209~616","lineId":"L13-1","routeId":"L13","mode":"tram","routeColor":"#7A0603","routeTextColor":"#FFFFFF","routeShortName":"13","routeLongName":"Čechovo náměstí - Olšanské hřbitovy","fromStop":{"stopId":"U616Z1P","nodeId":"616","name":"Radhošťská","lat":50.077652,"lon":14.457279},"toStop":{"stopId":"U209Z1P","nodeId":"209","name":"Jiřího z Poděbrad","lat":50.077255,"lon":14.450471},"lengthM":487.92,"bidirectional":false,"osmSnapped":true},"geometry":{"type":"LineString","coordinates":[[14.457279,50.077652],[14.454309,50.0774342],[14.450471,50.077255]]}},{"type":"Feature","properties":{"segmentId":"RL13_D0_209~616","lineId":"L13-0","routeId":"L13","mode":"tram","routeColor":"#7A0603","routeTextColor":"#FFFFFF","routeShortName":"13","routeLongName":"Čechovo náměstí - Olšanské hřbitovy","fromStop":{"stopId":"U209Z2P","nodeId":"209","name":"Jiřího z Poděbrad","lat":50.07711,"lon":14.448688},"toStop":{"stopId":"U616Z2P","nodeId":"616","name":"Radhošťská","lat":50.077614,"lon":14.457685},"lengthM":644.489,"bidirectional":false,"osmSnapped":true},"geometry":{"type":"LineString","coordinates":[[14.448688,50.07711],[14.4558715,50.0774923],[14.457685,50.077614]]}},{"type":"Feature","properties":{"segmentId":"RL13_D1_209~850","lineId":"L13-1","routeId":"L13","mode":"tram","routeColor":"#7A0603","routeTextColor":"#FFFFFF","routeShortName":"13","routeLongName":"Čechovo náměstí - Olšanské hřbitovy","fromStop":{"stopId":"U209Z1P","nodeId":"209","name":"Jiřího z Poděbrad","lat":50.077255,"lon":14.450471},"toStop":{"stopId":"U850Z1P","nodeId":"850","name":"Vinohradská tržnice","lat":50.077023,"lon":14.442732},"lengthM":553.158,"bidirectional":false,"osmSnapped":true},"geometry":{"type":"LineString","coordinates":[[14.450471,50.077255],[14.4440069,50.0770005],[14.442732,50.077023]]}},{"type":"Feature","properties":{"segmentId":"RL13_D0_209~850","lineId":"L13-0","routeId":"L13","mode":"tram","routeColor":"#7A0603","routeTextColor":"#FFFFFF","routeShortName":"13","routeLongName":"Čechovo náměstí - Olšanské hřbitovy","fromStop":{"stopId":"U850Z2P","nodeId":"850","name":"Vinohradská tržnice","lat":50.077095,"lon":14.441361},"toStop":{"stopId":"U209Z2P","nodeId":"209","name":"Jiřího z Poděbrad","lat":50.07711,"lon":14.448688},"lengthM":524.193,"bidirectional":false,"osmSnapped":true},"geometry":{"type":"LineString","coordinates":[[14.441361,50.077095],[14.4420736,50.0770106],[14.4437512,50.0769648],[14.448688,50.07711]]}},{"type":"Feature","properties":{"segmentId":"RL15_D1_118~515","lineId":"L15-1","routeId":"L15","mode":"tram","routeColor":"#7A0603","routeTextColor":"#FFFFFF","routeShortName":"15","routeLongName":"Kotlářka - Olšanské hřbitovy","fromStop":{"stopId":"U515Z1P","nodeId":"515","name":"Olšanské hřbitovy","lat":50.07814,"lon":14.466456},"toStop":{"stopId":"U118Z1P","nodeId":"118","name":"Flora","lat":50.077919,"lon":14.461516},"lengthM":353.368,"bidirectional":false,"osmSnapped":true},"geometry":{"type":"LineString","coordinates":[[14.466456,50.07814],[14.461516,50.077919]]}},{"type":"Feature","properties":{"segmentId":"RL15_D0_118~515","lineId":"L15-0","routeId":"L15","mode":"tram","routeColor":"#7A0603","routeTextColor":"#FFFFFF","routeShortName":"15","routeLongName":"Kotlářka - Olšanské hřbitovy","fromStop":{"stopId":"U118Z2P","nodeId":"118","name":"Flora","lat":50.077881,"lon":14.462435},"toStop":{"stopId":"U515Z4P","nodeId":"515","name":"Olšanské hřbitovy","lat":50.077728,"lon":14.466932},"lengthM":339,"bidirectional":false},"geometry":{"type":"LineString","coordinates":[[14.462433,50.077924],[14.462501,50.077927],[14.463438,50.077948],[14.465742,50.07807],[14.465818,50.078068],[14.465875,50.078062],[14.46592,50.078054],[14.465957,50.078044],[14.465985,50.078034],[14.466011,50.078022],[14.466036,50.07801],[14.466059,50.077995],[14.466078,50.077981],[14.466101,50.077959],[14.466121,50.077934],[14.466159,50.077873],[14.466168,50.077858],[14.466194,50.077823],[14.46622,50.0778],[14.46629,50.077764],[14.466374,50.077743],[14.466444,50.077739],[14.466902,50.077763],[14.46693,50.077764]]}},{"type":"Feature","properties":{"segmentId":"RL15_118~516","lineId":"L15","routeId":"L15","mode":"tram","routeColor":"#7A0603","routeTextColor":"#FFFFFF","routeShortName":"15","routeLongName":"Kotlářka - Olšanské hřbitovy","fromStop":{"stopId":"U118Z1P","nodeId":"118","name":"Flora","lat":50.077919,"lon":14.461516},"toStop":{"stopId":"U516Z1P","nodeId":"516","name":"Olšanské náměstí","lat":50.082489,"lon":14.457467},"lengthM":693.179,"bidirectional":true,"osmSnapped":true},"geometry":{"type":"LineString","coordinates":[[14.461516,50.077919],[14.4610824,50.0778918],[14.4609431,50.0779499],[14.4608632,50.0780339],[14.459513,50.082133],[14.4594284,50.0822932],[14.4593355,50.082399],[14.4592156,50.0824749],[14.4590099,50.0825595],[14.4587713,50.0826038],[14.457467,50.082489]]}},{"type":"Feature","properties":{"segmentId":"RL15_339~516","lineId":"L15","routeId":"L15","mode":"tram","routeColor":"#7A0603","routeTextColor":"#FFFFFF","routeShortName":"15","routeLongName":"Kotlářka - Olšanské hřbitovy","fromStop":{"stopId":"U516Z1P","nodeId":"516","name":"Olšanské náměstí","lat":50.082489,"lon":14.457467},"toStop":{"stopId":"U339Z1P","nodeId":"339","name":"Lipanská","lat":50.083916,"lon":14.453712},"lengthM":341.108,"bidirectional":true,"osmSnapped":true},"geometry":{"type":"LineString","coordinates":[[14.457467,50.082489],[14.4566471,50.0824573],[14.4551483,50.0826651],[14.4550003,50.0827504],[14.453712,50.083916]]}},{"type":"Feature","properties":{"segmentId":"RL15_172~339","lineId":"L15","routeId":"L15","mode":"tram","routeColor":"#7A0603","routeTextColor":"#FFFFFF","routeShortName":"15","routeLongName":"Kotlářka - Olšanské hřbitovy","fromStop":{"stopId":"U339Z1P","nodeId":"339","name":"Lipanská","lat":50.083916,"lon":14.453712},"toStop":{"stopId":"U172Z1P","nodeId":"172","name":"Viktoria Žižkov","lat":50.085091,"lon":14.444494},"lengthM":671.969,"bidirectional":true,"osmSnapped":true},"geometry":{"type":"LineString","coordinates":[[14.453712,50.083916],[14.4535257,50.0839848],[14.453335,50.0840453],[14.4488216,50.0846073],[14.444494,50.085091]]}},{"type":"Feature","properties":{"segmentId":"RL15_142~172","lineId":"L15","routeId":"L15","mode":"tram","routeColor":"#7A0603","routeTextColor":"#FFFFFF","routeShortName":"15","routeLongName":"Kotlářka - Olšanské hřbitovy","fromStop":{"stopId":"U172Z1P","nodeId":"172","name":"Viktoria Žižkov","lat":50.085091,"lon":14.444494},"toStop":{"stopId":"U142Z1P","nodeId":"142","name":"Hlavní nádraží","lat":50.086082,"lon":14.435114},"lengthM":731.272,"bidirectional":true,"osmSnapped":true},"geometry":{"type":"LineString","coordinates":[[14.444494,50.085091],[14.4436872,50.0851491],[14.4417397,50.0852423],[14.4408021,50.0852126],[14.4405773,50.0852314],[14.4403933,50.0852719],[14.4400891,50.0853956],[14.4390146,50.0859096],[14.438202,50.0861857],[14.4378249,50.0861541],[14.4371209,50.0857637],[14.4368569,50.0856861],[14.4365744,50.08566],[14.4361388,50.0857136],[14.435114,50.086082]]}},{"type":"Feature","properties":{"segmentId":"RL15_142~480","lineId":"L15","routeId":"L15","mode":"tram","routeColor":"#7A0603","routeTextColor":"#FFFFFF","routeShortName":"15","routeLongName":"Kotlářka - Olšanské hřbitovy","fromStop":{"stopId":"U142Z1P","nodeId":"142","name":"Hlavní nádraží","lat":50.086082,"lon":14.435114},"toStop":{"stopId":"U480Z4P","nodeId":"480","name":"Masarykovo nádraží","lat":50.088272,"lon":14.432579},"lengthM":520.911,"bidirectional":true,"osmSnapped":true},"geometry":{"type":"LineString","coordinates":[[14.435114,50.086082],[14.4346819,50.0861791],[14.434233,50.0861885],[14.433926,50.0861454],[14.4323218,50.0857726],[14.4320925,50.085767],[14.4319255,50.0858385],[14.4318842,50.0858983],[14.4318894,50.0860224],[14.4323088,50.0871113],[14.4325441,50.0873036],[14.4325993,50.0874037],[14.432579,50.088272]]}},{"type":"Feature","properties":{"segmentId":"RL16_299~849","lineId":"L16","routeId":"L16","mode":"tram","routeColor":"#7A0603","routeTextColor":"#FFFFFF","routeShortName":"16","routeLongName":"Sídliště Řepy - Kotlářka - Ústřední dílny Dopravního podniku","fromStop":{"stopId":"U299Z1P","nodeId":"299","name":"Krematorium Strašnice","lat":50.07732,"lon":14.48472},"toStop":{"stopId":"U849Z1P","nodeId":"849","name":"Vinohradské hřbitovy","lat":50.077793,"lon":14.479644},"lengthM":366.019,"bidirectional":true,"osmSnapped":true},"geometry":{"type":"LineString","coordinates":[[14.48472,50.07732],[14.479644,50.077793]]}},{"type":"Feature","properties":{"segmentId":"RL16_849~921","lineId":"L16","routeId":"L16","mode":"tram","routeColor":"#7A0603","routeTextColor":"#FFFFFF","routeShortName":"16","routeLongName":"Sídliště Řepy - Kotlářka - Ústřední dílny Dopravního podniku","fromStop":{"stopId":"U849Z1P","nodeId":"849","name":"Vinohradské hřbitovy","lat":50.077793,"lon":14.479644},"toStop":{"stopId":"U921Z1P","nodeId":"921","name":"Želivského","lat":50.078415,"lon":14.474258},"lengthM":390.511,"bidirectional":true,"osmSnapped":true},"geometry":{"type":"LineString","coordinates":[[14.479644,50.077793],[14.474258,50.078415]]}},{"type":"Feature","properties":{"segmentId":"RL16_D1_921~921","lineId":"L16-1","routeId":"L16","mode":"tram","routeColor":"#7A0603","routeTextColor":"#FFFFFF","routeShortName":"16","routeLongName":"Sídliště Řepy - Kotlářka - Ústřední dílny Dopravního podniku","fromStop":{"stopId":"U921Z1P","nodeId":"921","name":"Želivského","lat":50.078415,"lon":14.474258},"toStop":{"stopId":"U921Z3P","nodeId":"921","name":"Želivského","lat":50.078362,"lon":14.47065},"lengthM":258,"bidirectional":false},"geometry":{"type":"LineString","coordinates":[[14.474251,50.07833],[14.474223,50.078333],[14.473393,50.078401],[14.473349,50.078405],[14.47307,50.078428],[14.472954,50.078431],[14.472616,50.078417],[14.472572,50.078415],[14.471609,50.078363],[14.471337,50.078349],[14.470652,50.078315]]}},{"type":"Feature","properties":{"segmentId":"RL16_D0_921~921","lineId":"L16-0","routeId":"L16","mode":"tram","routeColor":"#7A0603","routeTextColor":"#FFFFFF","routeShortName":"16","routeLongName":"Sídliště Řepy - Kotlářka - Ústřední dílny Dopravního podniku","fromStop":{"stopId":"U921Z4P","nodeId":"921","name":"Želivského","lat":50.078331,"lon":14.471611},"toStop":{"stopId":"U921Z2P","nodeId":"921","name":"Želivského","lat":50.078201,"lon":14.475204},"lengthM":258.4,"bidirectional":false},"geometry":{"type":"LineString","coordinates":[[14.471609,50.078363],[14.472572,50.078415],[14.472616,50.078417],[14.472954,50.078431],[14.47307,50.078428],[14.473349,50.078405],[14.473393,50.078401],[14.474223,50.078333],[14.474251,50.07833],[14.475207,50.078243]]}},{"type":"Feature","properties":{"segmentId":"RL16_D1_515~921","lineId":"L16-1","routeId":"L16","mode":"tram","routeColor":"#7A0603","routeTextColor":"#FFFFFF","routeShortName":"16","routeLongName":"Sídliště Řepy - Kotlářka - Ústřední dílny Dopravního podniku","fromStop":{"stopId":"U921Z3P","nodeId":"921","name":"Želivského","lat":50.078362,"lon":14.47065},"toStop":{"stopId":"U515Z1P","nodeId":"515","name":"Olšanské hřbitovy","lat":50.07814,"lon":14.466456},"lengthM":300.294,"bidirectional":false,"osmSnapped":true},"geometry":{"type":"LineString","coordinates":[[14.47065,50.078362],[14.466456,50.07814]]}},{"type":"Feature","properties":{"segmentId":"RL16_D0_515~921","lineId":"L16-0","routeId":"L16","mode":"tram","routeColor":"#7A0603","routeTextColor":"#FFFFFF","routeShortName":"16","routeLongName":"Sídliště Řepy - Kotlářka - Ústřední dílny Dopravního podniku","fromStop":{"stopId":"U515Z2P","nodeId":"515","name":"Olšanské hřbitovy","lat":50.078114,"lon":14.467348},"toStop":{"stopId":"U921Z4P","nodeId":"921","name":"Želivského","lat":50.078331,"lon":14.471611},"lengthM":305.157,"bidirectional":false,"osmSnapped":true},"geometry":{"type":"LineString","coordinates":[[14.467348,50.078114],[14.471611,50.078331]]}},{"type":"Feature","properties":{"segmentId":"RL16_118~515","lineId":"L16","routeId":"L16","mode":"tram","routeColor":"#7A0603","routeTextColor":"#FFFFFF","routeShortName":"16","routeLongName":"Sídliště Řepy - Kotlářka - Ústřední dílny Dopravního podniku","fromStop":{"stopId":"U515Z1P","nodeId":"515","name":"Olšanské hřbitovy","lat":50.07814,"lon":14.466456},"toStop":{"stopId":"U118Z1P","nodeId":"118","name":"Flora","lat":50.077919,"lon":14.461516},"lengthM":353.368,"bidirectional":true,"osmSnapped":true},"geometry":{"type":"LineString","coordinates":[[14.466456,50.07814],[14.461516,50.077919]]}},{"type":"Feature","properties":{"segmentId":"RL16_118~518","lineId":"L16","routeId":"L16","mode":"tram","routeColor":"#7A0603","routeTextColor":"#FFFFFF","routeShortName":"16","routeLongName":"Sídliště Řepy - Kotlářka - Ústřední dílny Dopravního podniku","fromStop":{"stopId":"U118Z1P","nodeId":"118","name":"Flora","lat":50.077919,"lon":14.461516},"toStop":{"stopId":"U518Z1P","nodeId":"518","name":"Orionka","lat":50.075615,"lon":14.459496},"lengthM":413.227,"bidirectional":true,"osmSnapped":true},"geometry":{"type":"LineString","coordinates":[[14.461516,50.077919],[14.4610918,50.0778521],[14.4609869,50.0777964],[14.4609409,50.0777176],[14.4609474,50.0776258],[14.4614799,50.0760053],[14.4614883,50.0758907],[14.4614386,50.0757902],[14.4613161,50.0757023],[14.4610856,50.0756481],[14.459496,50.075615]]}},{"type":"Feature","properties":{"segmentId":"RL16_518~540","lineId":"L16","routeId":"L16","mode":"tram","routeColor":"#7A0603","routeTextColor":"#FFFFFF","routeShortName":"16","routeLongName":"Sídliště Řepy - Kotlářka - Ústřední dílny Dopravního podniku","fromStop":{"stopId":"U518Z1P","nodeId":"518","name":"Orionka","lat":50.075615,"lon":14.459496},"toStop":{"stopId":"U540Z1P","nodeId":"540","name":"Perunova","lat":50.075459,"lon":14.454484},"lengthM":358.553,"bidirectional":true,"osmSnapped":true},"geometry":{"type":"LineString","coordinates":[[14.459496,50.075615],[14.4579285,50.07549],[14.454484,50.075459]]}},{"type":"Feature","properties":{"segmentId":"RL26_299~849","lineId":"L26","routeId":"L26","mode":"tram","routeColor":"#7A0603","routeTextColor":"#FFFFFF","routeShortName":"26","routeLongName":"Dědina  - Nádraží Hostivař","fromStop":{"stopId":"U299Z1P","nodeId":"299","name":"Krematorium Strašnice","lat":50.07732,"lon":14.48472},"toStop":{"stopId":"U849Z1P","nodeId":"849","name":"Vinohradské hřbitovy","lat":50.077793,"lon":14.479644},"lengthM":366.019,"bidirectional":true,"osmSnapped":true},"geometry":{"type":"LineString","coordinates":[[14.48472,50.07732],[14.479644,50.077793]]}},{"type":"Feature","properties":{"segmentId":"RL26_849~921","lineId":"L26","routeId":"L26","mode":"tram","routeColor":"#7A0603","routeTextColor":"#FFFFFF","routeShortName":"26","routeLongName":"Dědina  - Nádraží Hostivař","fromStop":{"stopId":"U849Z1P","nodeId":"849","name":"Vinohradské hřbitovy","lat":50.077793,"lon":14.479644},"toStop":{"stopId":"U921Z1P","nodeId":"921","name":"Želivského","lat":50.078415,"lon":14.474258},"lengthM":390.511,"bidirectional":true,"osmSnapped":true},"geometry":{"type":"LineString","coordinates":[[14.479644,50.077793],[14.474258,50.078415]]}},{"type":"Feature","properties":{"segmentId":"RL26_D1_921~921","lineId":"L26-1","routeId":"L26","mode":"tram","routeColor":"#7A0603","routeTextColor":"#FFFFFF","routeShortName":"26","routeLongName":"Dědina  - Nádraží Hostivař","fromStop":{"stopId":"U921Z1P","nodeId":"921","name":"Želivského","lat":50.078415,"lon":14.474258},"toStop":{"stopId":"U921Z12P","nodeId":"921","name":"Želivského","lat":50.079723,"lon":14.472616},"lengthM":226.7,"bidirectional":false},"geometry":{"type":"LineString","coordinates":[[14.474251,50.07833],[14.474223,50.078333],[14.473393,50.078401],[14.47335,50.078406],[14.473241,50.078424],[14.473175,50.078441],[14.473122,50.078465],[14.473086,50.078489],[14.473024,50.078549],[14.47299,50.078617],[14.472954,50.078706],[14.472934,50.078757],[14.472728,50.079293],[14.472566,50.079703]]}},{"type":"Feature","properties":{"segmentId":"RL26_D1_469~921","lineId":"L26-1","routeId":"L26","mode":"tram","routeColor":"#7A0603","routeTextColor":"#FFFFFF","routeShortName":"26","routeLongName":"Dědina  - Nádraží Hostivař","fromStop":{"stopId":"U921Z12P","nodeId":"921","name":"Želivského","lat":50.079723,"lon":14.472616},"toStop":{"stopId":"U469Z3P","nodeId":"469","name":"Nákladové nádraží Žižkov","lat":50.084141,"lon":14.469066},"lengthM":647.623,"bidirectional":false,"osmSnapped":true},"geometry":{"type":"LineString","coordinates":[[14.472616,50.079723],[14.471518,50.082443],[14.4707812,50.0842359],[14.4706036,50.0843324],[14.4704394,50.0843457],[14.469066,50.084141]]}},{"type":"Feature","properties":{"segmentId":"RL26_469~586","lineId":"L26","routeId":"L26","mode":"tram","routeColor":"#7A0603","routeTextColor":"#FFFFFF","routeShortName":"26","routeLongName":"Dědina  - Nádraží Hostivař","fromStop":{"stopId":"U469Z3P","nodeId":"469","name":"Nákladové nádraží Žižkov","lat":50.084141,"lon":14.469066},"toStop":{"stopId":"U586Z1P","nodeId":"586","name":"Olšanská","lat":50.083424,"lon":14.46454},"lengthM":332.627,"bidirectional":true,"osmSnapped":true},"geometry":{"type":"LineString","coordinates":[[14.469066,50.084141],[14.46454,50.083424]]}},{"type":"Feature","properties":{"segmentId":"RL26_516~586","lineId":"L26","routeId":"L26","mode":"tram","routeColor":"#7A0603","routeTextColor":"#FFFFFF","routeShortName":"26","routeLongName":"Dědina  - Nádraží Hostivař","fromStop":{"stopId":"U586Z1P","nodeId":"586","name":"Olšanská","lat":50.083424,"lon":14.46454},"toStop":{"stopId":"U516Z1P","nodeId":"516","name":"Olšanské náměstí","lat":50.082489,"lon":14.457467},"lengthM":515.541,"bidirectional":true,"osmSnapped":true},"geometry":{"type":"LineString","coordinates":[[14.46454,50.083424],[14.4622919,50.0830547],[14.457467,50.082489]]}},{"type":"Feature","properties":{"segmentId":"RL26_339~516","lineId":"L26","routeId":"L26","mode":"tram","routeColor":"#7A0603","routeTextColor":"#FFFFFF","routeShortName":"26","routeLongName":"Dědina  - Nádraží Hostivař","fromStop":{"stopId":"U516Z1P","nodeId":"516","name":"Olšanské náměstí","lat":50.082489,"lon":14.457467},"toStop":{"stopId":"U339Z1P","nodeId":"339","name":"Lipanská","lat":50.083916,"lon":14.453712},"lengthM":341.108,"bidirectional":true,"osmSnapped":true},"geometry":{"type":"LineString","coordinates":[[14.457467,50.082489],[14.4566471,50.0824573],[14.4551483,50.0826651],[14.4550003,50.0827504],[14.453712,50.083916]]}},{"type":"Feature","properties":{"segmentId":"RL26_172~339","lineId":"L26","routeId":"L26","mode":"tram","routeColor":"#7A0603","routeTextColor":"#FFFFFF","routeShortName":"26","routeLongName":"Dědina  - Nádraží Hostivař","fromStop":{"stopId":"U339Z1P","nodeId":"339","name":"Lipanská","lat":50.083916,"lon":14.453712},"toStop":{"stopId":"U172Z1P","nodeId":"172","name":"Viktoria Žižkov","lat":50.085091,"lon":14.444494},"lengthM":671.969,"bidirectional":true,"osmSnapped":true},"geometry":{"type":"LineString","coordinates":[[14.453712,50.083916],[14.4535257,50.0839848],[14.453335,50.0840453],[14.4488216,50.0846073],[14.444494,50.085091]]}},{"type":"Feature","properties":{"segmentId":"RL26_142~172","lineId":"L26","routeId":"L26","mode":"tram","routeColor":"#7A0603","routeTextColor":"#FFFFFF","routeShortName":"26","routeLongName":"Dědina  - Nádraží Hostivař","fromStop":{"stopId":"U172Z1P","nodeId":"172","name":"Viktoria Žižkov","lat":50.085091,"lon":14.444494},"toStop":{"stopId":"U142Z1P","nodeId":"142","name":"Hlavní nádraží","lat":50.086082,"lon":14.435114},"lengthM":731.272,"bidirectional":true,"osmSnapped":true},"geometry":{"type":"LineString","coordinates":[[14.444494,50.085091],[14.4436872,50.0851491],[14.4417397,50.0852423],[14.4408021,50.0852126],[14.4405773,50.0852314],[14.4403933,50.0852719],[14.4400891,50.0853956],[14.4390146,50.0859096],[14.438202,50.0861857],[14.4378249,50.0861541],[14.4371209,50.0857637],[14.4368569,50.0856861],[14.4365744,50.08566],[14.4361388,50.0857136],[14.435114,50.086082]]}},{"type":"Feature","properties":{"segmentId":"RL26_142~480","lineId":"L26","routeId":"L26","mode":"tram","routeColor":"#7A0603","routeTextColor":"#FFFFFF","routeShortName":"26","routeLongName":"Dědina  - Nádraží Hostivař","fromStop":{"stopId":"U142Z1P","nodeId":"142","name":"Hlavní nádraží","lat":50.086082,"lon":14.435114},"toStop":{"stopId":"U480Z4P","nodeId":"480","name":"Masarykovo nádraží","lat":50.088272,"lon":14.432579},"lengthM":520.911,"bidirectional":true,"osmSnapped":true},"geometry":{"type":"LineString","coordinates":[[14.435114,50.086082],[14.4346819,50.0861791],[14.434233,50.0861885],[14.433926,50.0861454],[14.4323218,50.0857726],[14.4320925,50.085767],[14.4319255,50.0858385],[14.4318842,50.0858983],[14.4318894,50.0860224],[14.4323088,50.0871113],[14.4325441,50.0873036],[14.4325993,50.0874037],[14.432579,50.088272]]}},{"type":"Feature","properties":{"segmentId":"RL26_D0_373~469","lineId":"L26-0","routeId":"L26","mode":"tram","routeColor":"#7A0603","routeTextColor":"#FFFFFF","routeShortName":"26","routeLongName":"Dědina  - Nádraží Hostivař","fromStop":{"stopId":"U469Z4P","nodeId":"469","name":"Nákladové nádraží Žižkov","lat":50.084187,"lon":14.469828},"toStop":{"stopId":"U373Z1P","nodeId":"373","name":"Mezi Hřbitovy","lat":50.081657,"lon":14.471742},"lengthM":362.782,"bidirectional":false,"osmSnapped":true},"geometry":{"type":"LineString","coordinates":[[14.469828,50.084187],[14.4704536,50.0843072],[14.4706844,50.0842484],[14.4707521,50.0841899],[14.471742,50.081657]]}},{"type":"Feature","properties":{"segmentId":"RL26_D0_373~921","lineId":"L26-0","routeId":"L26","mode":"tram","routeColor":"#7A0603","routeTextColor":"#FFFFFF","routeShortName":"26","routeLongName":"Dědina  - Nádraží Hostivař","fromStop":{"stopId":"U373Z1P","nodeId":"373","name":"Mezi Hřbitovy","lat":50.081657,"lon":14.471742},"toStop":{"stopId":"U921Z2P","nodeId":"921","name":"Želivského","lat":50.078201,"lon":14.475204},"lengthM":523.604,"bidirectional":false,"osmSnapped":true},"geometry":{"type":"LineString","coordinates":[[14.471742,50.081657],[14.4730144,50.0785153],[14.4731134,50.0784409],[14.4733547,50.0783885],[14.475204,50.078201]]}},{"type":"Feature","properties":{"segmentId":"RL31_D0_1074~529","lineId":"L31-0","routeId":"L31","mode":"tram","routeColor":"#7A0603","routeTextColor":"#FFFFFF","routeShortName":"31","routeLongName":"Vysočanská - Spojovací","fromStop":{"stopId":"U529Z1P","nodeId":"529","name":"Palmovka","lat":50.102474,"lon":14.473387},"toStop":{"stopId":"U1074Z2P","nodeId":"1074","name":"Krejcárek","lat":50.094761,"lon":14.474228},"lengthM":931.554,"bidirectional":false,"osmSnapped":true},"geometry":{"type":"LineString","coordinates":[[14.473387,50.102474],[14.4735109,50.101806],[14.4734316,50.1013665],[14.4733799,50.1012347],[14.4730819,50.1008144],[14.4730276,50.1006449],[14.4731741,50.1000544],[14.4731432,50.0996933],[14.4731888,50.0992689],[14.4733443,50.0988861],[14.4735553,50.0985752],[14.4743875,50.0977622],[14.4747549,50.0972963],[14.4752242,50.0963958],[14.4753295,50.0960094],[14.4753116,50.0956588],[14.4752425,50.0954216],[14.4751617,50.0952919],[14.475026,50.0951761],[14.474228,50.094761]]}},{"type":"Feature","properties":{"segmentId":"RL31_D1_1074~529","lineId":"L31-1","routeId":"L31","mode":"tram","routeColor":"#7A0603","routeTextColor":"#FFFFFF","routeShortName":"31","routeLongName":"Vysočanská - Spojovací","fromStop":{"stopId":"U1074Z1P","nodeId":"1074","name":"Krejcárek","lat":50.095066,"lon":14.474965},"toStop":{"stopId":"U529Z2P","nodeId":"529","name":"Palmovka","lat":50.103901,"lon":14.474776},"lengthM":1087.661,"bidirectional":false,"osmSnapped":true},"geometry":{"type":"LineString","coordinates":[[14.474965,50.095066],[14.4752071,50.0952777],[14.4753319,50.0955356],[14.4753829,50.0957763],[14.4753867,50.0959655],[14.4753007,50.0963457],[14.4749084,50.0971405],[14.4746769,50.0974898],[14.474399,50.0978154],[14.4736599,50.0985205],[14.4734056,50.0988727],[14.4732856,50.099134],[14.47321,50.0994105],[14.4732128,50.1001659],[14.4730786,50.1006376],[14.4731278,50.1008061],[14.4734639,50.101304],[14.4735601,50.1017691],[14.473369,50.1031481],[14.4734079,50.1033354],[14.4735539,50.1034801],[14.4737923,50.1036003],[14.474776,50.103901]]}},{"type":"Feature","properties":{"segmentId":"RL31_1074~512","lineId":"L31","routeId":"L31","mode":"tram","routeColor":"#7A0603","routeTextColor":"#FFFFFF","routeShortName":"31","routeLongName":"Vysočanská - Spojovací","fromStop":{"stopId":"U1074Z2P","nodeId":"1074","name":"Krejcárek","lat":50.094761,"lon":14.474228},"toStop":{"stopId":"U512Z2P","nodeId":"512","name":"Ohrada","lat":50.090672,"lon":14.470092},"lengthM":850.928,"bidirectional":true,"osmSnapped":true},"geometry":{"type":"LineString","coordinates":[[14.474228,50.094761],[14.473409,50.0942985],[14.4694601,50.0925729],[14.469066,50.0923686],[14.4687871,50.0921363],[14.4685663,50.0918389],[14.4678815,50.0907141],[14.467844,50.0905971],[14.4678665,50.0905116],[14.4679561,50.0904273],[14.468204,50.0903594],[14.470092,50.090672]]}},{"type":"Feature","properties":{"segmentId":"RL31_512~837","lineId":"L31","routeId":"L31","mode":"tram","routeColor":"#7A0603","routeTextColor":"#FFFFFF","routeShortName":"31","routeLongName":"Vysočanská - Spojovací","fromStop":{"stopId":"U512Z2P","nodeId":"512","name":"Ohrada","lat":50.090672,"lon":14.470092},"toStop":{"stopId":"U837Z2P","nodeId":"837","name":"Vozovna Žižkov","lat":50.091492,"lon":14.474536},"lengthM":329.883,"bidirectional":true,"osmSnapped":true},"geometry":{"type":"LineString","coordinates":[[14.470092,50.090672],[14.474536,50.091492]]}},{"type":"Feature","properties":{"segmentId":"RL31_714~837","lineId":"L31","routeId":"L31","mode":"tram","routeColor":"#7A0603","routeTextColor":"#FFFFFF","routeShortName":"31","routeLongName":"Vysočanská - Spojovací","fromStop":{"stopId":"U837Z2P","nodeId":"837","name":"Vozovna Žižkov","lat":50.091492,"lon":14.474536},"toStop":{"stopId":"U714Z2P","nodeId":"714","name":"Strážní","lat":50.09219,"lon":14.481013},"lengthM":468.759,"bidirectional":true,"osmSnapped":true},"geometry":{"type":"LineString","coordinates":[[14.474536,50.091492],[14.4753557,50.091625],[14.481013,50.09219]]}},{"type":"Feature","properties":{"segmentId":"RL31_D0_180~714","lineId":"L31-0","routeId":"L31","mode":"tram","routeColor":"#7A0603","routeTextColor":"#FFFFFF","routeShortName":"31","routeLongName":"Vysočanská - Spojovací","fromStop":{"stopId":"U714Z2P","nodeId":"714","name":"Strážní","lat":50.09219,"lon":14.481013},"toStop":{"stopId":"U180Z2P","nodeId":"180","name":"Chmelnice","lat":50.092487,"lon":14.485838},"lengthM":346.598,"bidirectional":false,"osmSnapped":true},"geometry":{"type":"LineString","coordinates":[[14.481013,50.09219],[14.483012,50.0924038],[14.4844135,50.092487],[14.485838,50.092487]]}},{"type":"Feature","properties":{"segmentId":"RL31_D1_180~714","lineId":"L31-1","routeId":"L31","mode":"tram","routeColor":"#7A0603","routeTextColor":"#FFFFFF","routeShortName":"31","routeLongName":"Vysočanská - Spojovací","fromStop":{"stopId":"U180Z1P","nodeId":"180","name":"Chmelnice","lat":50.092556,"lon":14.486961},"toStop":{"stopId":"U714Z1P","nodeId":"714","name":"Strážní","lat":50.092316,"lon":14.481536},"lengthM":388.288,"bidirectional":false,"osmSnapped":true},"geometry":{"type":"LineString","coordinates":[[14.486961,50.092556],[14.4844063,50.0925138],[14.4828127,50.0924233],[14.481536,50.092316]]}},{"type":"Feature","properties":{"segmentId":"RL31_180~266","lineId":"L31","routeId":"L31","mode":"tram","routeColor":"#7A0603","routeTextColor":"#FFFFFF","routeShortName":"31","routeLongName":"Vysočanská - Spojovací","fromStop":{"stopId":"U180Z2P","nodeId":"180","name":"Chmelnice","lat":50.092487,"lon":14.485838},"toStop":{"stopId":"U266Z2P","nodeId":"266","name":"Kněžská luka","lat":50.092148,"lon":14.492482},"lengthM":476.6,"bidirectional":true,"osmSnapped":true},"geometry":{"type":"LineString","coordinates":[[14.485838,50.092487],[14.4892314,50.0924623],[14.492482,50.092148]]}},{"type":"Feature","properties":{"segmentId":"RL31_266~694","lineId":"L31","routeId":"L31","mode":"tram","routeColor":"#7A0603","routeTextColor":"#FFFFFF","routeShortName":"31","routeLongName":"Vysočanská - Spojovací","fromStop":{"stopId":"U266Z2P","nodeId":"266","name":"Kněžská luka","lat":50.092148,"lon":14.492482},"toStop":{"stopId":"U694Z2P","nodeId":"694","name":"Spojovací","lat":50.091507,"lon":14.499409},"lengthM":504.721,"bidirectional":true,"osmSnapped":true},"geometry":{"type":"LineString","coordinates":[[14.492482,50.092148],[14.4983363,50.0918198],[14.4988989,50.0917328],[14.499409,50.091507]]}},{"type":"Feature","properties":{"segmentId":"RL39_142~203","lineId":"L39","routeId":"L39","mode":"tram","routeColor":"#7A0603","routeTextColor":"#FFFFFF","routeShortName":"39","routeLongName":"Vozovna Žižkov - Náměstí Bratří Synků","fromStop":{"stopId":"U203Z2P","nodeId":"203","name":"Jindřišská","lat":50.08532,"lon":14.430784},"toStop":{"stopId":"U142Z2P","nodeId":"142","name":"Hlavní nádraží","lat":50.085693,"lon":14.435928},"lengthM":399.396,"bidirectional":true,"osmSnapped":true},"geometry":{"type":"LineString","coordinates":[[14.430784,50.08532],[14.4310653,50.0854688],[14.4339829,50.0861258],[14.4342479,50.086161],[14.4347647,50.0861355],[14.435928,50.085693]]}},{"type":"Feature","properties":{"segmentId":"RL39_142~172","lineId":"L39","routeId":"L39","mode":"tram","routeColor":"#7A0603","routeTextColor":"#FFFFFF","routeShortName":"39","routeLongName":"Vozovna Žižkov - Náměstí Bratří Synků","fromStop":{"stopId":"U142Z2P","nodeId":"142","name":"Hlavní nádraží","lat":50.085693,"lon":14.435928},"toStop":{"stopId":"U172Z2P","nodeId":"172","name":"Viktoria Žižkov","lat":50.084938,"lon":14.445333},"lengthM":723.499,"bidirectional":true,"osmSnapped":true},"geometry":{"type":"LineString","coordinates":[[14.435928,50.085693],[14.4363764,50.0856402],[14.4368879,50.0856631],[14.4372487,50.0857905],[14.4377891,50.0861066],[14.437999,50.0861566],[14.4381714,50.0861559],[14.4389928,50.0858853],[14.4402709,50.0852778],[14.440567,50.0852006],[14.4408016,50.0851829],[14.4415951,50.0852164],[14.4435234,50.0851322],[14.445333,50.084938]]}},{"type":"Feature","properties":{"segmentId":"RL39_172~339","lineId":"L39","routeId":"L39","mode":"tram","routeColor":"#7A0603","routeTextColor":"#FFFFFF","routeShortName":"39","routeLongName":"Vozovna Žižkov - Náměstí Bratří Synků","fromStop":{"stopId":"U172Z2P","nodeId":"172","name":"Viktoria Žižkov","lat":50.084938,"lon":14.445333},"toStop":{"stopId":"U339Z2P","nodeId":"339","name":"Lipanská","lat":50.084007,"lon":14.453156},"lengthM":567.82,"bidirectional":true,"osmSnapped":true},"geometry":{"type":"LineString","coordinates":[[14.445333,50.084938],[14.4488314,50.0845784],[14.453156,50.084007]]}},{"type":"Feature","properties":{"segmentId":"RL39_339~516","lineId":"L39","routeId":"L39","mode":"tram","routeColor":"#7A0603","routeTextColor":"#FFFFFF","routeShortName":"39","routeLongName":"Vozovna Žižkov - Náměstí Bratří Synků","fromStop":{"stopId":"U339Z2P","nodeId":"339","name":"Lipanská","lat":50.084007,"lon":14.453156},"toStop":{"stopId":"U516Z2P","nodeId":"516","name":"Olšanské náměstí","lat":50.082451,"lon":14.457738},"lengthM":402.093,"bidirectional":true,"osmSnapped":true},"geometry":{"type":"LineString","coordinates":[[14.453156,50.084007],[14.4533328,50.0840119],[14.4535332,50.0839339],[14.4550845,50.0826515],[14.4566373,50.0824283],[14.4570012,50.0824182],[14.457738,50.082451]]}},{"type":"Feature","properties":{"segmentId":"RL39_516~586","lineId":"L39","routeId":"L39","mode":"tram","routeColor":"#7A0603","routeTextColor":"#FFFFFF","routeShortName":"39","routeLongName":"Vozovna Žižkov - Náměstí Bratří Synků","fromStop":{"stopId":"U516Z2P","nodeId":"516","name":"Olšanské náměstí","lat":50.082451,"lon":14.457738},"toStop":{"stopId":"U586Z2P","nodeId":"586","name":"Olšanská","lat":50.083477,"lon":14.465398},"lengthM":558.412,"bidirectional":true,"osmSnapped":true},"geometry":{"type":"LineString","coordinates":[[14.457738,50.082451],[14.4623101,50.0830209],[14.465398,50.083477]]}},{"type":"Feature","properties":{"segmentId":"RL39_469~586","lineId":"L39","routeId":"L39","mode":"tram","routeColor":"#7A0603","routeTextColor":"#FFFFFF","routeShortName":"39","routeLongName":"Vozovna Žižkov - Náměstí Bratří Synků","fromStop":{"stopId":"U586Z2P","nodeId":"586","name":"Olšanská","lat":50.083477,"lon":14.465398},"toStop":{"stopId":"U469Z4P","nodeId":"469","name":"Nákladové nádraží Žižkov","lat":50.084187,"lon":14.469828},"lengthM":325.791,"bidirectional":true,"osmSnapped":true},"geometry":{"type":"LineString","coordinates":[[14.465398,50.083477],[14.469828,50.084187]]}},{"type":"Feature","properties":{"segmentId":"RL39_D0_469~469","lineId":"L39-0","routeId":"L39","mode":"tram","routeColor":"#7A0603","routeTextColor":"#FFFFFF","routeShortName":"39","routeLongName":"Vozovna Žižkov - Náměstí Bratří Synků","fromStop":{"stopId":"U469Z4P","nodeId":"469","name":"Nákladové nádraží Žižkov","lat":50.084187,"lon":14.469828},"toStop":{"stopId":"U469Z2P","nodeId":"469","name":"Nákladové nádraží Žižkov","lat":50.085629,"lon":14.470274},"lengthM":196,"bidirectional":false},"geometry":{"type":"LineString","coordinates":[[14.469821,50.084224],[14.470325,50.084312],[14.470365,50.084321],[14.470481,50.084357],[14.470539,50.084388],[14.47058,50.084422],[14.470603,50.084451],[14.470626,50.084495],[14.470634,50.084519],[14.470631,50.084567],[14.470607,50.084652],[14.470473,50.08499],[14.470228,50.08561]]}},{"type":"Feature","properties":{"segmentId":"RL39_D1_469~469","lineId":"L39-1","routeId":"L39","mode":"tram","routeColor":"#7A0603","routeTextColor":"#FFFFFF","routeShortName":"39","routeLongName":"Vozovna Žižkov - Náměstí Bratří Synků","fromStop":{"stopId":"U469Z1P","nodeId":"469","name":"Nákladové nádraží Žižkov","lat":50.084972,"lon":14.470428},"toStop":{"stopId":"U469Z3P","nodeId":"469","name":"Nákladové nádraží Žižkov","lat":50.084141,"lon":14.469066},"lengthM":180,"bidirectional":false},"geometry":{"type":"LineString","coordinates":[[14.470473,50.08499],[14.470607,50.084652],[14.470631,50.084567],[14.470634,50.084519],[14.470626,50.084495],[14.470603,50.084451],[14.47058,50.084422],[14.470539,50.084388],[14.470481,50.084357],[14.470365,50.084321],[14.470325,50.084312],[14.469821,50.084224],[14.469728,50.084208],[14.469072,50.084102]]}},{"type":"Feature","properties":{"segmentId":"RL39_34~469","lineId":"L39","routeId":"L39","mode":"tram","routeColor":"#7A0603","routeTextColor":"#FFFFFF","routeShortName":"39","routeLongName":"Vozovna Žižkov - Náměstí Bratří Synků","fromStop":{"stopId":"U469Z2P","nodeId":"469","name":"Nákladové nádraží Žižkov","lat":50.085629,"lon":14.470274},"toStop":{"stopId":"U34Z2P","nodeId":"34","name":"Biskupcova","lat":50.0891,"lon":14.468635},"lengthM":403.334,"bidirectional":true,"osmSnapped":true},"geometry":{"type":"LineString","coordinates":[[14.470274,50.085629],[14.4697802,50.0867678],[14.468635,50.0891]]}},{"type":"Feature","properties":{"segmentId":"RL39_D0_34~512","lineId":"L39-0","routeId":"L39","mode":"tram","routeColor":"#7A0603","routeTextColor":"#FFFFFF","routeShortName":"39","routeLongName":"Vozovna Žižkov - Náměstí Bratří Synků","fromStop":{"stopId":"U34Z2P","nodeId":"34","name":"Biskupcova","lat":50.0891,"lon":14.468635},"toStop":{"stopId":"U512Z2P","nodeId":"512","name":"Ohrada","lat":50.090672,"lon":14.470092},"lengthM":285.599,"bidirectional":false,"osmSnapped":true},"geometry":{"type":"LineString","coordinates":[[14.468635,50.0891],[14.4680854,50.0900513],[14.468074,50.0901438],[14.4681311,50.0902574],[14.4682599,50.0903448],[14.468407,50.0903876],[14.470092,50.090672]]}},{"type":"Feature","properties":{"segmentId":"RL39_D1_34~512","lineId":"L39-1","routeId":"L39","mode":"tram","routeColor":"#7A0603","routeTextColor":"#FFFFFF","routeShortName":"39","routeLongName":"Vozovna Žižkov - Náměstí Bratří Synků","fromStop":{"stopId":"U512Z1P","nodeId":"512","name":"Ohrada","lat":50.090584,"lon":14.46923},"toStop":{"stopId":"U34Z1P","nodeId":"34","name":"Biskupcova","lat":50.088543,"lon":14.468796},"lengthM":294.515,"bidirectional":false,"osmSnapped":true},"geometry":{"type":"LineString","coordinates":[[14.46923,50.090584],[14.4682145,50.0903822],[14.4680777,50.0903065],[14.4680046,50.0901842],[14.4680294,50.0900668],[14.468796,50.088543]]}},{"type":"Feature","properties":{"segmentId":"RL39_512~837","lineId":"L39","routeId":"L39","mode":"tram","routeColor":"#7A0603","routeTextColor":"#FFFFFF","routeShortName":"39","routeLongName":"Vozovna Žižkov - Náměstí Bratří Synků","fromStop":{"stopId":"U512Z2P","nodeId":"512","name":"Ohrada","lat":50.090672,"lon":14.470092},"toStop":{"stopId":"U837Z2P","nodeId":"837","name":"Vozovna Žižkov","lat":50.091492,"lon":14.474536},"lengthM":329.883,"bidirectional":true,"osmSnapped":true},"geometry":{"type":"LineString","coordinates":[[14.470092,50.090672],[14.474536,50.091492]]}},{"type":"Feature","properties":{"segmentId":"RL91_299~849","lineId":"L91","routeId":"L91","mode":"tram","routeColor":"#7A0603","routeTextColor":"#FFFFFF","routeShortName":"91","routeLongName":"Divoká Šárka - Staré Strašnice","fromStop":{"stopId":"U299Z1P","nodeId":"299","name":"Krematorium Strašnice","lat":50.07732,"lon":14.48472},"toStop":{"stopId":"U849Z1P","nodeId":"849","name":"Vinohradské hřbitovy","lat":50.077793,"lon":14.479644},"lengthM":366.019,"bidirectional":true,"osmSnapped":true},"geometry":{"type":"LineString","coordinates":[[14.48472,50.07732],[14.479644,50.077793]]}},{"type":"Feature","properties":{"segmentId":"RL91_849~921","lineId":"L91","routeId":"L91","mode":"tram","routeColor":"#7A0603","routeTextColor":"#FFFFFF","routeShortName":"91","routeLongName":"Divoká Šárka - Staré Strašnice","fromStop":{"stopId":"U849Z1P","nodeId":"849","name":"Vinohradské hřbitovy","lat":50.077793,"lon":14.479644},"toStop":{"stopId":"U921Z1P","nodeId":"921","name":"Želivského","lat":50.078415,"lon":14.474258},"lengthM":390.511,"bidirectional":true,"osmSnapped":true},"geometry":{"type":"LineString","coordinates":[[14.479644,50.077793],[14.474258,50.078415]]}},{"type":"Feature","properties":{"segmentId":"RL91_D1_921~921","lineId":"L91-1","routeId":"L91","mode":"tram","routeColor":"#7A0603","routeTextColor":"#FFFFFF","routeShortName":"91","routeLongName":"Divoká Šárka - Staré Strašnice","fromStop":{"stopId":"U921Z1P","nodeId":"921","name":"Želivského","lat":50.078415,"lon":14.474258},"toStop":{"stopId":"U921Z3P","nodeId":"921","name":"Želivského","lat":50.078362,"lon":14.47065},"lengthM":258,"bidirectional":false},"geometry":{"type":"LineString","coordinates":[[14.474251,50.07833],[14.474223,50.078333],[14.473393,50.078401],[14.473349,50.078405],[14.47307,50.078428],[14.472954,50.078431],[14.472616,50.078417],[14.472572,50.078415],[14.471609,50.078363],[14.471337,50.078349],[14.470652,50.078315]]}},{"type":"Feature","properties":{"segmentId":"RL91_D0_921~921","lineId":"L91-0","routeId":"L91","mode":"tram","routeColor":"#7A0603","routeTextColor":"#FFFFFF","routeShortName":"91","routeLongName":"Divoká Šárka - Staré Strašnice","fromStop":{"stopId":"U921Z4P","nodeId":"921","name":"Želivského","lat":50.078331,"lon":14.471611},"toStop":{"stopId":"U921Z2P","nodeId":"921","name":"Želivského","lat":50.078201,"lon":14.475204},"lengthM":258.4,"bidirectional":false},"geometry":{"type":"LineString","coordinates":[[14.471609,50.078363],[14.472572,50.078415],[14.472616,50.078417],[14.472954,50.078431],[14.47307,50.078428],[14.473349,50.078405],[14.473393,50.078401],[14.474223,50.078333],[14.474251,50.07833],[14.475207,50.078243]]}},{"type":"Feature","properties":{"segmentId":"RL91_D1_515~921","lineId":"L91-1","routeId":"L91","mode":"tram","routeColor":"#7A0603","routeTextColor":"#FFFFFF","routeShortName":"91","routeLongName":"Divoká Šárka - Staré Strašnice","fromStop":{"stopId":"U921Z3P","nodeId":"921","name":"Želivského","lat":50.078362,"lon":14.47065},"toStop":{"stopId":"U515Z1P","nodeId":"515","name":"Olšanské hřbitovy","lat":50.07814,"lon":14.466456},"lengthM":300.294,"bidirectional":false,"osmSnapped":true},"geometry":{"type":"LineString","coordinates":[[14.47065,50.078362],[14.466456,50.07814]]}},{"type":"Feature","properties":{"segmentId":"RL91_D0_515~921","lineId":"L91-0","routeId":"L91","mode":"tram","routeColor":"#7A0603","routeTextColor":"#FFFFFF","routeShortName":"91","routeLongName":"Divoká Šárka - Staré Strašnice","fromStop":{"stopId":"U515Z2P","nodeId":"515","name":"Olšanské hřbitovy","lat":50.078114,"lon":14.467348},"toStop":{"stopId":"U921Z4P","nodeId":"921","name":"Želivského","lat":50.078331,"lon":14.471611},"lengthM":305.157,"bidirectional":false,"osmSnapped":true},"geometry":{"type":"LineString","coordinates":[[14.467348,50.078114],[14.471611,50.078331]]}},{"type":"Feature","properties":{"segmentId":"RL91_118~515","lineId":"L91","routeId":"L91","mode":"tram","routeColor":"#7A0603","routeTextColor":"#FFFFFF","routeShortName":"91","routeLongName":"Divoká Šárka - Staré Strašnice","fromStop":{"stopId":"U515Z1P","nodeId":"515","name":"Olšanské hřbitovy","lat":50.07814,"lon":14.466456},"toStop":{"stopId":"U118Z1P","nodeId":"118","name":"Flora","lat":50.077919,"lon":14.461516},"lengthM":353.368,"bidirectional":true,"osmSnapped":true},"geometry":{"type":"LineString","coordinates":[[14.466456,50.07814],[14.461516,50.077919]]}},{"type":"Feature","properties":{"segmentId":"RL91_118~518","lineId":"L91","routeId":"L91","mode":"tram","routeColor":"#7A0603","routeTextColor":"#FFFFFF","routeShortName":"91","routeLongName":"Divoká Šárka - Staré Strašnice","fromStop":{"stopId":"U118Z1P","nodeId":"118","name":"Flora","lat":50.077919,"lon":14.461516},"toStop":{"stopId":"U518Z1P","nodeId":"518","name":"Orionka","lat":50.075615,"lon":14.459496},"lengthM":413.227,"bidirectional":true,"osmSnapped":true},"geometry":{"type":"LineString","coordinates":[[14.461516,50.077919],[14.4610918,50.0778521],[14.4609869,50.0777964],[14.4609409,50.0777176],[14.4609474,50.0776258],[14.4614799,50.0760053],[14.4614883,50.0758907],[14.4614386,50.0757902],[14.4613161,50.0757023],[14.4610856,50.0756481],[14.459496,50.075615]]}},{"type":"Feature","properties":{"segmentId":"RL91_518~540","lineId":"L91","routeId":"L91","mode":"tram","routeColor":"#7A0603","routeTextColor":"#FFFFFF","routeShortName":"91","routeLongName":"Divoká Šárka - Staré Strašnice","fromStop":{"stopId":"U518Z1P","nodeId":"518","name":"Orionka","lat":50.075615,"lon":14.459496},"toStop":{"stopId":"U540Z1P","nodeId":"540","name":"Perunova","lat":50.075459,"lon":14.454484},"lengthM":358.553,"bidirectional":true,"osmSnapped":true},"geometry":{"type":"LineString","coordinates":[[14.459496,50.075615],[14.4579285,50.07549],[14.454484,50.075459]]}},{"type":"Feature","properties":{"segmentId":"RL95_D0_1074~529","lineId":"L95-0","routeId":"L95","mode":"tram","routeColor":"#7A0603","routeTextColor":"#FFFFFF","routeShortName":"95","routeLongName":"Vozovna Kobylisy - Ústřední dílny Dopravního podniku","fromStop":{"stopId":"U529Z1P","nodeId":"529","name":"Palmovka","lat":50.102474,"lon":14.473387},"toStop":{"stopId":"U1074Z2P","nodeId":"1074","name":"Krejcárek","lat":50.094761,"lon":14.474228},"lengthM":931.554,"bidirectional":false,"osmSnapped":true},"geometry":{"type":"LineString","coordinates":[[14.473387,50.102474],[14.4735109,50.101806],[14.4734316,50.1013665],[14.4733799,50.1012347],[14.4730819,50.1008144],[14.4730276,50.1006449],[14.4731741,50.1000544],[14.4731432,50.0996933],[14.4731888,50.0992689],[14.4733443,50.0988861],[14.4735553,50.0985752],[14.4743875,50.0977622],[14.4747549,50.0972963],[14.4752242,50.0963958],[14.4753295,50.0960094],[14.4753116,50.0956588],[14.4752425,50.0954216],[14.4751617,50.0952919],[14.475026,50.0951761],[14.474228,50.094761]]}},{"type":"Feature","properties":{"segmentId":"RL95_D1_1074~529","lineId":"L95-1","routeId":"L95","mode":"tram","routeColor":"#7A0603","routeTextColor":"#FFFFFF","routeShortName":"95","routeLongName":"Vozovna Kobylisy - Ústřední dílny Dopravního podniku","fromStop":{"stopId":"U1074Z1P","nodeId":"1074","name":"Krejcárek","lat":50.095066,"lon":14.474965},"toStop":{"stopId":"U529Z4P","nodeId":"529","name":"Palmovka","lat":50.104504,"lon":14.47317},"lengthM":1099.617,"bidirectional":false,"osmSnapped":true},"geometry":{"type":"LineString","coordinates":[[14.474965,50.095066],[14.4752071,50.0952777],[14.4753319,50.0955356],[14.4753829,50.0957763],[14.4753867,50.0959655],[14.4753007,50.0963457],[14.4749084,50.0971405],[14.4746769,50.0974898],[14.474399,50.0978154],[14.4736599,50.0985205],[14.4734661,50.0987715],[14.4732856,50.099134],[14.47321,50.0994105],[14.4732128,50.1001659],[14.4730786,50.1006376],[14.4731278,50.1008061],[14.4734639,50.101304],[14.4735611,50.1017879],[14.4733205,50.1036346],[14.47317,50.104504]]}},{"type":"Feature","properties":{"segmentId":"RL95_1074~34","lineId":"L95","routeId":"L95","mode":"tram","routeColor":"#7A0603","routeTextColor":"#FFFFFF","routeShortName":"95","routeLongName":"Vozovna Kobylisy - Ústřední dílny Dopravního podniku","fromStop":{"stopId":"U1074Z2P","nodeId":"1074","name":"Krejcárek","lat":50.094761,"lon":14.474228},"toStop":{"stopId":"U34Z1P","nodeId":"34","name":"Biskupcova","lat":50.088543,"lon":14.468796},"lengthM":910.185,"bidirectional":true,"osmSnapped":true},"geometry":{"type":"LineString","coordinates":[[14.474228,50.094761],[14.473409,50.0942985],[14.4693039,50.0925022],[14.4690124,50.0923326],[14.4687458,50.0920901],[14.4680163,50.0909378],[14.467844,50.0905971],[14.4680107,50.0902106],[14.4680294,50.0900668],[14.468796,50.088543]]}},{"type":"Feature","properties":{"segmentId":"RL95_34~469","lineId":"L95","routeId":"L95","mode":"tram","routeColor":"#7A0603","routeTextColor":"#FFFFFF","routeShortName":"95","routeLongName":"Vozovna Kobylisy - Ústřední dílny Dopravního podniku","fromStop":{"stopId":"U34Z1P","nodeId":"34","name":"Biskupcova","lat":50.088543,"lon":14.468796},"toStop":{"stopId":"U469Z1P","nodeId":"469","name":"Nákladové nádraží Žižkov","lat":50.084972,"lon":14.470428},"lengthM":414.183,"bidirectional":true,"osmSnapped":true},"geometry":{"type":"LineString","coordinates":[[14.468796,50.088543],[14.4698116,50.086605],[14.470428,50.084972]]}},{"type":"Feature","properties":{"segmentId":"RL95_D0_469~469","lineId":"L95-0","routeId":"L95","mode":"tram","routeColor":"#7A0603","routeTextColor":"#FFFFFF","routeShortName":"95","routeLongName":"Vozovna Kobylisy - Ústřední dílny Dopravního podniku","fromStop":{"stopId":"U469Z1P","nodeId":"469","name":"Nákladové nádraží Žižkov","lat":50.084972,"lon":14.470428},"toStop":{"stopId":"U469Z3P","nodeId":"469","name":"Nákladové nádraží Žižkov","lat":50.084141,"lon":14.469066},"lengthM":180,"bidirectional":false},"geometry":{"type":"LineString","coordinates":[[14.470473,50.08499],[14.470607,50.084652],[14.470631,50.084567],[14.470634,50.084519],[14.470626,50.084495],[14.470603,50.084451],[14.47058,50.084422],[14.470539,50.084388],[14.470481,50.084357],[14.470365,50.084321],[14.470325,50.084312],[14.469821,50.084224],[14.469728,50.084208],[14.469072,50.084102]]}},{"type":"Feature","properties":{"segmentId":"RL95_D1_469~469","lineId":"L95-1","routeId":"L95","mode":"tram","routeColor":"#7A0603","routeTextColor":"#FFFFFF","routeShortName":"95","routeLongName":"Vozovna Kobylisy - Ústřední dílny Dopravního podniku","fromStop":{"stopId":"U469Z4P","nodeId":"469","name":"Nákladové nádraží Žižkov","lat":50.084187,"lon":14.469828},"toStop":{"stopId":"U469Z2P","nodeId":"469","name":"Nákladové nádraží Žižkov","lat":50.085629,"lon":14.470274},"lengthM":196,"bidirectional":false},"geometry":{"type":"LineString","coordinates":[[14.469821,50.084224],[14.470325,50.084312],[14.470365,50.084321],[14.470481,50.084357],[14.470539,50.084388],[14.47058,50.084422],[14.470603,50.084451],[14.470626,50.084495],[14.470634,50.084519],[14.470631,50.084567],[14.470607,50.084652],[14.470473,50.08499],[14.470228,50.08561]]}},{"type":"Feature","properties":{"segmentId":"RL95_469~586","lineId":"L95","routeId":"L95","mode":"tram","routeColor":"#7A0603","routeTextColor":"#FFFFFF","routeShortName":"95","routeLongName":"Vozovna Kobylisy - Ústřední dílny Dopravního podniku","fromStop":{"stopId":"U469Z3P","nodeId":"469","name":"Nákladové nádraží Žižkov","lat":50.084141,"lon":14.469066},"toStop":{"stopId":"U586Z1P","nodeId":"586","name":"Olšanská","lat":50.083424,"lon":14.46454},"lengthM":332.627,"bidirectional":true,"osmSnapped":true},"geometry":{"type":"LineString","coordinates":[[14.469066,50.084141],[14.46454,50.083424]]}},{"type":"Feature","properties":{"segmentId":"RL95_516~586","lineId":"L95","routeId":"L95","mode":"tram","routeColor":"#7A0603","routeTextColor":"#FFFFFF","routeShortName":"95","routeLongName":"Vozovna Kobylisy - Ústřední dílny Dopravního podniku","fromStop":{"stopId":"U586Z1P","nodeId":"586","name":"Olšanská","lat":50.083424,"lon":14.46454},"toStop":{"stopId":"U516Z1P","nodeId":"516","name":"Olšanské náměstí","lat":50.082489,"lon":14.457467},"lengthM":515.541,"bidirectional":true,"osmSnapped":true},"geometry":{"type":"LineString","coordinates":[[14.46454,50.083424],[14.4622919,50.0830547],[14.457467,50.082489]]}},{"type":"Feature","properties":{"segmentId":"RL95_339~516","lineId":"L95","routeId":"L95","mode":"tram","routeColor":"#7A0603","routeTextColor":"#FFFFFF","routeShortName":"95","routeLongName":"Vozovna Kobylisy - Ústřední dílny Dopravního podniku","fromStop":{"stopId":"U516Z1P","nodeId":"516","name":"Olšanské náměstí","lat":50.082489,"lon":14.457467},"toStop":{"stopId":"U339Z1P","nodeId":"339","name":"Lipanská","lat":50.083916,"lon":14.453712},"lengthM":341.108,"bidirectional":true,"osmSnapped":true},"geometry":{"type":"LineString","coordinates":[[14.457467,50.082489],[14.4566471,50.0824573],[14.4551483,50.0826651],[14.4550003,50.0827504],[14.453712,50.083916]]}},{"type":"Feature","properties":{"segmentId":"RL95_172~339","lineId":"L95","routeId":"L95","mode":"tram","routeColor":"#7A0603","routeTextColor":"#FFFFFF","routeShortName":"95","routeLongName":"Vozovna Kobylisy - Ústřední dílny Dopravního podniku","fromStop":{"stopId":"U339Z1P","nodeId":"339","name":"Lipanská","lat":50.083916,"lon":14.453712},"toStop":{"stopId":"U172Z1P","nodeId":"172","name":"Viktoria Žižkov","lat":50.085091,"lon":14.444494},"lengthM":671.969,"bidirectional":true,"osmSnapped":true},"geometry":{"type":"LineString","coordinates":[[14.453712,50.083916],[14.4535257,50.0839848],[14.453335,50.0840453],[14.4488216,50.0846073],[14.444494,50.085091]]}},{"type":"Feature","properties":{"segmentId":"RL95_142~172","lineId":"L95","routeId":"L95","mode":"tram","routeColor":"#7A0603","routeTextColor":"#FFFFFF","routeShortName":"95","routeLongName":"Vozovna Kobylisy - Ústřední dílny Dopravního podniku","fromStop":{"stopId":"U172Z1P","nodeId":"172","name":"Viktoria Žižkov","lat":50.085091,"lon":14.444494},"toStop":{"stopId":"U142Z1P","nodeId":"142","name":"Hlavní nádraží","lat":50.086082,"lon":14.435114},"lengthM":731.272,"bidirectional":true,"osmSnapped":true},"geometry":{"type":"LineString","coordinates":[[14.444494,50.085091],[14.4436872,50.0851491],[14.4417397,50.0852423],[14.4408021,50.0852126],[14.4405773,50.0852314],[14.4403933,50.0852719],[14.4400891,50.0853956],[14.4390146,50.0859096],[14.438202,50.0861857],[14.4378249,50.0861541],[14.4371209,50.0857637],[14.4368569,50.0856861],[14.4365744,50.08566],[14.4361388,50.0857136],[14.435114,50.086082]]}},{"type":"Feature","properties":{"segmentId":"RL95_142~203","lineId":"L95","routeId":"L95","mode":"tram","routeColor":"#7A0603","routeTextColor":"#FFFFFF","routeShortName":"95","routeLongName":"Vozovna Kobylisy - Ústřední dílny Dopravního podniku","fromStop":{"stopId":"U142Z1P","nodeId":"142","name":"Hlavní nádraží","lat":50.086082,"lon":14.435114},"toStop":{"stopId":"U203Z1P","nodeId":"203","name":"Jindřišská","lat":50.085083,"lon":14.430158},"lengthM":383.312,"bidirectional":true,"osmSnapped":true},"geometry":{"type":"LineString","coordinates":[[14.435114,50.086082],[14.4347815,50.086162],[14.4345082,50.0861974],[14.433926,50.0861454],[14.4310545,50.0854977],[14.4308404,50.0854195],[14.430158,50.085083]]}},{"type":"Feature","properties":{"segmentId":"RL98_266~694","lineId":"L98","routeId":"L98","mode":"tram","routeColor":"#7A0603","routeTextColor":"#FFFFFF","routeShortName":"98","routeLongName":"Sídliště Řepy - Spojovací","fromStop":{"stopId":"U694Z1P","nodeId":"694","name":"Spojovací","lat":50.091843,"lon":14.498599},"toStop":{"stopId":"U266Z1P","nodeId":"266","name":"Kněžská luka","lat":50.092186,"lon":14.492968},"lengthM":403.51,"bidirectional":true,"osmSnapped":true},"geometry":{"type":"LineString","coordinates":[[14.498599,50.091843],[14.492968,50.092186]]}},{"type":"Feature","properties":{"segmentId":"RL98_180~266","lineId":"L98","routeId":"L98","mode":"tram","routeColor":"#7A0603","routeTextColor":"#FFFFFF","routeShortName":"98","routeLongName":"Sídliště Řepy - Spojovací","fromStop":{"stopId":"U266Z1P","nodeId":"266","name":"Kněžská luka","lat":50.092186,"lon":14.492968},"toStop":{"stopId":"U180Z1P","nodeId":"180","name":"Chmelnice","lat":50.092556,"lon":14.486961},"lengthM":430.841,"bidirectional":true,"osmSnapped":true},"geometry":{"type":"LineString","coordinates":[[14.492968,50.092186],[14.489232,50.0924918],[14.486961,50.092556]]}},{"type":"Feature","properties":{"segmentId":"RL98_D1_180~714","lineId":"L98-1","routeId":"L98","mode":"tram","routeColor":"#7A0603","routeTextColor":"#FFFFFF","routeShortName":"98","routeLongName":"Sídliště Řepy - Spojovací","fromStop":{"stopId":"U180Z1P","nodeId":"180","name":"Chmelnice","lat":50.092556,"lon":14.486961},"toStop":{"stopId":"U714Z1P","nodeId":"714","name":"Strážní","lat":50.092316,"lon":14.481536},"lengthM":388.288,"bidirectional":false,"osmSnapped":true},"geometry":{"type":"LineString","coordinates":[[14.486961,50.092556],[14.4844063,50.0925138],[14.4828127,50.0924233],[14.481536,50.092316]]}},{"type":"Feature","properties":{"segmentId":"RL98_D0_180~714","lineId":"L98-0","routeId":"L98","mode":"tram","routeColor":"#7A0603","routeTextColor":"#FFFFFF","routeShortName":"98","routeLongName":"Sídliště Řepy - Spojovací","fromStop":{"stopId":"U714Z2P","nodeId":"714","name":"Strážní","lat":50.09219,"lon":14.481013},"toStop":{"stopId":"U180Z2P","nodeId":"180","name":"Chmelnice","lat":50.092487,"lon":14.485838},"lengthM":346.598,"bidirectional":false,"osmSnapped":true},"geometry":{"type":"LineString","coordinates":[[14.481013,50.09219],[14.483012,50.0924038],[14.4844135,50.092487],[14.485838,50.092487]]}},{"type":"Feature","properties":{"segmentId":"RL98_714~837","lineId":"L98","routeId":"L98","mode":"tram","routeColor":"#7A0603","routeTextColor":"#FFFFFF","routeShortName":"98","routeLongName":"Sídliště Řepy - Spojovací","fromStop":{"stopId":"U714Z1P","nodeId":"714","name":"Strážní","lat":50.092316,"lon":14.481536},"toStop":{"stopId":"U837Z1P","nodeId":"837","name":"Vozovna Žižkov","lat":50.091682,"lon":14.475441},"lengthM":440.483,"bidirectional":true,"osmSnapped":true},"geometry":{"type":"LineString","coordinates":[[14.481536,50.092316],[14.475441,50.091682]]}},{"type":"Feature","properties":{"segmentId":"RL98_512~837","lineId":"L98","routeId":"L98","mode":"tram","routeColor":"#7A0603","routeTextColor":"#FFFFFF","routeShortName":"98","routeLongName":"Sídliště Řepy - Spojovací","fromStop":{"stopId":"U837Z1P","nodeId":"837","name":"Vozovna Žižkov","lat":50.091682,"lon":14.475441},"toStop":{"stopId":"U512Z1P","nodeId":"512","name":"Ohrada","lat":50.090584,"lon":14.46923},"lengthM":459.645,"bidirectional":true,"osmSnapped":true},"geometry":{"type":"LineString","coordinates":[[14.475441,50.091682],[14.4745987,50.0915532],[14.46923,50.090584]]}},{"type":"Feature","properties":{"segmentId":"RL98_D1_34~512","lineId":"L98-1","routeId":"L98","mode":"tram","routeColor":"#7A0603","routeTextColor":"#FFFFFF","routeShortName":"98","routeLongName":"Sídliště Řepy - Spojovací","fromStop":{"stopId":"U512Z1P","nodeId":"512","name":"Ohrada","lat":50.090584,"lon":14.46923},"toStop":{"stopId":"U34Z1P","nodeId":"34","name":"Biskupcova","lat":50.088543,"lon":14.468796},"lengthM":294.515,"bidirectional":false,"osmSnapped":true},"geometry":{"type":"LineString","coordinates":[[14.46923,50.090584],[14.4682145,50.0903822],[14.4680777,50.0903065],[14.4680046,50.0901842],[14.4680294,50.0900668],[14.468796,50.088543]]}},{"type":"Feature","properties":{"segmentId":"RL98_D0_34~512","lineId":"L98-0","routeId":"L98","mode":"tram","routeColor":"#7A0603","routeTextColor":"#FFFFFF","routeShortName":"98","routeLongName":"Sídliště Řepy - Spojovací","fromStop":{"stopId":"U34Z2P","nodeId":"34","name":"Biskupcova","lat":50.0891,"lon":14.468635},"toStop":{"stopId":"U512Z2P","nodeId":"512","name":"Ohrada","lat":50.090672,"lon":14.470092},"lengthM":285.599,"bidirectional":false,"osmSnapped":true},"geometry":{"type":"LineString","coordinates":[[14.468635,50.0891],[14.4680854,50.0900513],[14.468074,50.0901438],[14.4681311,50.0902574],[14.4682599,50.0903448],[14.468407,50.0903876],[14.470092,50.090672]]}},{"type":"Feature","properties":{"segmentId":"RL98_34~469","lineId":"L98","routeId":"L98","mode":"tram","routeColor":"#7A0603","routeTextColor":"#FFFFFF","routeShortName":"98","routeLongName":"Sídliště Řepy - Spojovací","fromStop":{"stopId":"U34Z1P","nodeId":"34","name":"Biskupcova","lat":50.088543,"lon":14.468796},"toStop":{"stopId":"U469Z1P","nodeId":"469","name":"Nákladové nádraží Žižkov","lat":50.084972,"lon":14.470428},"lengthM":414.183,"bidirectional":true,"osmSnapped":true},"geometry":{"type":"LineString","coordinates":[[14.468796,50.088543],[14.4698116,50.086605],[14.470428,50.084972]]}},{"type":"Feature","properties":{"segmentId":"RL98_D1_373~469","lineId":"L98-1","routeId":"L98","mode":"tram","routeColor":"#7A0603","routeTextColor":"#FFFFFF","routeShortName":"98","routeLongName":"Sídliště Řepy - Spojovací","fromStop":{"stopId":"U469Z1P","nodeId":"469","name":"Nákladové nádraží Žižkov","lat":50.084972,"lon":14.470428},"toStop":{"stopId":"U373Z1P","nodeId":"373","name":"Mezi Hřbitovy","lat":50.081657,"lon":14.471742},"lengthM":380.348,"bidirectional":false,"osmSnapped":true},"geometry":{"type":"LineString","coordinates":[[14.470428,50.084972],[14.471742,50.081657]]}},{"type":"Feature","properties":{"segmentId":"RL98_D1_373~921","lineId":"L98-1","routeId":"L98","mode":"tram","routeColor":"#7A0603","routeTextColor":"#FFFFFF","routeShortName":"98","routeLongName":"Sídliště Řepy - Spojovací","fromStop":{"stopId":"U373Z1P","nodeId":"373","name":"Mezi Hřbitovy","lat":50.081657,"lon":14.471742},"toStop":{"stopId":"U921Z3P","nodeId":"921","name":"Želivského","lat":50.078362,"lon":14.47065},"lengthM":521.843,"bidirectional":false,"osmSnapped":true},"geometry":{"type":"LineString","coordinates":[[14.471742,50.081657],[14.4728997,50.0787835],[14.4729274,50.0785872],[14.4728149,50.0784806],[14.4725769,50.0784305],[14.47065,50.078362]]}},{"type":"Feature","properties":{"segmentId":"RL98_D1_515~921","lineId":"L98-1","routeId":"L98","mode":"tram","routeColor":"#7A0603","routeTextColor":"#FFFFFF","routeShortName":"98","routeLongName":"Sídliště Řepy - Spojovací","fromStop":{"stopId":"U921Z3P","nodeId":"921","name":"Želivského","lat":50.078362,"lon":14.47065},"toStop":{"stopId":"U515Z1P","nodeId":"515","name":"Olšanské hřbitovy","lat":50.07814,"lon":14.466456},"lengthM":300.294,"bidirectional":false,"osmSnapped":true},"geometry":{"type":"LineString","coordinates":[[14.47065,50.078362],[14.466456,50.07814]]}},{"type":"Feature","properties":{"segmentId":"RL98_D0_515~921","lineId":"L98-0","routeId":"L98","mode":"tram","routeColor":"#7A0603","routeTextColor":"#FFFFFF","routeShortName":"98","routeLongName":"Sídliště Řepy - Spojovací","fromStop":{"stopId":"U515Z2P","nodeId":"515","name":"Olšanské hřbitovy","lat":50.078114,"lon":14.467348},"toStop":{"stopId":"U921Z4P","nodeId":"921","name":"Želivského","lat":50.078331,"lon":14.471611},"lengthM":305.157,"bidirectional":false,"osmSnapped":true},"geometry":{"type":"LineString","coordinates":[[14.467348,50.078114],[14.471611,50.078331]]}},{"type":"Feature","properties":{"segmentId":"RL98_118~515","lineId":"L98","routeId":"L98","mode":"tram","routeColor":"#7A0603","routeTextColor":"#FFFFFF","routeShortName":"98","routeLongName":"Sídliště Řepy - Spojovací","fromStop":{"stopId":"U515Z1P","nodeId":"515","name":"Olšanské hřbitovy","lat":50.07814,"lon":14.466456},"toStop":{"stopId":"U118Z1P","nodeId":"118","name":"Flora","lat":50.077919,"lon":14.461516},"lengthM":353.368,"bidirectional":true,"osmSnapped":true},"geometry":{"type":"LineString","coordinates":[[14.466456,50.07814],[14.461516,50.077919]]}},{"type":"Feature","properties":{"segmentId":"RL98_118~516","lineId":"L98","routeId":"L98","mode":"tram","routeColor":"#7A0603","routeTextColor":"#FFFFFF","routeShortName":"98","routeLongName":"Sídliště Řepy - Spojovací","fromStop":{"stopId":"U118Z1P","nodeId":"118","name":"Flora","lat":50.077919,"lon":14.461516},"toStop":{"stopId":"U516Z1P","nodeId":"516","name":"Olšanské náměstí","lat":50.082489,"lon":14.457467},"lengthM":693.179,"bidirectional":true,"osmSnapped":true},"geometry":{"type":"LineString","coordinates":[[14.461516,50.077919],[14.4610824,50.0778918],[14.4609431,50.0779499],[14.4608632,50.0780339],[14.459513,50.082133],[14.4594284,50.0822932],[14.4593355,50.082399],[14.4592156,50.0824749],[14.4590099,50.0825595],[14.4587713,50.0826038],[14.457467,50.082489]]}},{"type":"Feature","properties":{"segmentId":"RL98_339~516","lineId":"L98","routeId":"L98","mode":"tram","routeColor":"#7A0603","routeTextColor":"#FFFFFF","routeShortName":"98","routeLongName":"Sídliště Řepy - Spojovací","fromStop":{"stopId":"U516Z1P","nodeId":"516","name":"Olšanské náměstí","lat":50.082489,"lon":14.457467},"toStop":{"stopId":"U339Z1P","nodeId":"339","name":"Lipanská","lat":50.083916,"lon":14.453712},"lengthM":341.108,"bidirectional":true,"osmSnapped":true},"geometry":{"type":"LineString","coordinates":[[14.457467,50.082489],[14.4566471,50.0824573],[14.4551483,50.0826651],[14.4550003,50.0827504],[14.453712,50.083916]]}},{"type":"Feature","properties":{"segmentId":"RL98_172~339","lineId":"L98","routeId":"L98","mode":"tram","routeColor":"#7A0603","routeTextColor":"#FFFFFF","routeShortName":"98","routeLongName":"Sídliště Řepy - Spojovací","fromStop":{"stopId":"U339Z1P","nodeId":"339","name":"Lipanská","lat":50.083916,"lon":14.453712},"toStop":{"stopId":"U172Z1P","nodeId":"172","name":"Viktoria Žižkov","lat":50.085091,"lon":14.444494},"lengthM":671.969,"bidirectional":true,"osmSnapped":true},"geometry":{"type":"LineString","coordinates":[[14.453712,50.083916],[14.4535257,50.0839848],[14.453335,50.0840453],[14.4488216,50.0846073],[14.444494,50.085091]]}},{"type":"Feature","properties":{"segmentId":"RL98_142~172","lineId":"L98","routeId":"L98","mode":"tram","routeColor":"#7A0603","routeTextColor":"#FFFFFF","routeShortName":"98","routeLongName":"Sídliště Řepy - Spojovací","fromStop":{"stopId":"U172Z1P","nodeId":"172","name":"Viktoria Žižkov","lat":50.085091,"lon":14.444494},"toStop":{"stopId":"U142Z1P","nodeId":"142","name":"Hlavní nádraží","lat":50.086082,"lon":14.435114},"lengthM":731.272,"bidirectional":true,"osmSnapped":true},"geometry":{"type":"LineString","coordinates":[[14.444494,50.085091],[14.4436872,50.0851491],[14.4417397,50.0852423],[14.4408021,50.0852126],[14.4405773,50.0852314],[14.4403933,50.0852719],[14.4400891,50.0853956],[14.4390146,50.0859096],[14.438202,50.0861857],[14.4378249,50.0861541],[14.4371209,50.0857637],[14.4368569,50.0856861],[14.4365744,50.08566],[14.4361388,50.0857136],[14.435114,50.086082]]}},{"type":"Feature","properties":{"segmentId":"RL98_142~203","lineId":"L98","routeId":"L98","mode":"tram","routeColor":"#7A0603","routeTextColor":"#FFFFFF","routeShortName":"98","routeLongName":"Sídliště Řepy - Spojovací","fromStop":{"stopId":"U142Z1P","nodeId":"142","name":"Hlavní nádraží","lat":50.086082,"lon":14.435114},"toStop":{"stopId":"U203Z1P","nodeId":"203","name":"Jindřišská","lat":50.085083,"lon":14.430158},"lengthM":383.312,"bidirectional":true,"osmSnapped":true},"geometry":{"type":"LineString","coordinates":[[14.435114,50.086082],[14.4347815,50.086162],[14.4345082,50.0861974],[14.433926,50.0861454],[14.4310545,50.0854977],[14.4308404,50.0854195],[14.430158,50.085083]]}},{"type":"Feature","properties":{"segmentId":"RL98_D0_921~921","lineId":"L98-0","routeId":"L98","mode":"tram","routeColor":"#7A0603","routeTextColor":"#FFFFFF","routeShortName":"98","routeLongName":"Sídliště Řepy - Spojovací","fromStop":{"stopId":"U921Z4P","nodeId":"921","name":"Želivského","lat":50.078331,"lon":14.471611},"toStop":{"stopId":"U921Z12P","nodeId":"921","name":"Želivského","lat":50.079723,"lon":14.472616},"lengthM":232.5,"bidirectional":false},"geometry":{"type":"LineString","coordinates":[[14.471609,50.078363],[14.472572,50.078415],[14.472616,50.078418],[14.472702,50.078429],[14.472786,50.07845],[14.47285,50.078474],[14.472898,50.078508],[14.472935,50.078549],[14.47296,50.078599],[14.472965,50.078632],[14.472934,50.078757],[14.472728,50.079293],[14.472566,50.079703]]}},{"type":"Feature","properties":{"segmentId":"RL98_D0_469~921","lineId":"L98-0","routeId":"L98","mode":"tram","routeColor":"#7A0603","routeTextColor":"#FFFFFF","routeShortName":"98","routeLongName":"Sídliště Řepy - Spojovací","fromStop":{"stopId":"U921Z12P","nodeId":"921","name":"Želivského","lat":50.079723,"lon":14.472616},"toStop":{"stopId":"U469Z2P","nodeId":"469","name":"Nákladové nádraží Žižkov","lat":50.085629,"lon":14.470274},"lengthM":677.645,"bidirectional":false,"osmSnapped":true},"geometry":{"type":"LineString","coordinates":[[14.472616,50.079723],[14.470274,50.085629]]}},{"type":"Feature","properties":{"segmentId":"RL101_D0_209~851","lineId":"L101-0","routeId":"L101","mode":"bus","routeColor":"#007DA8","routeTextColor":"#FFFFFF","routeShortName":"101","routeLongName":"Viktoria Žižkov - Skalka - Zentiva","fromStop":{"stopId":"U851Z1P","nodeId":"851","name":"Vinohradská vodárna","lat":50.075439,"lon":14.449325},"toStop":{"stopId":"U209Z3P","nodeId":"209","name":"Jiřího z Poděbrad","lat":50.07774,"lon":14.448864},"lengthM":282.4,"bidirectional":false},"geometry":{"type":"LineString","coordinates":[[14.449325,50.075376],[14.449064,50.075376],[14.449026,50.07628],[14.449036,50.077161],[14.448752,50.077719]]}},{"type":"Feature","properties":{"segmentId":"RL101_209~2788","lineId":"L101","routeId":"L101","mode":"bus","routeColor":"#007DA8","routeTextColor":"#FFFFFF","routeShortName":"101","routeLongName":"Viktoria Žižkov - Skalka - Zentiva","fromStop":{"stopId":"U209Z3P","nodeId":"209","name":"Jiřího z Poděbrad","lat":50.07774,"lon":14.448864},"toStop":{"stopId":"U2788Z2P","nodeId":"2788","name":"U Prdlavky","lat":50.081135,"lon":14.445745},"lengthM":445.5,"bidirectional":true},"geometry":{"type":"LineString","coordinates":[[14.448752,50.077719],[14.448647,50.077926],[14.448514,50.07835],[14.448227,50.078969],[14.447736,50.079551],[14.447362,50.079981],[14.447323,50.080032],[14.446355,50.080673],[14.445709,50.081116]]}},{"type":"Feature","properties":{"segmentId":"RL101_2788~2789","lineId":"L101","routeId":"L101","mode":"bus","routeColor":"#007DA8","routeTextColor":"#FFFFFF","routeShortName":"101","routeLongName":"Viktoria Žižkov - Skalka - Zentiva","fromStop":{"stopId":"U2788Z2P","nodeId":"2788","name":"U Prdlavky","lat":50.081135,"lon":14.445745},"toStop":{"stopId":"U2789Z2P","nodeId":"2789","name":"Park Rajská zahrada","lat":50.082714,"lon":14.444062},"lengthM":233,"bidirectional":true},"geometry":{"type":"LineString","coordinates":[[14.445709,50.081116],[14.445594,50.081195],[14.445468,50.081257],[14.445366,50.081275],[14.445237,50.081282],[14.444979,50.081304],[14.444815,50.081344],[14.44469,50.081469],[14.444425,50.081982],[14.443996,50.082697]]}},{"type":"Feature","properties":{"segmentId":"RL101_D0_172~2789","lineId":"L101-0","routeId":"L101","mode":"bus","routeColor":"#007DA8","routeTextColor":"#FFFFFF","routeShortName":"101","routeLongName":"Viktoria Žižkov - Skalka - Zentiva","fromStop":{"stopId":"U2789Z2P","nodeId":"2789","name":"Park Rajská zahrada","lat":50.082714,"lon":14.444062},"toStop":{"stopId":"U172Z5P","nodeId":"172","name":"Viktoria Žižkov","lat":50.084759,"lon":14.44345},"lengthM":250.8,"bidirectional":false},"geometry":{"type":"LineString","coordinates":[[14.443996,50.082697],[14.443944,50.082783],[14.443229,50.083292],[14.443229,50.083818],[14.443368,50.084766]]}},{"type":"Feature","properties":{"segmentId":"RL101_D1_172~821","lineId":"L101-1","routeId":"L101","mode":"bus","routeColor":"#007DA8","routeTextColor":"#FFFFFF","routeShortName":"101","routeLongName":"Viktoria Žižkov - Skalka - Zentiva","fromStop":{"stopId":"U172Z6P","nodeId":"172","name":"Viktoria Žižkov","lat":50.084896,"lon":14.443458},"toStop":{"stopId":"U821Z3P","nodeId":"821","name":"Náměstí Winstona Churchilla","lat":50.084274,"lon":14.44181},"lengthM":395.4,"bidirectional":false},"geometry":{"type":"LineString","coordinates":[[14.443388,50.0849],[14.443424,50.085151],[14.442016,50.085208],[14.441431,50.085238],[14.441095,50.085227],[14.44084,50.085231],[14.440799,50.085092],[14.440783,50.085036],[14.440577,50.084482],[14.441768,50.084388],[14.441872,50.084307]]}},{"type":"Feature","properties":{"segmentId":"RL101_D1_2789~821","lineId":"L101-1","routeId":"L101","mode":"bus","routeColor":"#007DA8","routeTextColor":"#FFFFFF","routeShortName":"101","routeLongName":"Viktoria Žižkov - Skalka - Zentiva","fromStop":{"stopId":"U821Z3P","nodeId":"821","name":"Náměstí Winstona Churchilla","lat":50.084274,"lon":14.44181},"toStop":{"stopId":"U2789Z1P","nodeId":"2789","name":"Park Rajská zahrada","lat":50.08252,"lon":14.444002},"lengthM":253.8,"bidirectional":false},"geometry":{"type":"LineString","coordinates":[[14.441872,50.084307],[14.442665,50.083687],[14.443229,50.083292],[14.443944,50.082783],[14.444089,50.082541]]}},{"type":"Feature","properties":{"segmentId":"RL101_D1_209~518","lineId":"L101-1","routeId":"L101","mode":"bus","routeColor":"#007DA8","routeTextColor":"#FFFFFF","routeShortName":"101","routeLongName":"Viktoria Žižkov - Skalka - Zentiva","fromStop":{"stopId":"U209Z4P","nodeId":"209","name":"Jiřího z Poděbrad","lat":50.077606,"lon":14.448732},"toStop":{"stopId":"U518Z3P","nodeId":"518","name":"Orionka","lat":50.075935,"lon":14.459101},"lengthM":920.7,"bidirectional":false},"geometry":{"type":"LineString","coordinates":[[14.448801,50.077623],[14.449036,50.077163],[14.450277,50.077227],[14.452286,50.077332],[14.453642,50.077388],[14.454646,50.07744],[14.455733,50.0775],[14.456522,50.077569],[14.457061,50.077553],[14.458459,50.077613],[14.458818,50.076656],[14.459098,50.075934]]}},{"type":"Feature","properties":{"segmentId":"RL101_D1_518~855","lineId":"L101-1","routeId":"L101","mode":"bus","routeColor":"#007DA8","routeTextColor":"#FFFFFF","routeShortName":"101","routeLongName":"Viktoria Žižkov - Skalka - Zentiva","fromStop":{"stopId":"U518Z3P","nodeId":"518","name":"Orionka","lat":50.075935,"lon":14.459101},"toStop":{"stopId":"U855Z1P","nodeId":"855","name":"Vlašimská","lat":50.074486,"lon":14.463684},"lengthM":406.1,"bidirectional":false},"geometry":{"type":"LineString","coordinates":[[14.459098,50.075934],[14.459254,50.075531],[14.459332,50.075366],[14.459372,50.075179],[14.459488,50.075098],[14.459886,50.075015],[14.461906,50.074667],[14.463689,50.074509]]}},{"type":"Feature","properties":{"segmentId":"RL109_D0_13~498","lineId":"L109-0","routeId":"L109","mode":"bus","routeColor":"#007DA8","routeTextColor":"#FFFFFF","routeShortName":"109","routeLongName":"Palmovka - Dolní Počernice - Výzkumné ústavy Běchovice","fromStop":{"stopId":"U498Z1P","nodeId":"498","name":"Novovysočanská","lat":50.100258,"lon":14.491428},"toStop":{"stopId":"U13Z2P","nodeId":"13","name":"Balkán","lat":50.094204,"lon":14.496226},"lengthM":788.2,"bidirectional":false},"geometry":{"type":"LineString","coordinates":[[14.491407,50.100245],[14.492451,50.099627],[14.493405,50.099057],[14.493792,50.098828],[14.494708,50.097901],[14.495515,50.097092],[14.495716,50.09681],[14.495811,50.096564],[14.495834,50.095659],[14.495971,50.094945],[14.496225,50.094214],[14.49623,50.094206]]}},{"type":"Feature","properties":{"segmentId":"RL109_D1_13~498","lineId":"L109-1","routeId":"L109","mode":"bus","routeColor":"#007DA8","routeTextColor":"#FFFFFF","routeShortName":"109","routeLongName":"Palmovka - Dolní Počernice - Výzkumné ústavy Běchovice","fromStop":{"stopId":"U13Z1P","nodeId":"13","name":"Balkán","lat":50.095402,"lon":14.496265},"toStop":{"stopId":"U498Z2P","nodeId":"498","name":"Novovysočanská","lat":50.100433,"lon":14.491615},"lengthM":670.3,"bidirectional":false},"geometry":{"type":"LineString","coordinates":[[14.49608,50.095386],[14.496015,50.095666],[14.496044,50.095995],[14.496003,50.09659],[14.495904,50.096854],[14.49571,50.097172],[14.49491,50.097946],[14.493926,50.09893],[14.493635,50.099104],[14.493556,50.099143],[14.492575,50.09971],[14.491506,50.100357]]}},{"type":"Feature","properties":{"segmentId":"RL109_D0_13~694","lineId":"L109-0","routeId":"L109","mode":"bus","routeColor":"#007DA8","routeTextColor":"#FFFFFF","routeShortName":"109","routeLongName":"Palmovka - Dolní Počernice - Výzkumné ústavy Běchovice","fromStop":{"stopId":"U13Z2P","nodeId":"13","name":"Balkán","lat":50.094204,"lon":14.496226},"toStop":{"stopId":"U694Z3P","nodeId":"694","name":"Spojovací","lat":50.091324,"lon":14.499193},"lengthM":393.6,"bidirectional":false},"geometry":{"type":"LineString","coordinates":[[14.496225,50.094214],[14.49623,50.094206],[14.496753,50.09339],[14.49685,50.093263],[14.496939,50.09318],[14.497079,50.092983],[14.497413,50.092604],[14.497775,50.092164],[14.497988,50.091893],[14.498255,50.091762],[14.49863,50.091659],[14.499282,50.091431]]}},{"type":"Feature","properties":{"segmentId":"RL109_D1_13~694","lineId":"L109-1","routeId":"L109","mode":"bus","routeColor":"#007DA8","routeTextColor":"#FFFFFF","routeShortName":"109","routeLongName":"Palmovka - Dolní Počernice - Výzkumné ústavy Běchovice","fromStop":{"stopId":"U694Z4P","nodeId":"694","name":"Spojovací","lat":50.092316,"lon":14.498015},"toStop":{"stopId":"U13Z1P","nodeId":"13","name":"Balkán","lat":50.095402,"lon":14.496265},"lengthM":372.6,"bidirectional":false},"geometry":{"type":"LineString","coordinates":[[14.497913,50.092281],[14.496947,50.093406],[14.496458,50.09418],[14.496175,50.094981],[14.49608,50.095386]]}},{"type":"Feature","properties":{"segmentId":"RL109_574~694","lineId":"L109","routeId":"L109","mode":"bus","routeColor":"#007DA8","routeTextColor":"#FFFFFF","routeShortName":"109","routeLongName":"Palmovka - Dolní Počernice - Výzkumné ústavy Běchovice","fromStop":{"stopId":"U694Z3P","nodeId":"694","name":"Spojovací","lat":50.091324,"lon":14.499193},"toStop":{"stopId":"U574Z1P","nodeId":"574","name":"Pod Táborem","lat":50.092094,"lon":14.511864},"lengthM":957.3,"bidirectional":true},"geometry":{"type":"LineString","coordinates":[[14.499282,50.091431],[14.500229,50.091099],[14.500982,50.090875],[14.502318,50.090629],[14.503978,50.090385],[14.505095,50.090438],[14.508332,50.091402],[14.509049,50.09161],[14.510379,50.09199],[14.51099,50.092035],[14.511831,50.092177]]}},{"type":"Feature","properties":{"segmentId":"RL124_29~921","lineId":"L124","routeId":"L124","mode":"bus","routeColor":"#007DA8","routeTextColor":"#FFFFFF","routeShortName":"124","routeLongName":"Želivského - Smíchovské nádraží","fromStop":{"stopId":"U29Z3P","nodeId":"29","name":"Bělocerkevská","lat":50.071896,"lon":14.47008},"toStop":{"stopId":"U921Z7P","nodeId":"921","name":"Želivského","lat":50.078686,"lon":14.4739},"lengthM":1189.1,"bidirectional":true},"geometry":{"type":"LineString","coordinates":[[14.470058,50.07196],[14.470711,50.072058],[14.47093,50.072087],[14.470875,50.072282],[14.470545,50.07277],[14.470265,50.073489],[14.470083,50.073482],[14.469718,50.073477],[14.469469,50.073519],[14.468925,50.073689],[14.468175,50.073968],[14.46799,50.074042],[14.467888,50.074124],[14.467858,50.074266],[14.46791,50.074416],[14.468172,50.074911],[14.46825,50.075072],[14.468642,50.075751],[14.468706,50.075847],[14.46912,50.07602],[14.469774,50.076259],[14.472991,50.077514],[14.473265,50.077683],[14.473178,50.078356],[14.473138,50.078543],[14.473049,50.078762],[14.473417,50.078822],[14.473585,50.078764],[14.473909,50.078743]]}},{"type":"Feature","properties":{"segmentId":"RL124_D0_921~921","lineId":"L124-0","routeId":"L124","mode":"bus","routeColor":"#007DA8","routeTextColor":"#FFFFFF","routeShortName":"124","routeLongName":"Želivského - Smíchovské nádraží","fromStop":{"stopId":"U921Z1P","nodeId":"921","name":"Želivského","lat":50.078415,"lon":14.474258},"toStop":{"stopId":"U921Z10P","nodeId":"921","name":"Želivského","lat":50.077766,"lon":14.472971},"lengthM":183.2,"bidirectional":false},"geometry":{"type":"LineString","coordinates":[[14.474265,50.078444],[14.473338,50.078534],[14.473138,50.078543],[14.472901,50.078531],[14.472955,50.078345],[14.473063,50.077774]]}},{"type":"Feature","properties":{"segmentId":"RL133_418~767","lineId":"L133","routeId":"L133","mode":"bus","routeColor":"#007DA8","routeTextColor":"#FFFFFF","routeShortName":"133","routeLongName":"Florenc - Sídliště Malešice","fromStop":{"stopId":"U418Z2P","nodeId":"418","name":"Na Palouku","lat":50.080402,"lon":14.488588},"toStop":{"stopId":"U767Z2P","nodeId":"767","name":"Třebešín","lat":50.084244,"lon":14.481951},"lengthM":807.1,"bidirectional":true},"geometry":{"type":"LineString","coordinates":[[14.4886,50.080357],[14.487583,50.080252],[14.487555,50.080385],[14.487415,50.081108],[14.487316,50.081508],[14.485515,50.081621],[14.484203,50.081688],[14.483633,50.081719],[14.483169,50.081778],[14.482785,50.081989],[14.48259,50.082244],[14.48223,50.083075],[14.482085,50.083425],[14.482005,50.083672],[14.481835,50.084229]]}},{"type":"Feature","properties":{"segmentId":"RL133_D1_357~767","lineId":"L133-1","routeId":"L133","mode":"bus","routeColor":"#007DA8","routeTextColor":"#FFFFFF","routeShortName":"133","routeLongName":"Florenc - Sídliště Malešice","fromStop":{"stopId":"U767Z2P","nodeId":"767","name":"Třebešín","lat":50.084244,"lon":14.481951},"toStop":{"stopId":"U357Z2P","nodeId":"357","name":"Malešická","lat":50.086727,"lon":14.481942},"lengthM":300.9,"bidirectional":false},"geometry":{"type":"LineString","coordinates":[[14.481835,50.084229],[14.481819,50.084282],[14.481908,50.084487],[14.482015,50.084497],[14.482126,50.084532],[14.482196,50.084589],[14.48223,50.084658],[14.482257,50.084755],[14.482238,50.084848],[14.482141,50.08491],[14.482352,50.085291],[14.48234,50.085344],[14.482232,50.085652],[14.481879,50.08672]]}},{"type":"Feature","properties":{"segmentId":"RL133_D0_357~767","lineId":"L133-0","routeId":"L133","mode":"bus","routeColor":"#007DA8","routeTextColor":"#FFFFFF","routeShortName":"133","routeLongName":"Florenc - Sídliště Malešice","fromStop":{"stopId":"U357Z1P","nodeId":"357","name":"Malešická","lat":50.086285,"lon":14.482},"toStop":{"stopId":"U767Z1P","nodeId":"767","name":"Třebešín","lat":50.083969,"lon":14.481851},"lengthM":285,"bidirectional":false},"geometry":{"type":"LineString","coordinates":[[14.482022,50.086288],[14.482232,50.085652],[14.48234,50.085344],[14.482352,50.085291],[14.482141,50.08491],[14.482015,50.084918],[14.481917,50.084882],[14.48182,50.084801],[14.481756,50.084698],[14.481756,50.084608],[14.481809,50.08454],[14.481908,50.084486],[14.481819,50.084282],[14.481912,50.083976]]}},{"type":"Feature","properties":{"segmentId":"RL133_D1_1064~357","lineId":"L133-1","routeId":"L133","mode":"bus","routeColor":"#007DA8","routeTextColor":"#FFFFFF","routeShortName":"133","routeLongName":"Florenc - Sídliště Malešice","fromStop":{"stopId":"U357Z2P","nodeId":"357","name":"Malešická","lat":50.086727,"lon":14.481942},"toStop":{"stopId":"U1064Z2P","nodeId":"1064","name":"Olgy Havlové","lat":50.087524,"lon":14.477654},"lengthM":349.3,"bidirectional":false},"geometry":{"type":"LineString","coordinates":[[14.481879,50.08672],[14.481719,50.087204],[14.480715,50.087352],[14.480085,50.08746],[14.478566,50.087571],[14.477656,50.087516]]}},{"type":"Feature","properties":{"segmentId":"RL133_D0_1064~357","lineId":"L133-0","routeId":"L133","mode":"bus","routeColor":"#007DA8","routeTextColor":"#FFFFFF","routeShortName":"133","routeLongName":"Florenc - Sídliště Malešice","fromStop":{"stopId":"U1064Z1P","nodeId":"1064","name":"Olgy Havlové","lat":50.087353,"lon":14.480074},"toStop":{"stopId":"U357Z1P","nodeId":"357","name":"Malešická","lat":50.086285,"lon":14.482},"lengthM":221.9,"bidirectional":false},"geometry":{"type":"LineString","coordinates":[[14.480115,50.087455],[14.480714,50.087351],[14.481719,50.087203],[14.482022,50.086288]]}},{"type":"Feature","properties":{"segmentId":"RL133_D1_1064~16","lineId":"L133-1","routeId":"L133","mode":"bus","routeColor":"#007DA8","routeTextColor":"#FFFFFF","routeShortName":"133","routeLongName":"Florenc - Sídliště Malešice","fromStop":{"stopId":"U1064Z2P","nodeId":"1064","name":"Olgy Havlové","lat":50.087524,"lon":14.477654},"toStop":{"stopId":"U16Z2P","nodeId":"16","name":"Basilejské náměstí","lat":50.087315,"lon":14.471287},"lengthM":475.2,"bidirectional":false},"geometry":{"type":"LineString","coordinates":[[14.477656,50.087516],[14.476895,50.087469],[14.474873,50.087164],[14.474337,50.087162],[14.473605,50.087225],[14.472454,50.087384],[14.472197,50.087392],[14.472182,50.087416],[14.472168,50.087434],[14.472148,50.087448],[14.472124,50.087462],[14.472085,50.087474],[14.472043,50.087473],[14.471998,50.087468],[14.471967,50.087461],[14.471936,50.087445],[14.471912,50.087422],[14.471901,50.087398],[14.471899,50.087377],[14.471905,50.087346],[14.471315,50.087248]]}},{"type":"Feature","properties":{"segmentId":"RL133_D0_1064~16","lineId":"L133-0","routeId":"L133","mode":"bus","routeColor":"#007DA8","routeTextColor":"#FFFFFF","routeShortName":"133","routeLongName":"Florenc - Sídliště Malešice","fromStop":{"stopId":"U16Z1P","nodeId":"16","name":"Basilejské náměstí","lat":50.087063,"lon":14.470554},"toStop":{"stopId":"U1064Z1P","nodeId":"1064","name":"Olgy Havlové","lat":50.087353,"lon":14.480074},"lengthM":706.2,"bidirectional":false},"geometry":{"type":"LineString","coordinates":[[14.470532,50.087119],[14.471905,50.087346],[14.471923,50.08732],[14.471946,50.087301],[14.471978,50.087288],[14.472032,50.08728],[14.472098,50.08728],[14.472145,50.087297],[14.47217,50.087324],[14.47219,50.087347],[14.472196,50.087374],[14.472197,50.087392],[14.472454,50.087384],[14.473605,50.087225],[14.474337,50.087162],[14.474873,50.087164],[14.476895,50.087469],[14.478566,50.087571],[14.480085,50.08746],[14.480115,50.087455]]}},{"type":"Feature","properties":{"segmentId":"RL133_16~34","lineId":"L133","routeId":"L133","mode":"bus","routeColor":"#007DA8","routeTextColor":"#FFFFFF","routeShortName":"133","routeLongName":"Florenc - Sídliště Malešice","fromStop":{"stopId":"U16Z2P","nodeId":"16","name":"Basilejské náměstí","lat":50.087315,"lon":14.471287},"toStop":{"stopId":"U34Z2P","nodeId":"34","name":"Biskupcova","lat":50.0891,"lon":14.468635},"lengthM":363.5,"bidirectional":true},"geometry":{"type":"LineString","coordinates":[[14.471315,50.087248],[14.470279,50.087077],[14.469754,50.086985],[14.46965,50.087185],[14.469279,50.087933],[14.469018,50.088427],[14.468654,50.089104]]}},{"type":"Feature","properties":{"segmentId":"RL133_D1_34~512","lineId":"L133-1","routeId":"L133","mode":"bus","routeColor":"#007DA8","routeTextColor":"#FFFFFF","routeShortName":"133","routeLongName":"Florenc - Sídliště Malešice","fromStop":{"stopId":"U34Z2P","nodeId":"34","name":"Biskupcova","lat":50.0891,"lon":14.468635},"toStop":{"stopId":"U512Z5P","nodeId":"512","name":"Ohrada","lat":50.090221,"lon":14.466946},"lengthM":232.4,"bidirectional":false},"geometry":{"type":"LineString","coordinates":[[14.468654,50.089104],[14.46851,50.089371],[14.468051,50.09032],[14.468018,50.090408],[14.467759,50.090367],[14.467381,50.090288],[14.467244,50.090204],[14.466985,50.090148]]}},{"type":"Feature","properties":{"segmentId":"RL133_D0_34~512","lineId":"L133-0","routeId":"L133","mode":"bus","routeColor":"#007DA8","routeTextColor":"#FFFFFF","routeShortName":"133","routeLongName":"Florenc - Sídliště Malešice","fromStop":{"stopId":"U512Z8P","nodeId":"512","name":"Ohrada","lat":50.090092,"lon":14.466908},"toStop":{"stopId":"U34Z1P","nodeId":"34","name":"Biskupcova","lat":50.088543,"lon":14.468796},"lengthM":260,"bidirectional":false},"geometry":{"type":"LineString","coordinates":[[14.466891,50.090126],[14.467244,50.090202],[14.467402,50.090189],[14.467509,50.090217],[14.467662,50.090158],[14.467832,50.090091],[14.467942,50.090037],[14.468343,50.089346],[14.468769,50.088537]]}},{"type":"Feature","properties":{"segmentId":"RL133_D1_512~69","lineId":"L133-1","routeId":"L133","mode":"bus","routeColor":"#007DA8","routeTextColor":"#FFFFFF","routeShortName":"133","routeLongName":"Florenc - Sídliště Malešice","fromStop":{"stopId":"U512Z5P","nodeId":"512","name":"Ohrada","lat":50.090221,"lon":14.466946},"toStop":{"stopId":"U69Z2P","nodeId":"69","name":"Černínova","lat":50.088955,"lon":14.461117},"lengthM":439.8,"bidirectional":false},"geometry":{"type":"LineString","coordinates":[[14.466985,50.090148],[14.466461,50.090034],[14.464863,50.089657],[14.463304,50.089293],[14.461534,50.088928],[14.461158,50.088861]]}},{"type":"Feature","properties":{"segmentId":"RL133_D0_512~69","lineId":"L133-0","routeId":"L133","mode":"bus","routeColor":"#007DA8","routeTextColor":"#FFFFFF","routeShortName":"133","routeLongName":"Florenc - Sídliště Malešice","fromStop":{"stopId":"U69Z1P","nodeId":"69","name":"Černínova","lat":50.088974,"lon":14.462293},"toStop":{"stopId":"U512Z8P","nodeId":"512","name":"Ohrada","lat":50.090092,"lon":14.466908},"lengthM":351.6,"bidirectional":false},"geometry":{"type":"LineString","coordinates":[[14.462244,50.089074],[14.463304,50.089293],[14.464863,50.089657],[14.466461,50.090034],[14.466891,50.090126]]}},{"type":"Feature","properties":{"segmentId":"RL133_D1_2787~69","lineId":"L133-1","routeId":"L133","mode":"bus","routeColor":"#007DA8","routeTextColor":"#FFFFFF","routeShortName":"133","routeLongName":"Florenc - Sídliště Malešice","fromStop":{"stopId":"U69Z2P","nodeId":"69","name":"Černínova","lat":50.088955,"lon":14.461117},"toStop":{"stopId":"U2787Z2P","nodeId":"2787","name":"Lukášova","lat":50.087906,"lon":14.456802},"lengthM":328.2,"bidirectional":false},"geometry":{"type":"LineString","coordinates":[[14.461158,50.088861],[14.459727,50.088605],[14.457675,50.088106],[14.456845,50.08785]]}},{"type":"Feature","properties":{"segmentId":"RL133_D0_2787~69","lineId":"L133-0","routeId":"L133","mode":"bus","routeColor":"#007DA8","routeTextColor":"#FFFFFF","routeShortName":"133","routeLongName":"Florenc - Sídliště Malešice","fromStop":{"stopId":"U2787Z1P","nodeId":"2787","name":"Lukášova","lat":50.088238,"lon":14.458384},"toStop":{"stopId":"U69Z1P","nodeId":"69","name":"Černínova","lat":50.088974,"lon":14.462293},"lengthM":291.1,"bidirectional":false},"geometry":{"type":"LineString","coordinates":[[14.458363,50.088273],[14.459727,50.088605],[14.461534,50.088928],[14.462244,50.089074]]}},{"type":"Feature","properties":{"segmentId":"RL133_D1_2787~745","lineId":"L133-1","routeId":"L133","mode":"bus","routeColor":"#007DA8","routeTextColor":"#FFFFFF","routeShortName":"133","routeLongName":"Florenc - Sídliště Malešice","fromStop":{"stopId":"U2787Z2P","nodeId":"2787","name":"Lukášova","lat":50.087906,"lon":14.456802},"toStop":{"stopId":"U745Z2P","nodeId":"745","name":"Tachovské náměstí","lat":50.087387,"lon":14.452387},"lengthM":331.2,"bidirectional":false},"geometry":{"type":"LineString","coordinates":[[14.456845,50.08785],[14.456563,50.087763],[14.455245,50.087329],[14.453291,50.087366],[14.452937,50.087371],[14.452404,50.087317]]}},{"type":"Feature","properties":{"segmentId":"RL133_D0_2787~745","lineId":"L133-0","routeId":"L133","mode":"bus","routeColor":"#007DA8","routeTextColor":"#FFFFFF","routeShortName":"133","routeLongName":"Florenc - Sídliště Malešice","fromStop":{"stopId":"U745Z1P","nodeId":"745","name":"Tachovské náměstí","lat":50.087185,"lon":14.452273},"toStop":{"stopId":"U2787Z1P","nodeId":"2787","name":"Lukášova","lat":50.088238,"lon":14.458384},"lengthM":460.8,"bidirectional":false},"geometry":{"type":"LineString","coordinates":[[14.452246,50.087301],[14.452937,50.087371],[14.453291,50.087366],[14.455245,50.087329],[14.456563,50.087763],[14.457675,50.088106],[14.458363,50.088273]]}},{"type":"Feature","properties":{"segmentId":"RL133_D1_745~789","lineId":"L133-1","routeId":"L133","mode":"bus","routeColor":"#007DA8","routeTextColor":"#FFFFFF","routeShortName":"133","routeLongName":"Florenc - Sídliště Malešice","fromStop":{"stopId":"U745Z2P","nodeId":"745","name":"Tachovské náměstí","lat":50.087387,"lon":14.452387},"toStop":{"stopId":"U789Z2P","nodeId":"789","name":"U Památníku","lat":50.086918,"lon":14.445134},"lengthM":530.9,"bidirectional":false},"geometry":{"type":"LineString","coordinates":[[14.452404,50.087317],[14.452192,50.087296],[14.451184,50.087125],[14.449834,50.086843],[14.449139,50.086727],[14.448321,50.086727],[14.445946,50.086753],[14.445132,50.086915]]}},{"type":"Feature","properties":{"segmentId":"RL133_D0_745~789","lineId":"L133-0","routeId":"L133","mode":"bus","routeColor":"#007DA8","routeTextColor":"#FFFFFF","routeShortName":"133","routeLongName":"Florenc - Sídliště Malešice","fromStop":{"stopId":"U789Z1P","nodeId":"789","name":"U Památníku","lat":50.086658,"lon":14.446676},"toStop":{"stopId":"U745Z1P","nodeId":"745","name":"Tachovské náměstí","lat":50.087185,"lon":14.452273},"lengthM":406.3,"bidirectional":false},"geometry":{"type":"LineString","coordinates":[[14.446679,50.086745],[14.448321,50.086727],[14.449139,50.086727],[14.449834,50.086843],[14.451184,50.087125],[14.452192,50.087296],[14.452246,50.087301]]}},{"type":"Feature","properties":{"segmentId":"RL133_D1_3018~789","lineId":"L133-1","routeId":"L133","mode":"bus","routeColor":"#007DA8","routeTextColor":"#FFFFFF","routeShortName":"133","routeLongName":"Florenc - Sídliště Malešice","fromStop":{"stopId":"U789Z2P","nodeId":"789","name":"U Památníku","lat":50.086918,"lon":14.445134},"toStop":{"stopId":"U3018Z2P","nodeId":"3018","name":"Pernerova","lat":50.088856,"lon":14.443285},"lengthM":317.4,"bidirectional":false},"geometry":{"type":"LineString","coordinates":[[14.445132,50.086915],[14.443574,50.087225],[14.44328,50.08728],[14.443114,50.088455],[14.443096,50.088607],[14.443282,50.088859]]}},{"type":"Feature","properties":{"segmentId":"RL133_D0_3018~789","lineId":"L133-0","routeId":"L133","mode":"bus","routeColor":"#007DA8","routeTextColor":"#FFFFFF","routeShortName":"133","routeLongName":"Florenc - Sídliště Malešice","fromStop":{"stopId":"U3018Z1P","nodeId":"3018","name":"Pernerova","lat":50.088638,"lon":14.443072},"toStop":{"stopId":"U789Z1P","nodeId":"789","name":"U Památníku","lat":50.086658,"lon":14.446676},"lengthM":402,"bidirectional":false},"geometry":{"type":"LineString","coordinates":[[14.443111,50.088628],[14.443096,50.088607],[14.443114,50.088455],[14.44328,50.08728],[14.443574,50.087225],[14.445946,50.086753],[14.446679,50.086745]]}},{"type":"Feature","properties":{"segmentId":"RL133_D1_3018~689","lineId":"L133-1","routeId":"L133","mode":"bus","routeColor":"#007DA8","routeTextColor":"#FFFFFF","routeShortName":"133","routeLongName":"Florenc - Sídliště Malešice","fromStop":{"stopId":"U3018Z2P","nodeId":"3018","name":"Pernerova","lat":50.088856,"lon":14.443285},"toStop":{"stopId":"U689Z3P","nodeId":"689","name":"Florenc","lat":50.09148,"lon":14.439584},"lengthM":918.4,"bidirectional":false},"geometry":{"type":"LineString","coordinates":[[14.443282,50.088859],[14.443326,50.088919],[14.443372,50.089431],[14.443237,50.089801],[14.442787,50.09065],[14.445288,50.091225],[14.444521,50.09251],[14.442219,50.091989],[14.44199,50.091941],[14.440483,50.091599],[14.440057,50.09148],[14.439658,50.09137]]}},{"type":"Feature","properties":{"segmentId":"RL133_D0_3018~689","lineId":"L133-0","routeId":"L133","mode":"bus","routeColor":"#007DA8","routeTextColor":"#FFFFFF","routeShortName":"133","routeLongName":"Florenc - Sídliště Malešice","fromStop":{"stopId":"U689Z6P","nodeId":"689","name":"Florenc","lat":50.090271,"lon":14.441241},"toStop":{"stopId":"U3018Z1P","nodeId":"3018","name":"Pernerova","lat":50.088638,"lon":14.443072},"lengthM":352.5,"bidirectional":false},"geometry":{"type":"LineString","coordinates":[[14.441222,50.090311],[14.442195,50.090515],[14.442787,50.090649],[14.443236,50.089799],[14.443372,50.08943],[14.443326,50.088918],[14.443111,50.088628]]}},{"type":"Feature","properties":{"segmentId":"RL199_D1_418~921","lineId":"L199-1","routeId":"L199","mode":"bus","routeColor":"#007DA8","routeTextColor":"#FFFFFF","routeShortName":"199","routeLongName":"Želivského - Sídliště Malešice","fromStop":{"stopId":"U418Z2P","nodeId":"418","name":"Na Palouku","lat":50.080402,"lon":14.488588},"toStop":{"stopId":"U921Z9P","nodeId":"921","name":"Želivského","lat":50.078415,"lon":14.475356},"lengthM":1108.7,"bidirectional":false},"geometry":{"type":"LineString","coordinates":[[14.4886,50.080357],[14.487583,50.080252],[14.487555,50.080385],[14.486559,50.080225],[14.486044,50.080062],[14.485633,50.079871],[14.485257,50.079648],[14.484993,50.079434],[14.484711,50.079164],[14.483366,50.077866],[14.483071,50.077659],[14.482598,50.077562],[14.480093,50.077805],[14.478788,50.077908],[14.477343,50.078071],[14.476451,50.078156],[14.475929,50.078219],[14.475318,50.078329]]}},{"type":"Feature","properties":{"segmentId":"RL199_D1_921~921","lineId":"L199-1","routeId":"L199","mode":"bus","routeColor":"#007DA8","routeTextColor":"#FFFFFF","routeShortName":"199","routeLongName":"Želivského - Sídliště Malešice","fromStop":{"stopId":"U921Z9P","nodeId":"921","name":"Želivského","lat":50.078415,"lon":14.475356},"toStop":{"stopId":"U921Z5P","nodeId":"921","name":"Želivského","lat":50.078842,"lon":14.473884},"lengthM":242.4,"bidirectional":false},"geometry":{"type":"LineString","coordinates":[[14.475318,50.078329],[14.475152,50.078358],[14.473138,50.078543],[14.473049,50.078762],[14.473417,50.078822],[14.473857,50.078903]]}},{"type":"Feature","properties":{"segmentId":"RL199_D0_575~921","lineId":"L199-0","routeId":"L199","mode":"bus","routeColor":"#007DA8","routeTextColor":"#FFFFFF","routeShortName":"199","routeLongName":"Želivského - Sídliště Malešice","fromStop":{"stopId":"U921Z6P","nodeId":"921","name":"Želivského","lat":50.079163,"lon":14.475474},"toStop":{"stopId":"U575Z1P","nodeId":"575","name":"Pod Třebešínem","lat":50.080952,"lon":14.485868},"lengthM":769,"bidirectional":false},"geometry":{"type":"LineString","coordinates":[[14.475458,50.0792],[14.476307,50.079358],[14.47951,50.079948],[14.481883,50.080393],[14.482615,50.080467],[14.485089,50.080902],[14.485864,50.08097]]}},{"type":"Feature","properties":{"segmentId":"RL199_D0_418~575","lineId":"L199-0","routeId":"L199","mode":"bus","routeColor":"#007DA8","routeTextColor":"#FFFFFF","routeShortName":"199","routeLongName":"Želivského - Sídliště Malešice","fromStop":{"stopId":"U575Z1P","nodeId":"575","name":"Pod Třebešínem","lat":50.080952,"lon":14.485868},"toStop":{"stopId":"U418Z1P","nodeId":"418","name":"Na Palouku","lat":50.080334,"lon":14.488761},"lengthM":292.2,"bidirectional":false},"geometry":{"type":"LineString","coordinates":[[14.485864,50.08097],[14.487415,50.081108],[14.487555,50.080385],[14.487583,50.080252],[14.488752,50.080373]]}},{"type":"Feature","properties":{"segmentId":"RL135_D0_3018~689","lineId":"L135-0","routeId":"L135","mode":"bus","routeColor":"#007DA8","routeTextColor":"#FFFFFF","routeShortName":"135","routeLongName":"Florenc - Chodov","fromStop":{"stopId":"U689Z6P","nodeId":"689","name":"Florenc","lat":50.090271,"lon":14.441241},"toStop":{"stopId":"U3018Z1P","nodeId":"3018","name":"Pernerova","lat":50.088638,"lon":14.443072},"lengthM":352.5,"bidirectional":false},"geometry":{"type":"LineString","coordinates":[[14.441222,50.090311],[14.442195,50.090515],[14.442787,50.090649],[14.443236,50.089799],[14.443372,50.08943],[14.443326,50.088918],[14.443111,50.088628]]}},{"type":"Feature","properties":{"segmentId":"RL135_D0_3018~821","lineId":"L135-0","routeId":"L135","mode":"bus","routeColor":"#007DA8","routeTextColor":"#FFFFFF","routeShortName":"135","routeLongName":"Florenc - Chodov","fromStop":{"stopId":"U3018Z1P","nodeId":"3018","name":"Pernerova","lat":50.088638,"lon":14.443072},"toStop":{"stopId":"U821Z1P","nodeId":"821","name":"Náměstí Winstona Churchilla","lat":50.084133,"lon":14.440368},"lengthM":885.5,"bidirectional":false},"geometry":{"type":"LineString","coordinates":[[14.443111,50.088628],[14.443096,50.088607],[14.443114,50.088455],[14.44328,50.08728],[14.443095,50.087291],[14.442879,50.087308],[14.441908,50.087368],[14.440064,50.08715],[14.439567,50.087034],[14.439176,50.086881],[14.43902,50.086822],[14.438942,50.086788],[14.438787,50.08672],[14.43847,50.086556],[14.438242,50.086436],[14.438327,50.086235],[14.438542,50.086154],[14.439085,50.085857],[14.439937,50.085433],[14.440291,50.085292],[14.440486,50.085236],[14.440783,50.085036],[14.440577,50.084482],[14.440409,50.084127]]}},{"type":"Feature","properties":{"segmentId":"RL135_427~821","lineId":"L135","routeId":"L135","mode":"bus","routeColor":"#007DA8","routeTextColor":"#FFFFFF","routeShortName":"135","routeLongName":"Florenc - Chodov","fromStop":{"stopId":"U821Z1P","nodeId":"821","name":"Náměstí Winstona Churchilla","lat":50.084133,"lon":14.440368},"toStop":{"stopId":"U427Z1P","nodeId":"427","name":"Na Smetance","lat":50.079952,"lon":14.437651},"lengthM":508.9,"bidirectional":true},"geometry":{"type":"LineString","coordinates":[[14.440409,50.084127],[14.43976,50.082758],[14.439501,50.081991],[14.439485,50.081935],[14.438838,50.081197],[14.438079,50.080259],[14.437787,50.079905]]}},{"type":"Feature","properties":{"segmentId":"RL135_1062~427","lineId":"L135","routeId":"L135","mode":"bus","routeColor":"#007DA8","routeTextColor":"#FFFFFF","routeShortName":"135","routeLongName":"Florenc - Chodov","fromStop":{"stopId":"U427Z1P","nodeId":"427","name":"Na Smetance","lat":50.079952,"lon":14.437651},"toStop":{"stopId":"U1062Z1P","nodeId":"1062","name":"Římská","lat":50.076973,"lon":14.435419},"lengthM":366.9,"bidirectional":true},"geometry":{"type":"LineString","coordinates":[[14.437787,50.079905],[14.437295,50.079309],[14.436836,50.078751],[14.436263,50.078066],[14.435585,50.07708],[14.435499,50.076952]]}},{"type":"Feature","properties":{"segmentId":"RL135_D1_689~821","lineId":"L135-1","routeId":"L135","mode":"bus","routeColor":"#007DA8","routeTextColor":"#FFFFFF","routeShortName":"135","routeLongName":"Florenc - Chodov","fromStop":{"stopId":"U821Z2P","nodeId":"821","name":"Náměstí Winstona Churchilla","lat":50.0839,"lon":14.4404},"toStop":{"stopId":"U689Z7P","nodeId":"689","name":"Florenc","lat":50.091587,"lon":14.43801},"lengthM":1249.6,"bidirectional":false},"geometry":{"type":"LineString","coordinates":[[14.44031,50.083919],[14.440577,50.084483],[14.440783,50.085037],[14.4408,50.085093],[14.44084,50.085233],[14.44067,50.085236],[14.440487,50.085238],[14.440291,50.085293],[14.439937,50.085434],[14.439085,50.085858],[14.438699,50.086078],[14.438337,50.086255],[14.437913,50.08639],[14.437554,50.086485],[14.437679,50.086696],[14.437889,50.087694],[14.437913,50.087978],[14.437884,50.088511],[14.437812,50.088913],[14.437801,50.089556],[14.437792,50.089601],[14.437784,50.090299],[14.437735,50.090794],[14.437627,50.091828],[14.437693,50.091979],[14.437669,50.092358],[14.437772,50.092467],[14.43781,50.092489],[14.438014,50.092588],[14.438141,50.09259],[14.438331,50.092362],[14.438269,50.092257],[14.438302,50.092169],[14.438175,50.091904],[14.438112,50.091581]]}},{"type":"Feature","properties":{"segmentId":"RL136_D0_13~225","lineId":"L136-0","routeId":"L136","mode":"bus","routeColor":"#007DA8","routeTextColor":"#FFFFFF","routeShortName":"136","routeLongName":"Sídliště Čakovice - Jižní Město","fromStop":{"stopId":"U225Z1P","nodeId":"225","name":"K Žižkovu","lat":50.09959,"lon":14.496417},"toStop":{"stopId":"U13Z2P","nodeId":"13","name":"Balkán","lat":50.094204,"lon":14.496226},"lengthM":818.5,"bidirectional":false},"geometry":{"type":"LineString","coordinates":[[14.496432,50.099547],[14.494029,50.099239],[14.493556,50.099143],[14.493405,50.099057],[14.493792,50.098828],[14.494708,50.097901],[14.495515,50.097092],[14.495716,50.09681],[14.495811,50.096564],[14.495834,50.095659],[14.495971,50.094945],[14.496225,50.094214],[14.49623,50.094206]]}},{"type":"Feature","properties":{"segmentId":"RL136_D0_13~266","lineId":"L136-0","routeId":"L136","mode":"bus","routeColor":"#007DA8","routeTextColor":"#FFFFFF","routeShortName":"136","routeLongName":"Sídliště Čakovice - Jižní Město","fromStop":{"stopId":"U13Z2P","nodeId":"13","name":"Balkán","lat":50.094204,"lon":14.496226},"toStop":{"stopId":"U266Z4P","nodeId":"266","name":"Kněžská luka","lat":50.092148,"lon":14.494388},"lengthM":513.8,"bidirectional":false},"geometry":{"type":"LineString","coordinates":[[14.496225,50.094214],[14.49623,50.094206],[14.496753,50.093389],[14.49685,50.093262],[14.496938,50.093179],[14.497079,50.092982],[14.497413,50.092603],[14.497775,50.092163],[14.497758,50.092044],[14.497672,50.091982],[14.497488,50.09192],[14.494671,50.092099],[14.494383,50.092119]]}},{"type":"Feature","properties":{"segmentId":"RL136_D0_266~512","lineId":"L136-0","routeId":"L136","mode":"bus","routeColor":"#007DA8","routeTextColor":"#FFFFFF","routeShortName":"136","routeLongName":"Sídliště Čakovice - Jižní Město","fromStop":{"stopId":"U266Z4P","nodeId":"266","name":"Kněžská luka","lat":50.092148,"lon":14.494388},"toStop":{"stopId":"U512Z5P","nodeId":"512","name":"Ohrada","lat":50.090221,"lon":14.466946},"lengthM":1991.4,"bidirectional":false},"geometry":{"type":"LineString","coordinates":[[14.494383,50.092119],[14.492696,50.092234],[14.491376,50.092336],[14.490053,50.092455],[14.489188,50.092543],[14.488279,50.092572],[14.486681,50.092594],[14.486299,50.092597],[14.48433,50.092569],[14.482827,50.092473],[14.481292,50.092329],[14.479721,50.092154],[14.478121,50.091986],[14.476562,50.091822],[14.475044,50.091661],[14.473478,50.091396],[14.472405,50.091202],[14.470612,50.09088],[14.469497,50.090682],[14.468466,50.090492],[14.468018,50.090407],[14.467759,50.090366],[14.467381,50.090287],[14.467244,50.090202],[14.466985,50.090147]]}},{"type":"Feature","properties":{"segmentId":"RL136_D0_512~69","lineId":"L136-0","routeId":"L136","mode":"bus","routeColor":"#007DA8","routeTextColor":"#FFFFFF","routeShortName":"136","routeLongName":"Sídliště Čakovice - Jižní Město","fromStop":{"stopId":"U512Z5P","nodeId":"512","name":"Ohrada","lat":50.090221,"lon":14.466946},"toStop":{"stopId":"U69Z2P","nodeId":"69","name":"Černínova","lat":50.088955,"lon":14.461117},"lengthM":439.7,"bidirectional":false},"geometry":{"type":"LineString","coordinates":[[14.466985,50.090147],[14.466461,50.090034],[14.464863,50.089657],[14.463304,50.089293],[14.461534,50.088928],[14.461158,50.088861]]}},{"type":"Feature","properties":{"segmentId":"RL136_D1_512~69","lineId":"L136-1","routeId":"L136","mode":"bus","routeColor":"#007DA8","routeTextColor":"#FFFFFF","routeShortName":"136","routeLongName":"Sídliště Čakovice - Jižní Město","fromStop":{"stopId":"U69Z1P","nodeId":"69","name":"Černínova","lat":50.088974,"lon":14.462293},"toStop":{"stopId":"U512Z10P","nodeId":"512","name":"Ohrada","lat":50.089973,"lon":14.466343},"lengthM":309.1,"bidirectional":false},"geometry":{"type":"LineString","coordinates":[[14.462244,50.089074],[14.463304,50.089293],[14.464863,50.089657],[14.466328,50.090002]]}},{"type":"Feature","properties":{"segmentId":"RL136_D0_2787~69","lineId":"L136-0","routeId":"L136","mode":"bus","routeColor":"#007DA8","routeTextColor":"#FFFFFF","routeShortName":"136","routeLongName":"Sídliště Čakovice - Jižní Město","fromStop":{"stopId":"U69Z2P","nodeId":"69","name":"Černínova","lat":50.088955,"lon":14.461117},"toStop":{"stopId":"U2787Z2P","nodeId":"2787","name":"Lukášova","lat":50.087906,"lon":14.456802},"lengthM":328.2,"bidirectional":false},"geometry":{"type":"LineString","coordinates":[[14.461158,50.088861],[14.459727,50.088605],[14.457675,50.088106],[14.456845,50.08785]]}},{"type":"Feature","properties":{"segmentId":"RL136_D1_2787~69","lineId":"L136-1","routeId":"L136","mode":"bus","routeColor":"#007DA8","routeTextColor":"#FFFFFF","routeShortName":"136","routeLongName":"Sídliště Čakovice - Jižní Město","fromStop":{"stopId":"U2787Z1P","nodeId":"2787","name":"Lukášova","lat":50.088238,"lon":14.458384},"toStop":{"stopId":"U69Z1P","nodeId":"69","name":"Černínova","lat":50.088974,"lon":14.462293},"lengthM":291.1,"bidirectional":false},"geometry":{"type":"LineString","coordinates":[[14.458363,50.088273],[14.459727,50.088605],[14.461534,50.088928],[14.462244,50.089074]]}},{"type":"Feature","properties":{"segmentId":"RL136_D0_2787~743","lineId":"L136-0","routeId":"L136","mode":"bus","routeColor":"#007DA8","routeTextColor":"#FFFFFF","routeShortName":"136","routeLongName":"Sídliště Čakovice - Jižní Město","fromStop":{"stopId":"U2787Z2P","nodeId":"2787","name":"Lukášova","lat":50.087906,"lon":14.456802},"toStop":{"stopId":"U743Z2P","nodeId":"743","name":"Rokycanova","lat":50.086117,"lon":14.455434},"lengthM":263.3,"bidirectional":false},"geometry":{"type":"LineString","coordinates":[[14.456845,50.08785],[14.456563,50.087763],[14.455245,50.087329],[14.455366,50.086632],[14.455443,50.086119]]}},{"type":"Feature","properties":{"segmentId":"RL136_D1_2787~743","lineId":"L136-1","routeId":"L136","mode":"bus","routeColor":"#007DA8","routeTextColor":"#FFFFFF","routeShortName":"136","routeLongName":"Sídliště Čakovice - Jižní Město","fromStop":{"stopId":"U743Z1P","nodeId":"743","name":"Rokycanova","lat":50.08622,"lon":14.45553},"toStop":{"stopId":"U2787Z1P","nodeId":"2787","name":"Lukášova","lat":50.088238,"lon":14.458384},"lengthM":370.9,"bidirectional":false},"geometry":{"type":"LineString","coordinates":[[14.455429,50.086214],[14.455366,50.086632],[14.455245,50.087329],[14.456563,50.087763],[14.457675,50.088106],[14.458363,50.088273]]}},{"type":"Feature","properties":{"segmentId":"RL136_D0_516~743","lineId":"L136-0","routeId":"L136","mode":"bus","routeColor":"#007DA8","routeTextColor":"#FFFFFF","routeShortName":"136","routeLongName":"Sídliště Čakovice - Jižní Město","fromStop":{"stopId":"U743Z2P","nodeId":"743","name":"Rokycanova","lat":50.086117,"lon":14.455434},"toStop":{"stopId":"U516Z3P","nodeId":"516","name":"Olšanské náměstí","lat":50.082302,"lon":14.459234},"lengthM":534.9,"bidirectional":false},"geometry":{"type":"LineString","coordinates":[[14.455443,50.086119],[14.455467,50.08596],[14.455605,50.085247],[14.455591,50.084846],[14.456489,50.084472],[14.45757,50.083968],[14.458247,50.083438],[14.458809,50.082852],[14.458942,50.082691],[14.459087,50.082541],[14.459132,50.082463],[14.459271,50.082316]]}},{"type":"Feature","properties":{"segmentId":"RL136_D1_516~743","lineId":"L136-1","routeId":"L136","mode":"bus","routeColor":"#007DA8","routeTextColor":"#FFFFFF","routeShortName":"136","routeLongName":"Sídliště Čakovice - Jižní Město","fromStop":{"stopId":"U516Z4P","nodeId":"516","name":"Olšanské náměstí","lat":50.083141,"lon":14.458678},"toStop":{"stopId":"U743Z1P","nodeId":"743","name":"Rokycanova","lat":50.08622,"lon":14.45553},"lengthM":444.8,"bidirectional":false},"geometry":{"type":"LineString","coordinates":[[14.45857,50.083101],[14.458247,50.083438],[14.45757,50.083968],[14.456489,50.084472],[14.455591,50.084846],[14.455605,50.085247],[14.455467,50.08596],[14.455429,50.086214]]}},{"type":"Feature","properties":{"segmentId":"RL136_D0_118~516","lineId":"L136-0","routeId":"L136","mode":"bus","routeColor":"#007DA8","routeTextColor":"#FFFFFF","routeShortName":"136","routeLongName":"Sídliště Čakovice - Jižní Město","fromStop":{"stopId":"U516Z3P","nodeId":"516","name":"Olšanské náměstí","lat":50.082302,"lon":14.459234},"toStop":{"stopId":"U118Z4P","nodeId":"118","name":"Flora","lat":50.07832,"lon":14.460634},"lengthM":456,"bidirectional":false},"geometry":{"type":"LineString","coordinates":[[14.459271,50.082316],[14.459441,50.082136],[14.459744,50.08131],[14.460326,50.079637],[14.460595,50.078771],[14.460743,50.078337]]}},{"type":"Feature","properties":{"segmentId":"RL136_D1_118~516","lineId":"L136-1","routeId":"L136","mode":"bus","routeColor":"#007DA8","routeTextColor":"#FFFFFF","routeShortName":"136","routeLongName":"Sídliště Čakovice - Jižní Město","fromStop":{"stopId":"U118Z3P","nodeId":"118","name":"Flora","lat":50.078342,"lon":14.460897},"toStop":{"stopId":"U516Z4P","nodeId":"516","name":"Olšanské náměstí","lat":50.083141,"lon":14.458678},"lengthM":558.3,"bidirectional":false},"geometry":{"type":"LineString","coordinates":[[14.460748,50.078323],[14.460595,50.078771],[14.460326,50.079637],[14.459744,50.08131],[14.459441,50.082136],[14.459132,50.082463],[14.459087,50.082541],[14.458942,50.082691],[14.458809,50.082852],[14.45857,50.083101]]}},{"type":"Feature","properties":{"segmentId":"RL136_D0_118~518","lineId":"L136-0","routeId":"L136","mode":"bus","routeColor":"#007DA8","routeTextColor":"#FFFFFF","routeShortName":"136","routeLongName":"Sídliště Čakovice - Jižní Město","fromStop":{"stopId":"U118Z4P","nodeId":"118","name":"Flora","lat":50.07832,"lon":14.460634},"toStop":{"stopId":"U518Z3P","nodeId":"518","name":"Orionka","lat":50.075935,"lon":14.459101},"lengthM":435.9,"bidirectional":false},"geometry":{"type":"LineString","coordinates":[[14.460743,50.078337],[14.460895,50.07789],[14.459575,50.077801],[14.458392,50.077724],[14.458459,50.077612],[14.458818,50.076654],[14.459098,50.075934]]}},{"type":"Feature","properties":{"segmentId":"RL136_D1_118~518","lineId":"L136-1","routeId":"L136","mode":"bus","routeColor":"#007DA8","routeTextColor":"#FFFFFF","routeShortName":"136","routeLongName":"Sídliště Čakovice - Jižní Město","fromStop":{"stopId":"U518Z4P","nodeId":"518","name":"Orionka","lat":50.075565,"lon":14.460084},"toStop":{"stopId":"U118Z3P","nodeId":"118","name":"Flora","lat":50.078342,"lon":14.460897},"lengthM":415.3,"bidirectional":false},"geometry":{"type":"LineString","coordinates":[[14.460084,50.075568],[14.460484,50.075585],[14.460887,50.075612],[14.46164,50.075651],[14.461253,50.076806],[14.460955,50.077741],[14.460895,50.07789],[14.460748,50.078323]]}},{"type":"Feature","properties":{"segmentId":"RL136_D0_518~855","lineId":"L136-0","routeId":"L136","mode":"bus","routeColor":"#007DA8","routeTextColor":"#FFFFFF","routeShortName":"136","routeLongName":"Sídliště Čakovice - Jižní Město","fromStop":{"stopId":"U518Z3P","nodeId":"518","name":"Orionka","lat":50.075935,"lon":14.459101},"toStop":{"stopId":"U855Z1P","nodeId":"855","name":"Vlašimská","lat":50.074486,"lon":14.463684},"lengthM":406.1,"bidirectional":false},"geometry":{"type":"LineString","coordinates":[[14.459098,50.075934],[14.459254,50.075531],[14.459332,50.075366],[14.459372,50.075179],[14.459488,50.075098],[14.459886,50.075015],[14.461906,50.074667],[14.463689,50.074509]]}},{"type":"Feature","properties":{"segmentId":"RL136_D1_518~855","lineId":"L136-1","routeId":"L136","mode":"bus","routeColor":"#007DA8","routeTextColor":"#FFFFFF","routeShortName":"136","routeLongName":"Sídliště Čakovice - Jižní Město","fromStop":{"stopId":"U855Z2P","nodeId":"855","name":"Vlašimská","lat":50.074299,"lon":14.4664},"toStop":{"stopId":"U518Z4P","nodeId":"518","name":"Orionka","lat":50.075565,"lon":14.460084},"lengthM":614.2,"bidirectional":false},"geometry":{"type":"LineString","coordinates":[[14.466392,50.074262],[14.464321,50.074454],[14.461906,50.074667],[14.459886,50.075015],[14.459488,50.075098],[14.459372,50.075179],[14.459332,50.075366],[14.459254,50.075531],[14.460084,50.075568]]}},{"type":"Feature","properties":{"segmentId":"RL136_D1_1074~512","lineId":"L136-1","routeId":"L136","mode":"bus","routeColor":"#007DA8","routeTextColor":"#FFFFFF","routeShortName":"136","routeLongName":"Sídliště Čakovice - Jižní Město","fromStop":{"stopId":"U512Z10P","nodeId":"512","name":"Ohrada","lat":50.089973,"lon":14.466343},"toStop":{"stopId":"U1074Z3P","nodeId":"1074","name":"Krejcárek","lat":50.095749,"lon":14.476725},"lengthM":1026.8,"bidirectional":false},"geometry":{"type":"LineString","coordinates":[[14.466328,50.090002],[14.466462,50.090035],[14.467244,50.090204],[14.467402,50.09019],[14.467509,50.090218],[14.467804,50.090289],[14.468051,50.09032],[14.468018,50.090408],[14.468033,50.090673],[14.468135,50.09079],[14.468539,50.091407],[14.468635,50.091552],[14.468739,50.09166],[14.469047,50.091869],[14.469458,50.09206],[14.469801,50.092172],[14.471111,50.092577],[14.472092,50.093009],[14.472864,50.093421],[14.473193,50.093668],[14.473516,50.094005],[14.474049,50.094415],[14.475833,50.09538],[14.476618,50.095803],[14.476642,50.095815]]}},{"type":"Feature","properties":{"segmentId":"RL136_D1_1074~763","lineId":"L136-1","routeId":"L136","mode":"bus","routeColor":"#007DA8","routeTextColor":"#FFFFFF","routeShortName":"136","routeLongName":"Sídliště Čakovice - Jižní Město","fromStop":{"stopId":"U1074Z3P","nodeId":"1074","name":"Krejcárek","lat":50.095749,"lon":14.476725},"toStop":{"stopId":"U763Z1P","nodeId":"763","name":"Odlehlá","lat":50.098202,"lon":14.481534},"lengthM":442,"bidirectional":false},"geometry":{"type":"LineString","coordinates":[[14.476642,50.095815],[14.476783,50.095889],[14.477009,50.096018],[14.477443,50.096301],[14.477753,50.096501],[14.478437,50.096933],[14.478526,50.096977],[14.4787,50.09702],[14.478833,50.097058],[14.479198,50.097136],[14.479835,50.097455],[14.481462,50.098262]]}},{"type":"Feature","properties":{"segmentId":"RL136_D1_678~763","lineId":"L136-1","routeId":"L136","mode":"bus","routeColor":"#007DA8","routeTextColor":"#FFFFFF","routeShortName":"136","routeLongName":"Sídliště Čakovice - Jižní Město","fromStop":{"stopId":"U763Z1P","nodeId":"763","name":"Odlehlá","lat":50.098202,"lon":14.481534},"toStop":{"stopId":"U678Z1P","nodeId":"678","name":"Skloněná","lat":50.100216,"lon":14.486826},"lengthM":454,"bidirectional":false},"geometry":{"type":"LineString","coordinates":[[14.481462,50.098262],[14.48166,50.09836],[14.483702,50.099438],[14.484848,50.10002],[14.485021,50.100071],[14.48682,50.100243]]}},{"type":"Feature","properties":{"segmentId":"RL213_D0_921~921","lineId":"L213-0","routeId":"L213","mode":"bus","routeColor":"#007DA8","routeTextColor":"#FFFFFF","routeShortName":"213","routeLongName":"Želivského - Jižní Město","fromStop":{"stopId":"U921Z1P","nodeId":"921","name":"Želivského","lat":50.078415,"lon":14.474258},"toStop":{"stopId":"U921Z10P","nodeId":"921","name":"Želivského","lat":50.077766,"lon":14.472971},"lengthM":183.2,"bidirectional":false},"geometry":{"type":"LineString","coordinates":[[14.474265,50.078444],[14.473338,50.078534],[14.473138,50.078543],[14.472901,50.078531],[14.472955,50.078345],[14.473063,50.077774]]}},{"type":"Feature","properties":{"segmentId":"RL213_29~921","lineId":"L213","routeId":"L213","mode":"bus","routeColor":"#007DA8","routeTextColor":"#FFFFFF","routeShortName":"213","routeLongName":"Želivského - Jižní Město","fromStop":{"stopId":"U921Z10P","nodeId":"921","name":"Želivského","lat":50.077766,"lon":14.472971},"toStop":{"stopId":"U29Z1P","nodeId":"29","name":"Bělocerkevská","lat":50.072605,"lon":14.470299},"lengthM":863.9,"bidirectional":true},"geometry":{"type":"LineString","coordinates":[[14.473063,50.077774],[14.473075,50.077712],[14.472991,50.077514],[14.469774,50.076259],[14.46912,50.07602],[14.468706,50.075847],[14.468642,50.075751],[14.46825,50.075072],[14.468172,50.074911],[14.46791,50.074416],[14.467858,50.074266],[14.467888,50.074124],[14.46799,50.074042],[14.468175,50.073968],[14.468925,50.073689],[14.469469,50.073519],[14.469718,50.073477],[14.470083,50.073482],[14.470411,50.07274],[14.470456,50.072636]]}},{"type":"Feature","properties":{"segmentId":"RL139_29~921","lineId":"L139","routeId":"L139","mode":"bus","routeColor":"#007DA8","routeTextColor":"#FFFFFF","routeShortName":"139","routeLongName":"Želivského - Komořany - Sídliště Zbraslav","fromStop":{"stopId":"U29Z3P","nodeId":"29","name":"Bělocerkevská","lat":50.071896,"lon":14.47008},"toStop":{"stopId":"U921Z7P","nodeId":"921","name":"Želivského","lat":50.078686,"lon":14.4739},"lengthM":1189.1,"bidirectional":true},"geometry":{"type":"LineString","coordinates":[[14.470058,50.07196],[14.470711,50.072058],[14.47093,50.072087],[14.470875,50.072282],[14.470545,50.07277],[14.470265,50.073489],[14.470083,50.073482],[14.469718,50.073477],[14.469469,50.073519],[14.468925,50.073689],[14.468175,50.073968],[14.46799,50.074042],[14.467888,50.074124],[14.467858,50.074266],[14.46791,50.074416],[14.468172,50.074911],[14.46825,50.075072],[14.468642,50.075751],[14.468706,50.075847],[14.46912,50.07602],[14.469774,50.076259],[14.472991,50.077514],[14.473265,50.077683],[14.473178,50.078356],[14.473138,50.078543],[14.473049,50.078762],[14.473417,50.078822],[14.473585,50.078764],[14.473909,50.078743]]}},{"type":"Feature","properties":{"segmentId":"RL139_D0_921~921","lineId":"L139-0","routeId":"L139","mode":"bus","routeColor":"#007DA8","routeTextColor":"#FFFFFF","routeShortName":"139","routeLongName":"Želivského - Komořany - Sídliště Zbraslav","fromStop":{"stopId":"U921Z1P","nodeId":"921","name":"Želivského","lat":50.078415,"lon":14.474258},"toStop":{"stopId":"U921Z10P","nodeId":"921","name":"Želivského","lat":50.077766,"lon":14.472971},"lengthM":183.2,"bidirectional":false},"geometry":{"type":"LineString","coordinates":[[14.474265,50.078444],[14.473338,50.078534],[14.473138,50.078543],[14.472901,50.078531],[14.472955,50.078345],[14.473063,50.077774]]}},{"type":"Feature","properties":{"segmentId":"RL150_29~921","lineId":"L150","routeId":"L150","mode":"bus","routeColor":"#007DA8","routeTextColor":"#FFFFFF","routeShortName":"150","routeLongName":"Želivského - Na Beránku","fromStop":{"stopId":"U29Z2P","nodeId":"29","name":"Bělocerkevská","lat":50.071182,"lon":14.470617},"toStop":{"stopId":"U921Z7P","nodeId":"921","name":"Želivského","lat":50.078686,"lon":14.4739},"lengthM":1229.5,"bidirectional":true},"geometry":{"type":"LineString","coordinates":[[14.470597,50.071194],[14.47061,50.071206],[14.47084,50.071516],[14.47096,50.071881],[14.47093,50.072087],[14.470875,50.072282],[14.470545,50.07277],[14.470265,50.073489],[14.470083,50.073482],[14.469718,50.073477],[14.469469,50.073519],[14.468925,50.073689],[14.468175,50.073968],[14.46799,50.074042],[14.467888,50.074124],[14.467858,50.074266],[14.46791,50.074416],[14.468172,50.074911],[14.46825,50.075072],[14.468642,50.075751],[14.468706,50.075847],[14.46912,50.07602],[14.469774,50.076259],[14.472991,50.077514],[14.473265,50.077683],[14.473178,50.078356],[14.473138,50.078543],[14.473049,50.078762],[14.473417,50.078822],[14.473585,50.078764],[14.473909,50.078743]]}},{"type":"Feature","properties":{"segmentId":"RL150_D0_921~921","lineId":"L150-0","routeId":"L150","mode":"bus","routeColor":"#007DA8","routeTextColor":"#FFFFFF","routeShortName":"150","routeLongName":"Želivského - Na Beránku","fromStop":{"stopId":"U921Z1P","nodeId":"921","name":"Želivského","lat":50.078415,"lon":14.474258},"toStop":{"stopId":"U921Z10P","nodeId":"921","name":"Želivského","lat":50.077766,"lon":14.472971},"lengthM":183.2,"bidirectional":false},"geometry":{"type":"LineString","coordinates":[[14.474265,50.078444],[14.473338,50.078534],[14.473138,50.078543],[14.472901,50.078531],[14.472955,50.078345],[14.473063,50.077774]]}},{"type":"Feature","properties":{"segmentId":"RL175_D0_3018~689","lineId":"L175-0","routeId":"L175","mode":"bus","routeColor":"#007DA8","routeTextColor":"#FFFFFF","routeShortName":"175","routeLongName":"Florenc - Háje","fromStop":{"stopId":"U689Z6P","nodeId":"689","name":"Florenc","lat":50.090271,"lon":14.441241},"toStop":{"stopId":"U3018Z1P","nodeId":"3018","name":"Pernerova","lat":50.088638,"lon":14.443072},"lengthM":352.5,"bidirectional":false},"geometry":{"type":"LineString","coordinates":[[14.441222,50.090311],[14.442195,50.090515],[14.442787,50.090649],[14.443236,50.089799],[14.443372,50.08943],[14.443326,50.088918],[14.443111,50.088628]]}},{"type":"Feature","properties":{"segmentId":"RL175_D1_3018~689","lineId":"L175-1","routeId":"L175","mode":"bus","routeColor":"#007DA8","routeTextColor":"#FFFFFF","routeShortName":"175","routeLongName":"Florenc - Háje","fromStop":{"stopId":"U3018Z2P","nodeId":"3018","name":"Pernerova","lat":50.088856,"lon":14.443285},"toStop":{"stopId":"U689Z3P","nodeId":"689","name":"Florenc","lat":50.09148,"lon":14.439584},"lengthM":918.4,"bidirectional":false},"geometry":{"type":"LineString","coordinates":[[14.443282,50.088859],[14.443326,50.088919],[14.443372,50.089431],[14.443237,50.089801],[14.442787,50.09065],[14.445288,50.091225],[14.444521,50.09251],[14.442219,50.091989],[14.44199,50.091941],[14.440483,50.091599],[14.440057,50.09148],[14.439658,50.09137]]}},{"type":"Feature","properties":{"segmentId":"RL175_D0_3018~789","lineId":"L175-0","routeId":"L175","mode":"bus","routeColor":"#007DA8","routeTextColor":"#FFFFFF","routeShortName":"175","routeLongName":"Florenc - Háje","fromStop":{"stopId":"U3018Z1P","nodeId":"3018","name":"Pernerova","lat":50.088638,"lon":14.443072},"toStop":{"stopId":"U789Z1P","nodeId":"789","name":"U Památníku","lat":50.086658,"lon":14.446676},"lengthM":402,"bidirectional":false},"geometry":{"type":"LineString","coordinates":[[14.443111,50.088628],[14.443096,50.088607],[14.443114,50.088455],[14.44328,50.08728],[14.443574,50.087225],[14.445946,50.086753],[14.446679,50.086745]]}},{"type":"Feature","properties":{"segmentId":"RL175_D1_3018~789","lineId":"L175-1","routeId":"L175","mode":"bus","routeColor":"#007DA8","routeTextColor":"#FFFFFF","routeShortName":"175","routeLongName":"Florenc - Háje","fromStop":{"stopId":"U789Z2P","nodeId":"789","name":"U Památníku","lat":50.086918,"lon":14.445134},"toStop":{"stopId":"U3018Z2P","nodeId":"3018","name":"Pernerova","lat":50.088856,"lon":14.443285},"lengthM":317.4,"bidirectional":false},"geometry":{"type":"LineString","coordinates":[[14.445132,50.086915],[14.443574,50.087225],[14.44328,50.08728],[14.443114,50.088455],[14.443096,50.088607],[14.443282,50.088859]]}},{"type":"Feature","properties":{"segmentId":"RL175_D0_745~789","lineId":"L175-0","routeId":"L175","mode":"bus","routeColor":"#007DA8","routeTextColor":"#FFFFFF","routeShortName":"175","routeLongName":"Florenc - Háje","fromStop":{"stopId":"U789Z1P","nodeId":"789","name":"U Památníku","lat":50.086658,"lon":14.446676},"toStop":{"stopId":"U745Z1P","nodeId":"745","name":"Tachovské náměstí","lat":50.087185,"lon":14.452273},"lengthM":406.3,"bidirectional":false},"geometry":{"type":"LineString","coordinates":[[14.446679,50.086745],[14.448321,50.086727],[14.449139,50.086727],[14.449834,50.086843],[14.451184,50.087125],[14.452192,50.087296],[14.452246,50.087301]]}},{"type":"Feature","properties":{"segmentId":"RL175_D1_745~789","lineId":"L175-1","routeId":"L175","mode":"bus","routeColor":"#007DA8","routeTextColor":"#FFFFFF","routeShortName":"175","routeLongName":"Florenc - Háje","fromStop":{"stopId":"U745Z2P","nodeId":"745","name":"Tachovské náměstí","lat":50.087387,"lon":14.452387},"toStop":{"stopId":"U789Z2P","nodeId":"789","name":"U Památníku","lat":50.086918,"lon":14.445134},"lengthM":530.9,"bidirectional":false},"geometry":{"type":"LineString","coordinates":[[14.452404,50.087317],[14.452192,50.087296],[14.451184,50.087125],[14.449834,50.086843],[14.449139,50.086727],[14.448321,50.086727],[14.445946,50.086753],[14.445132,50.086915]]}},{"type":"Feature","properties":{"segmentId":"RL175_743~745","lineId":"L175","routeId":"L175","mode":"bus","routeColor":"#007DA8","routeTextColor":"#FFFFFF","routeShortName":"175","routeLongName":"Florenc - Háje","fromStop":{"stopId":"U745Z1P","nodeId":"745","name":"Tachovské náměstí","lat":50.087185,"lon":14.452273},"toStop":{"stopId":"U743Z2P","nodeId":"743","name":"Rokycanova","lat":50.086117,"lon":14.455434},"lengthM":349.9,"bidirectional":true},"geometry":{"type":"LineString","coordinates":[[14.452246,50.087301],[14.452937,50.087371],[14.453291,50.087366],[14.455245,50.087329],[14.455366,50.086632],[14.455443,50.086119]]}},{"type":"Feature","properties":{"segmentId":"RL175_D0_516~743","lineId":"L175-0","routeId":"L175","mode":"bus","routeColor":"#007DA8","routeTextColor":"#FFFFFF","routeShortName":"175","routeLongName":"Florenc - Háje","fromStop":{"stopId":"U743Z2P","nodeId":"743","name":"Rokycanova","lat":50.086117,"lon":14.455434},"toStop":{"stopId":"U516Z3P","nodeId":"516","name":"Olšanské náměstí","lat":50.082302,"lon":14.459234},"lengthM":534.9,"bidirectional":false},"geometry":{"type":"LineString","coordinates":[[14.455443,50.086119],[14.455467,50.08596],[14.455605,50.085247],[14.455591,50.084846],[14.456489,50.084472],[14.45757,50.083968],[14.458247,50.083438],[14.458809,50.082852],[14.458942,50.082691],[14.459087,50.082541],[14.459132,50.082463],[14.459271,50.082316]]}},{"type":"Feature","properties":{"segmentId":"RL175_D1_516~743","lineId":"L175-1","routeId":"L175","mode":"bus","routeColor":"#007DA8","routeTextColor":"#FFFFFF","routeShortName":"175","routeLongName":"Florenc - Háje","fromStop":{"stopId":"U516Z4P","nodeId":"516","name":"Olšanské náměstí","lat":50.083141,"lon":14.458678},"toStop":{"stopId":"U743Z1P","nodeId":"743","name":"Rokycanova","lat":50.08622,"lon":14.45553},"lengthM":444.8,"bidirectional":false},"geometry":{"type":"LineString","coordinates":[[14.45857,50.083101],[14.458247,50.083438],[14.45757,50.083968],[14.456489,50.084472],[14.455591,50.084846],[14.455605,50.085247],[14.455467,50.08596],[14.455429,50.086214]]}},{"type":"Feature","properties":{"segmentId":"RL175_D0_118~516","lineId":"L175-0","routeId":"L175","mode":"bus","routeColor":"#007DA8","routeTextColor":"#FFFFFF","routeShortName":"175","routeLongName":"Florenc - Háje","fromStop":{"stopId":"U516Z3P","nodeId":"516","name":"Olšanské náměstí","lat":50.082302,"lon":14.459234},"toStop":{"stopId":"U118Z4P","nodeId":"118","name":"Flora","lat":50.07832,"lon":14.460634},"lengthM":456,"bidirectional":false},"geometry":{"type":"LineString","coordinates":[[14.459271,50.082316],[14.459441,50.082136],[14.459744,50.08131],[14.460326,50.079637],[14.460595,50.078771],[14.460743,50.078337]]}},{"type":"Feature","properties":{"segmentId":"RL175_D1_118~516","lineId":"L175-1","routeId":"L175","mode":"bus","routeColor":"#007DA8","routeTextColor":"#FFFFFF","routeShortName":"175","routeLongName":"Florenc - Háje","fromStop":{"stopId":"U118Z3P","nodeId":"118","name":"Flora","lat":50.078342,"lon":14.460897},"toStop":{"stopId":"U516Z4P","nodeId":"516","name":"Olšanské náměstí","lat":50.083141,"lon":14.458678},"lengthM":558.3,"bidirectional":false},"geometry":{"type":"LineString","coordinates":[[14.460748,50.078323],[14.460595,50.078771],[14.460326,50.079637],[14.459744,50.08131],[14.459441,50.082136],[14.459132,50.082463],[14.459087,50.082541],[14.458942,50.082691],[14.458809,50.082852],[14.45857,50.083101]]}},{"type":"Feature","properties":{"segmentId":"RL175_D0_118~518","lineId":"L175-0","routeId":"L175","mode":"bus","routeColor":"#007DA8","routeTextColor":"#FFFFFF","routeShortName":"175","routeLongName":"Florenc - Háje","fromStop":{"stopId":"U118Z4P","nodeId":"118","name":"Flora","lat":50.07832,"lon":14.460634},"toStop":{"stopId":"U518Z3P","nodeId":"518","name":"Orionka","lat":50.075935,"lon":14.459101},"lengthM":435.9,"bidirectional":false},"geometry":{"type":"LineString","coordinates":[[14.460743,50.078337],[14.460895,50.07789],[14.459575,50.077801],[14.458392,50.077724],[14.458459,50.077612],[14.458818,50.076654],[14.459098,50.075934]]}},{"type":"Feature","properties":{"segmentId":"RL175_D1_118~518","lineId":"L175-1","routeId":"L175","mode":"bus","routeColor":"#007DA8","routeTextColor":"#FFFFFF","routeShortName":"175","routeLongName":"Florenc - Háje","fromStop":{"stopId":"U518Z4P","nodeId":"518","name":"Orionka","lat":50.075565,"lon":14.460084},"toStop":{"stopId":"U118Z3P","nodeId":"118","name":"Flora","lat":50.078342,"lon":14.460897},"lengthM":415.3,"bidirectional":false},"geometry":{"type":"LineString","coordinates":[[14.460084,50.075568],[14.460484,50.075585],[14.460887,50.075612],[14.46164,50.075651],[14.461253,50.076806],[14.460955,50.077741],[14.460895,50.07789],[14.460748,50.078323]]}},{"type":"Feature","properties":{"segmentId":"RL175_D0_518~855","lineId":"L175-0","routeId":"L175","mode":"bus","routeColor":"#007DA8","routeTextColor":"#FFFFFF","routeShortName":"175","routeLongName":"Florenc - Háje","fromStop":{"stopId":"U518Z3P","nodeId":"518","name":"Orionka","lat":50.075935,"lon":14.459101},"toStop":{"stopId":"U855Z1P","nodeId":"855","name":"Vlašimská","lat":50.074486,"lon":14.463684},"lengthM":406.1,"bidirectional":false},"geometry":{"type":"LineString","coordinates":[[14.459098,50.075934],[14.459254,50.075531],[14.459332,50.075366],[14.459372,50.075179],[14.459488,50.075098],[14.459886,50.075015],[14.461906,50.074667],[14.463689,50.074509]]}},{"type":"Feature","properties":{"segmentId":"RL175_D1_518~855","lineId":"L175-1","routeId":"L175","mode":"bus","routeColor":"#007DA8","routeTextColor":"#FFFFFF","routeShortName":"175","routeLongName":"Florenc - Háje","fromStop":{"stopId":"U855Z2P","nodeId":"855","name":"Vlašimská","lat":50.074299,"lon":14.4664},"toStop":{"stopId":"U518Z4P","nodeId":"518","name":"Orionka","lat":50.075565,"lon":14.460084},"lengthM":614.2,"bidirectional":false},"geometry":{"type":"LineString","coordinates":[[14.466392,50.074262],[14.464321,50.074454],[14.461906,50.074667],[14.459886,50.075015],[14.459488,50.075098],[14.459372,50.075179],[14.459332,50.075366],[14.459254,50.075531],[14.460084,50.075568]]}},{"type":"Feature","properties":{"segmentId":"RL177_D0_13~225","lineId":"L177-0","routeId":"L177","mode":"bus","routeColor":"#007DA8","routeTextColor":"#FFFFFF","routeShortName":"177","routeLongName":"Chodov - Skalka - Poliklinika Mazurská","fromStop":{"stopId":"U225Z1P","nodeId":"225","name":"K Žižkovu","lat":50.09959,"lon":14.496417},"toStop":{"stopId":"U13Z2P","nodeId":"13","name":"Balkán","lat":50.094204,"lon":14.496226},"lengthM":818.5,"bidirectional":false},"geometry":{"type":"LineString","coordinates":[[14.496432,50.099547],[14.494029,50.099239],[14.493556,50.099143],[14.493405,50.099057],[14.493792,50.098828],[14.494708,50.097901],[14.495515,50.097092],[14.495716,50.09681],[14.495811,50.096564],[14.495834,50.095659],[14.495971,50.094945],[14.496225,50.094214],[14.49623,50.094206]]}},{"type":"Feature","properties":{"segmentId":"RL177_D1_13~225","lineId":"L177-1","routeId":"L177","mode":"bus","routeColor":"#007DA8","routeTextColor":"#FFFFFF","routeShortName":"177","routeLongName":"Chodov - Skalka - Poliklinika Mazurská","fromStop":{"stopId":"U13Z1P","nodeId":"13","name":"Balkán","lat":50.095402,"lon":14.496265},"toStop":{"stopId":"U225Z2P","nodeId":"225","name":"K Žižkovu","lat":50.099403,"lon":14.49641},"lengthM":633.1,"bidirectional":false},"geometry":{"type":"LineString","coordinates":[[14.49608,50.095386],[14.496015,50.095666],[14.496044,50.095995],[14.496003,50.09659],[14.495904,50.096854],[14.49571,50.097172],[14.49491,50.097946],[14.493926,50.09893],[14.493987,50.099108],[14.494102,50.099164],[14.496392,50.099465]]}},{"type":"Feature","properties":{"segmentId":"RL177_D0_13~694","lineId":"L177-0","routeId":"L177","mode":"bus","routeColor":"#007DA8","routeTextColor":"#FFFFFF","routeShortName":"177","routeLongName":"Chodov - Skalka - Poliklinika Mazurská","fromStop":{"stopId":"U13Z2P","nodeId":"13","name":"Balkán","lat":50.094204,"lon":14.496226},"toStop":{"stopId":"U694Z3P","nodeId":"694","name":"Spojovací","lat":50.091324,"lon":14.499193},"lengthM":393.6,"bidirectional":false},"geometry":{"type":"LineString","coordinates":[[14.496225,50.094214],[14.49623,50.094206],[14.496753,50.09339],[14.49685,50.093263],[14.496939,50.09318],[14.497079,50.092983],[14.497413,50.092604],[14.497775,50.092164],[14.497988,50.091893],[14.498255,50.091762],[14.49863,50.091659],[14.499282,50.091431]]}},{"type":"Feature","properties":{"segmentId":"RL177_D1_13~694","lineId":"L177-1","routeId":"L177","mode":"bus","routeColor":"#007DA8","routeTextColor":"#FFFFFF","routeShortName":"177","routeLongName":"Chodov - Skalka - Poliklinika Mazurská","fromStop":{"stopId":"U694Z4P","nodeId":"694","name":"Spojovací","lat":50.092316,"lon":14.498015},"toStop":{"stopId":"U13Z1P","nodeId":"13","name":"Balkán","lat":50.095402,"lon":14.496265},"lengthM":372.6,"bidirectional":false},"geometry":{"type":"LineString","coordinates":[[14.497913,50.092281],[14.496947,50.093406],[14.496458,50.09418],[14.496175,50.094981],[14.49608,50.095386]]}},{"type":"Feature","properties":{"segmentId":"RL177_574~694","lineId":"L177","routeId":"L177","mode":"bus","routeColor":"#007DA8","routeTextColor":"#FFFFFF","routeShortName":"177","routeLongName":"Chodov - Skalka - Poliklinika Mazurská","fromStop":{"stopId":"U694Z3P","nodeId":"694","name":"Spojovací","lat":50.091324,"lon":14.499193},"toStop":{"stopId":"U574Z1P","nodeId":"574","name":"Pod Táborem","lat":50.092094,"lon":14.511864},"lengthM":957.3,"bidirectional":true},"geometry":{"type":"LineString","coordinates":[[14.499282,50.091431],[14.500229,50.091099],[14.500982,50.090875],[14.502318,50.090629],[14.503978,50.090385],[14.505095,50.090438],[14.508332,50.091402],[14.509049,50.09161],[14.510379,50.09199],[14.51099,50.092035],[14.511831,50.092177]]}},{"type":"Feature","properties":{"segmentId":"RL183_574~694","lineId":"L183","routeId":"L183","mode":"bus","routeColor":"#007DA8","routeTextColor":"#FFFFFF","routeShortName":"183","routeLongName":"Vozovna Kobylisy - Háje","fromStop":{"stopId":"U574Z2P","nodeId":"574","name":"Pod Táborem","lat":50.092327,"lon":14.512152},"toStop":{"stopId":"U694Z4P","nodeId":"694","name":"Spojovací","lat":50.092316,"lon":14.498015},"lengthM":1123.9,"bidirectional":true},"geometry":{"type":"LineString","coordinates":[[14.512188,50.092238],[14.51099,50.092035],[14.510379,50.09199],[14.509049,50.09161],[14.508332,50.091402],[14.505095,50.090438],[14.503978,50.090385],[14.502318,50.090629],[14.500982,50.090875],[14.500229,50.091099],[14.49863,50.091657],[14.498512,50.091747],[14.498258,50.091879],[14.497913,50.092281]]}},{"type":"Feature","properties":{"segmentId":"RL183_D1_13~694","lineId":"L183-1","routeId":"L183","mode":"bus","routeColor":"#007DA8","routeTextColor":"#FFFFFF","routeShortName":"183","routeLongName":"Vozovna Kobylisy - Háje","fromStop":{"stopId":"U694Z4P","nodeId":"694","name":"Spojovací","lat":50.092316,"lon":14.498015},"toStop":{"stopId":"U13Z1P","nodeId":"13","name":"Balkán","lat":50.095402,"lon":14.496265},"lengthM":372.6,"bidirectional":false},"geometry":{"type":"LineString","coordinates":[[14.497913,50.092281],[14.496947,50.093406],[14.496458,50.09418],[14.496175,50.094981],[14.49608,50.095386]]}},{"type":"Feature","properties":{"segmentId":"RL183_D0_13~694","lineId":"L183-0","routeId":"L183","mode":"bus","routeColor":"#007DA8","routeTextColor":"#FFFFFF","routeShortName":"183","routeLongName":"Vozovna Kobylisy - Háje","fromStop":{"stopId":"U13Z2P","nodeId":"13","name":"Balkán","lat":50.094204,"lon":14.496226},"toStop":{"stopId":"U694Z3P","nodeId":"694","name":"Spojovací","lat":50.091324,"lon":14.499193},"lengthM":393.6,"bidirectional":false},"geometry":{"type":"LineString","coordinates":[[14.496225,50.094214],[14.49623,50.094206],[14.496753,50.09339],[14.49685,50.093263],[14.496939,50.09318],[14.497079,50.092983],[14.497413,50.092604],[14.497775,50.092164],[14.497988,50.091893],[14.498255,50.091762],[14.49863,50.091659],[14.499282,50.091431]]}},{"type":"Feature","properties":{"segmentId":"RL183_D1_13~225","lineId":"L183-1","routeId":"L183","mode":"bus","routeColor":"#007DA8","routeTextColor":"#FFFFFF","routeShortName":"183","routeLongName":"Vozovna Kobylisy - Háje","fromStop":{"stopId":"U13Z1P","nodeId":"13","name":"Balkán","lat":50.095402,"lon":14.496265},"toStop":{"stopId":"U225Z2P","nodeId":"225","name":"K Žižkovu","lat":50.099403,"lon":14.49641},"lengthM":633.1,"bidirectional":false},"geometry":{"type":"LineString","coordinates":[[14.49608,50.095386],[14.496015,50.095666],[14.496044,50.095995],[14.496003,50.09659],[14.495904,50.096854],[14.49571,50.097172],[14.49491,50.097946],[14.493926,50.09893],[14.493987,50.099108],[14.494102,50.099164],[14.496392,50.099465]]}},{"type":"Feature","properties":{"segmentId":"RL183_D0_13~225","lineId":"L183-0","routeId":"L183","mode":"bus","routeColor":"#007DA8","routeTextColor":"#FFFFFF","routeShortName":"183","routeLongName":"Vozovna Kobylisy - Háje","fromStop":{"stopId":"U225Z1P","nodeId":"225","name":"K Žižkovu","lat":50.09959,"lon":14.496417},"toStop":{"stopId":"U13Z2P","nodeId":"13","name":"Balkán","lat":50.094204,"lon":14.496226},"lengthM":818.5,"bidirectional":false},"geometry":{"type":"LineString","coordinates":[[14.496432,50.099547],[14.494029,50.099239],[14.493556,50.099143],[14.493405,50.099057],[14.493792,50.098828],[14.494708,50.097901],[14.495515,50.097092],[14.495716,50.09681],[14.495811,50.096564],[14.495834,50.095659],[14.495971,50.094945],[14.496225,50.094214],[14.49623,50.094206]]}},{"type":"Feature","properties":{"segmentId":"RL188_D1_418~921","lineId":"L188-1","routeId":"L188","mode":"bus","routeColor":"#007DA8","routeTextColor":"#FFFFFF","routeShortName":"188","routeLongName":"Želivského - Kavčí hory","fromStop":{"stopId":"U418Z2P","nodeId":"418","name":"Na Palouku","lat":50.080402,"lon":14.488588},"toStop":{"stopId":"U921Z9P","nodeId":"921","name":"Želivského","lat":50.078415,"lon":14.475356},"lengthM":1108.7,"bidirectional":false},"geometry":{"type":"LineString","coordinates":[[14.4886,50.080357],[14.487583,50.080252],[14.487555,50.080385],[14.486559,50.080225],[14.486044,50.080062],[14.485633,50.079871],[14.485257,50.079648],[14.484993,50.079434],[14.484711,50.079164],[14.483366,50.077866],[14.483071,50.077659],[14.482598,50.077562],[14.480093,50.077805],[14.478788,50.077908],[14.477343,50.078071],[14.476451,50.078156],[14.475929,50.078219],[14.475318,50.078329]]}},{"type":"Feature","properties":{"segmentId":"RL188_D0_575~921","lineId":"L188-0","routeId":"L188","mode":"bus","routeColor":"#007DA8","routeTextColor":"#FFFFFF","routeShortName":"188","routeLongName":"Želivského - Kavčí hory","fromStop":{"stopId":"U921Z6P","nodeId":"921","name":"Želivského","lat":50.079163,"lon":14.475474},"toStop":{"stopId":"U575Z1P","nodeId":"575","name":"Pod Třebešínem","lat":50.080952,"lon":14.485868},"lengthM":769,"bidirectional":false},"geometry":{"type":"LineString","coordinates":[[14.475458,50.0792],[14.476307,50.079358],[14.47951,50.079948],[14.481883,50.080393],[14.482615,50.080467],[14.485089,50.080902],[14.485864,50.08097]]}},{"type":"Feature","properties":{"segmentId":"RL188_D0_418~575","lineId":"L188-0","routeId":"L188","mode":"bus","routeColor":"#007DA8","routeTextColor":"#FFFFFF","routeShortName":"188","routeLongName":"Želivského - Kavčí hory","fromStop":{"stopId":"U575Z1P","nodeId":"575","name":"Pod Třebešínem","lat":50.080952,"lon":14.485868},"toStop":{"stopId":"U418Z1P","nodeId":"418","name":"Na Palouku","lat":50.080334,"lon":14.488761},"lengthM":292.2,"bidirectional":false},"geometry":{"type":"LineString","coordinates":[[14.485864,50.08097],[14.487415,50.081108],[14.487555,50.080385],[14.487583,50.080252],[14.488752,50.080373]]}},{"type":"Feature","properties":{"segmentId":"RL195_574~694","lineId":"L195","routeId":"L195","mode":"bus","routeColor":"#007DA8","routeTextColor":"#FFFFFF","routeShortName":"195","routeLongName":"Sídliště Letňany - Poliklinika Zahradní Město - Jesenická","fromStop":{"stopId":"U574Z2P","nodeId":"574","name":"Pod Táborem","lat":50.092327,"lon":14.512152},"toStop":{"stopId":"U694Z4P","nodeId":"694","name":"Spojovací","lat":50.092316,"lon":14.498015},"lengthM":1123.9,"bidirectional":true},"geometry":{"type":"LineString","coordinates":[[14.512188,50.092238],[14.51099,50.092035],[14.510379,50.09199],[14.509049,50.09161],[14.508332,50.091402],[14.505095,50.090438],[14.503978,50.090385],[14.502318,50.090629],[14.500982,50.090875],[14.500229,50.091099],[14.49863,50.091657],[14.498512,50.091747],[14.498258,50.091879],[14.497913,50.092281]]}},{"type":"Feature","properties":{"segmentId":"RL195_D1_13~694","lineId":"L195-1","routeId":"L195","mode":"bus","routeColor":"#007DA8","routeTextColor":"#FFFFFF","routeShortName":"195","routeLongName":"Sídliště Letňany - Poliklinika Zahradní Město - Jesenická","fromStop":{"stopId":"U694Z4P","nodeId":"694","name":"Spojovací","lat":50.092316,"lon":14.498015},"toStop":{"stopId":"U13Z1P","nodeId":"13","name":"Balkán","lat":50.095402,"lon":14.496265},"lengthM":372.6,"bidirectional":false},"geometry":{"type":"LineString","coordinates":[[14.497913,50.092281],[14.496947,50.093406],[14.496458,50.09418],[14.496175,50.094981],[14.49608,50.095386]]}},{"type":"Feature","properties":{"segmentId":"RL195_D0_13~694","lineId":"L195-0","routeId":"L195","mode":"bus","routeColor":"#007DA8","routeTextColor":"#FFFFFF","routeShortName":"195","routeLongName":"Sídliště Letňany - Poliklinika Zahradní Město - Jesenická","fromStop":{"stopId":"U13Z2P","nodeId":"13","name":"Balkán","lat":50.094204,"lon":14.496226},"toStop":{"stopId":"U694Z3P","nodeId":"694","name":"Spojovací","lat":50.091324,"lon":14.499193},"lengthM":393.6,"bidirectional":false},"geometry":{"type":"LineString","coordinates":[[14.496225,50.094214],[14.49623,50.094206],[14.496753,50.09339],[14.49685,50.093263],[14.496939,50.09318],[14.497079,50.092983],[14.497413,50.092604],[14.497775,50.092164],[14.497988,50.091893],[14.498255,50.091762],[14.49863,50.091659],[14.499282,50.091431]]}},{"type":"Feature","properties":{"segmentId":"RL195_D1_13~225","lineId":"L195-1","routeId":"L195","mode":"bus","routeColor":"#007DA8","routeTextColor":"#FFFFFF","routeShortName":"195","routeLongName":"Sídliště Letňany - Poliklinika Zahradní Město - Jesenická","fromStop":{"stopId":"U13Z1P","nodeId":"13","name":"Balkán","lat":50.095402,"lon":14.496265},"toStop":{"stopId":"U225Z2P","nodeId":"225","name":"K Žižkovu","lat":50.099403,"lon":14.49641},"lengthM":633.1,"bidirectional":false},"geometry":{"type":"LineString","coordinates":[[14.49608,50.095386],[14.496015,50.095666],[14.496044,50.095995],[14.496003,50.09659],[14.495904,50.096854],[14.49571,50.097172],[14.49491,50.097946],[14.493926,50.09893],[14.493987,50.099108],[14.494102,50.099164],[14.496392,50.099465]]}},{"type":"Feature","properties":{"segmentId":"RL195_D0_13~225","lineId":"L195-0","routeId":"L195","mode":"bus","routeColor":"#007DA8","routeTextColor":"#FFFFFF","routeShortName":"195","routeLongName":"Sídliště Letňany - Poliklinika Zahradní Město - Jesenická","fromStop":{"stopId":"U225Z1P","nodeId":"225","name":"K Žižkovu","lat":50.09959,"lon":14.496417},"toStop":{"stopId":"U13Z2P","nodeId":"13","name":"Balkán","lat":50.094204,"lon":14.496226},"lengthM":818.5,"bidirectional":false},"geometry":{"type":"LineString","coordinates":[[14.496432,50.099547],[14.494029,50.099239],[14.493556,50.099143],[14.493405,50.099057],[14.493792,50.098828],[14.494708,50.097901],[14.495515,50.097092],[14.495716,50.09681],[14.495811,50.096564],[14.495834,50.095659],[14.495971,50.094945],[14.496225,50.094214],[14.49623,50.094206]]}},{"type":"Feature","properties":{"segmentId":"RL207_16~34","lineId":"L207","routeId":"L207","mode":"bus","routeColor":"#007DA8","routeTextColor":"#FFFFFF","routeShortName":"207","routeLongName":"Staroměstská - Ohrada","fromStop":{"stopId":"U16Z2P","nodeId":"16","name":"Basilejské náměstí","lat":50.087315,"lon":14.471287},"toStop":{"stopId":"U34Z2P","nodeId":"34","name":"Biskupcova","lat":50.0891,"lon":14.468635},"lengthM":363.5,"bidirectional":true},"geometry":{"type":"LineString","coordinates":[[14.471315,50.087248],[14.470279,50.087077],[14.469754,50.086985],[14.46965,50.087185],[14.469279,50.087933],[14.469018,50.088427],[14.468654,50.089104]]}},{"type":"Feature","properties":{"segmentId":"RL207_D1_34~512","lineId":"L207-1","routeId":"L207","mode":"bus","routeColor":"#007DA8","routeTextColor":"#FFFFFF","routeShortName":"207","routeLongName":"Staroměstská - Ohrada","fromStop":{"stopId":"U34Z2P","nodeId":"34","name":"Biskupcova","lat":50.0891,"lon":14.468635},"toStop":{"stopId":"U512Z5P","nodeId":"512","name":"Ohrada","lat":50.090221,"lon":14.466946},"lengthM":232.4,"bidirectional":false},"geometry":{"type":"LineString","coordinates":[[14.468654,50.089104],[14.46851,50.089371],[14.468051,50.09032],[14.468018,50.090408],[14.467759,50.090367],[14.467381,50.090288],[14.467244,50.090204],[14.466985,50.090148]]}},{"type":"Feature","properties":{"segmentId":"RL207_D0_34~512","lineId":"L207-0","routeId":"L207","mode":"bus","routeColor":"#007DA8","routeTextColor":"#FFFFFF","routeShortName":"207","routeLongName":"Staroměstská - Ohrada","fromStop":{"stopId":"U512Z8P","nodeId":"512","name":"Ohrada","lat":50.090092,"lon":14.466908},"toStop":{"stopId":"U34Z1P","nodeId":"34","name":"Biskupcova","lat":50.088543,"lon":14.468796},"lengthM":260,"bidirectional":false},"geometry":{"type":"LineString","coordinates":[[14.466891,50.090126],[14.467244,50.090202],[14.467402,50.090189],[14.467509,50.090217],[14.467662,50.090158],[14.467832,50.090091],[14.467942,50.090037],[14.468343,50.089346],[14.468769,50.088537]]}},{"type":"Feature","properties":{"segmentId":"RL207_D1_512~69","lineId":"L207-1","routeId":"L207","mode":"bus","routeColor":"#007DA8","routeTextColor":"#FFFFFF","routeShortName":"207","routeLongName":"Staroměstská - Ohrada","fromStop":{"stopId":"U512Z5P","nodeId":"512","name":"Ohrada","lat":50.090221,"lon":14.466946},"toStop":{"stopId":"U69Z2P","nodeId":"69","name":"Černínova","lat":50.088955,"lon":14.461117},"lengthM":439.8,"bidirectional":false},"geometry":{"type":"LineString","coordinates":[[14.466985,50.090148],[14.466461,50.090034],[14.464863,50.089657],[14.463304,50.089293],[14.461534,50.088928],[14.461158,50.088861]]}},{"type":"Feature","properties":{"segmentId":"RL207_D0_512~69","lineId":"L207-0","routeId":"L207","mode":"bus","routeColor":"#007DA8","routeTextColor":"#FFFFFF","routeShortName":"207","routeLongName":"Staroměstská - Ohrada","fromStop":{"stopId":"U69Z1P","nodeId":"69","name":"Černínova","lat":50.088974,"lon":14.462293},"toStop":{"stopId":"U512Z8P","nodeId":"512","name":"Ohrada","lat":50.090092,"lon":14.466908},"lengthM":351.6,"bidirectional":false},"geometry":{"type":"LineString","coordinates":[[14.462244,50.089074],[14.463304,50.089293],[14.464863,50.089657],[14.466461,50.090034],[14.466891,50.090126]]}},{"type":"Feature","properties":{"segmentId":"RL207_D1_2787~69","lineId":"L207-1","routeId":"L207","mode":"bus","routeColor":"#007DA8","routeTextColor":"#FFFFFF","routeShortName":"207","routeLongName":"Staroměstská - Ohrada","fromStop":{"stopId":"U69Z2P","nodeId":"69","name":"Černínova","lat":50.088955,"lon":14.461117},"toStop":{"stopId":"U2787Z2P","nodeId":"2787","name":"Lukášova","lat":50.087906,"lon":14.456802},"lengthM":328.2,"bidirectional":false},"geometry":{"type":"LineString","coordinates":[[14.461158,50.088861],[14.459727,50.088605],[14.457675,50.088106],[14.456845,50.08785]]}},{"type":"Feature","properties":{"segmentId":"RL207_D0_2787~69","lineId":"L207-0","routeId":"L207","mode":"bus","routeColor":"#007DA8","routeTextColor":"#FFFFFF","routeShortName":"207","routeLongName":"Staroměstská - Ohrada","fromStop":{"stopId":"U2787Z1P","nodeId":"2787","name":"Lukášova","lat":50.088238,"lon":14.458384},"toStop":{"stopId":"U69Z1P","nodeId":"69","name":"Černínova","lat":50.088974,"lon":14.462293},"lengthM":291.1,"bidirectional":false},"geometry":{"type":"LineString","coordinates":[[14.458363,50.088273],[14.459727,50.088605],[14.461534,50.088928],[14.462244,50.089074]]}},{"type":"Feature","properties":{"segmentId":"RL207_D1_2787~745","lineId":"L207-1","routeId":"L207","mode":"bus","routeColor":"#007DA8","routeTextColor":"#FFFFFF","routeShortName":"207","routeLongName":"Staroměstská - Ohrada","fromStop":{"stopId":"U2787Z2P","nodeId":"2787","name":"Lukášova","lat":50.087906,"lon":14.456802},"toStop":{"stopId":"U745Z2P","nodeId":"745","name":"Tachovské náměstí","lat":50.087387,"lon":14.452387},"lengthM":331.2,"bidirectional":false},"geometry":{"type":"LineString","coordinates":[[14.456845,50.08785],[14.456563,50.087763],[14.455245,50.087329],[14.453291,50.087366],[14.452937,50.087371],[14.452404,50.087317]]}},{"type":"Feature","properties":{"segmentId":"RL207_D0_2787~745","lineId":"L207-0","routeId":"L207","mode":"bus","routeColor":"#007DA8","routeTextColor":"#FFFFFF","routeShortName":"207","routeLongName":"Staroměstská - Ohrada","fromStop":{"stopId":"U745Z1P","nodeId":"745","name":"Tachovské náměstí","lat":50.087185,"lon":14.452273},"toStop":{"stopId":"U2787Z1P","nodeId":"2787","name":"Lukášova","lat":50.088238,"lon":14.458384},"lengthM":460.8,"bidirectional":false},"geometry":{"type":"LineString","coordinates":[[14.452246,50.087301],[14.452937,50.087371],[14.453291,50.087366],[14.455245,50.087329],[14.456563,50.087763],[14.457675,50.088106],[14.458363,50.088273]]}},{"type":"Feature","properties":{"segmentId":"RL207_D1_745~789","lineId":"L207-1","routeId":"L207","mode":"bus","routeColor":"#007DA8","routeTextColor":"#FFFFFF","routeShortName":"207","routeLongName":"Staroměstská - Ohrada","fromStop":{"stopId":"U745Z2P","nodeId":"745","name":"Tachovské náměstí","lat":50.087387,"lon":14.452387},"toStop":{"stopId":"U789Z2P","nodeId":"789","name":"U Památníku","lat":50.086918,"lon":14.445134},"lengthM":530.9,"bidirectional":false},"geometry":{"type":"LineString","coordinates":[[14.452404,50.087317],[14.452192,50.087296],[14.451184,50.087125],[14.449834,50.086843],[14.449139,50.086727],[14.448321,50.086727],[14.445946,50.086753],[14.445132,50.086915]]}},{"type":"Feature","properties":{"segmentId":"RL207_D0_745~789","lineId":"L207-0","routeId":"L207","mode":"bus","routeColor":"#007DA8","routeTextColor":"#FFFFFF","routeShortName":"207","routeLongName":"Staroměstská - Ohrada","fromStop":{"stopId":"U789Z1P","nodeId":"789","name":"U Památníku","lat":50.086658,"lon":14.446676},"toStop":{"stopId":"U745Z1P","nodeId":"745","name":"Tachovské náměstí","lat":50.087185,"lon":14.452273},"lengthM":406.3,"bidirectional":false},"geometry":{"type":"LineString","coordinates":[[14.446679,50.086745],[14.448321,50.086727],[14.449139,50.086727],[14.449834,50.086843],[14.451184,50.087125],[14.452192,50.087296],[14.452246,50.087301]]}},{"type":"Feature","properties":{"segmentId":"RL207_D1_3018~789","lineId":"L207-1","routeId":"L207","mode":"bus","routeColor":"#007DA8","routeTextColor":"#FFFFFF","routeShortName":"207","routeLongName":"Staroměstská - Ohrada","fromStop":{"stopId":"U789Z2P","nodeId":"789","name":"U Památníku","lat":50.086918,"lon":14.445134},"toStop":{"stopId":"U3018Z2P","nodeId":"3018","name":"Pernerova","lat":50.088856,"lon":14.443285},"lengthM":317.4,"bidirectional":false},"geometry":{"type":"LineString","coordinates":[[14.445132,50.086915],[14.443574,50.087225],[14.44328,50.08728],[14.443114,50.088455],[14.443096,50.088607],[14.443282,50.088859]]}},{"type":"Feature","properties":{"segmentId":"RL207_D0_3018~789","lineId":"L207-0","routeId":"L207","mode":"bus","routeColor":"#007DA8","routeTextColor":"#FFFFFF","routeShortName":"207","routeLongName":"Staroměstská - Ohrada","fromStop":{"stopId":"U3018Z1P","nodeId":"3018","name":"Pernerova","lat":50.088638,"lon":14.443072},"toStop":{"stopId":"U789Z1P","nodeId":"789","name":"U Památníku","lat":50.086658,"lon":14.446676},"lengthM":402,"bidirectional":false},"geometry":{"type":"LineString","coordinates":[[14.443111,50.088628],[14.443096,50.088607],[14.443114,50.088455],[14.44328,50.08728],[14.443574,50.087225],[14.445946,50.086753],[14.446679,50.086745]]}},{"type":"Feature","properties":{"segmentId":"RL207_D1_3018~689","lineId":"L207-1","routeId":"L207","mode":"bus","routeColor":"#007DA8","routeTextColor":"#FFFFFF","routeShortName":"207","routeLongName":"Staroměstská - Ohrada","fromStop":{"stopId":"U3018Z2P","nodeId":"3018","name":"Pernerova","lat":50.088856,"lon":14.443285},"toStop":{"stopId":"U689Z3P","nodeId":"689","name":"Florenc","lat":50.09148,"lon":14.439584},"lengthM":918.4,"bidirectional":false},"geometry":{"type":"LineString","coordinates":[[14.443282,50.088859],[14.443326,50.088919],[14.443372,50.089431],[14.443237,50.089801],[14.442787,50.09065],[14.445288,50.091225],[14.444521,50.09251],[14.442219,50.091989],[14.44199,50.091941],[14.440483,50.091599],[14.440057,50.09148],[14.439658,50.09137]]}},{"type":"Feature","properties":{"segmentId":"RL207_D0_3018~689","lineId":"L207-0","routeId":"L207","mode":"bus","routeColor":"#007DA8","routeTextColor":"#FFFFFF","routeShortName":"207","routeLongName":"Staroměstská - Ohrada","fromStop":{"stopId":"U689Z6P","nodeId":"689","name":"Florenc","lat":50.090271,"lon":14.441241},"toStop":{"stopId":"U3018Z1P","nodeId":"3018","name":"Pernerova","lat":50.088638,"lon":14.443072},"lengthM":352.5,"bidirectional":false},"geometry":{"type":"LineString","coordinates":[[14.441221,50.090312],[14.442195,50.090515],[14.442787,50.090649],[14.443236,50.089799],[14.443372,50.08943],[14.443326,50.088918],[14.443111,50.088628]]}},{"type":"Feature","properties":{"segmentId":"RL207_D0_32~689","lineId":"L207-0","routeId":"L207","mode":"bus","routeColor":"#007DA8","routeTextColor":"#FFFFFF","routeShortName":"207","routeLongName":"Staroměstská - Ohrada","fromStop":{"stopId":"U32Z2P","nodeId":"32","name":"Bílá labuť","lat":50.090351,"lon":14.436262},"toStop":{"stopId":"U689Z6P","nodeId":"689","name":"Florenc","lat":50.090271,"lon":14.441241},"lengthM":495.2,"bidirectional":false},"geometry":{"type":"LineString","coordinates":[[14.436259,50.090358],[14.43695,50.09057],[14.437197,50.090274],[14.437492,50.089883],[14.437356,50.089662],[14.437219,50.089441],[14.43734,50.08947],[14.437639,50.089524],[14.437801,50.089556],[14.437922,50.089585],[14.43893,50.089819],[14.439077,50.08986],[14.439271,50.089877],[14.439534,50.089964],[14.44017,50.090092],[14.441221,50.090312]]}},{"type":"Feature","properties":{"segmentId":"RL905_D1_142~480","lineId":"L905-1","routeId":"L905","mode":"bus","routeColor":"#007DA8","routeTextColor":"#FFFFFF","routeShortName":"905","routeLongName":"Sídliště Čimice - Jižní Město","fromStop":{"stopId":"U142Z3P","nodeId":"142","name":"Hlavní nádraží","lat":50.082943,"lon":14.434783},"toStop":{"stopId":"U480Z4P","nodeId":"480","name":"Masarykovo nádraží","lat":50.088272,"lon":14.432579},"lengthM":933.8,"bidirectional":false},"geometry":{"type":"LineString","coordinates":[[14.434711,50.082965],[14.435343,50.083894],[14.435603,50.084262],[14.435813,50.084335],[14.436252,50.084791],[14.436531,50.08507],[14.437105,50.085946],[14.437363,50.086259],[14.437554,50.086485],[14.437405,50.086526],[14.437344,50.086548],[14.437269,50.086569],[14.437162,50.086605],[14.43702,50.086674],[14.436898,50.086718],[14.435408,50.087221],[14.43415,50.087237],[14.432581,50.087252],[14.432536,50.088272]]}},{"type":"Feature","properties":{"segmentId":"RL905_D0_142~480","lineId":"L905-0","routeId":"L905","mode":"bus","routeColor":"#007DA8","routeTextColor":"#FFFFFF","routeShortName":"905","routeLongName":"Sídliště Čimice - Jižní Město","fromStop":{"stopId":"U480Z3P","nodeId":"480","name":"Masarykovo nádraží","lat":50.087685,"lon":14.432513},"toStop":{"stopId":"U142Z4P","nodeId":"142","name":"Hlavní nádraží","lat":50.083218,"lon":14.434601},"lengthM":814,"bidirectional":false},"geometry":{"type":"LineString","coordinates":[[14.432561,50.087686],[14.432581,50.087252],[14.43415,50.087237],[14.435408,50.087221],[14.436898,50.086718],[14.43702,50.086674],[14.437162,50.086605],[14.437074,50.086488],[14.43688,50.086208],[14.436724,50.086012],[14.435994,50.08514],[14.435844,50.084918],[14.435718,50.08478],[14.435747,50.084646],[14.43469,50.083192]]}},{"type":"Feature","properties":{"segmentId":"RL907_D1_142~480","lineId":"L907-1","routeId":"L907","mode":"bus","routeColor":"#007DA8","routeTextColor":"#FFFFFF","routeShortName":"907","routeLongName":"Terminál 1 - Baně","fromStop":{"stopId":"U142Z3P","nodeId":"142","name":"Hlavní nádraží","lat":50.082943,"lon":14.434783},"toStop":{"stopId":"U480Z4P","nodeId":"480","name":"Masarykovo nádraží","lat":50.088272,"lon":14.432579},"lengthM":933.8,"bidirectional":false},"geometry":{"type":"LineString","coordinates":[[14.434711,50.082965],[14.435343,50.083894],[14.435603,50.084262],[14.435813,50.084335],[14.436252,50.084791],[14.436531,50.08507],[14.437105,50.085946],[14.437363,50.086259],[14.437554,50.086485],[14.437405,50.086526],[14.437344,50.086548],[14.437269,50.086569],[14.437162,50.086605],[14.43702,50.086674],[14.436898,50.086718],[14.435408,50.087221],[14.43415,50.087237],[14.432581,50.087252],[14.432536,50.088272]]}},{"type":"Feature","properties":{"segmentId":"RL907_D0_142~480","lineId":"L907-0","routeId":"L907","mode":"bus","routeColor":"#007DA8","routeTextColor":"#FFFFFF","routeShortName":"907","routeLongName":"Terminál 1 - Baně","fromStop":{"stopId":"U480Z3P","nodeId":"480","name":"Masarykovo nádraží","lat":50.087685,"lon":14.432513},"toStop":{"stopId":"U142Z4P","nodeId":"142","name":"Hlavní nádraží","lat":50.083218,"lon":14.434601},"lengthM":814,"bidirectional":false},"geometry":{"type":"LineString","coordinates":[[14.432561,50.087686],[14.432581,50.087252],[14.43415,50.087237],[14.435408,50.087221],[14.436898,50.086718],[14.43702,50.086674],[14.437162,50.086605],[14.437074,50.086488],[14.43688,50.086208],[14.436724,50.086012],[14.435994,50.08514],[14.435844,50.084918],[14.435718,50.08478],[14.435747,50.084646],[14.43469,50.083192]]}},{"type":"Feature","properties":{"segmentId":"RL908_D0_142~480","lineId":"L908-0","routeId":"L908","mode":"bus","routeColor":"#007DA8","routeTextColor":"#FFFFFF","routeShortName":"908","routeLongName":"Šmukýřka - Klánovice","fromStop":{"stopId":"U142Z3P","nodeId":"142","name":"Hlavní nádraží","lat":50.082943,"lon":14.434783},"toStop":{"stopId":"U480Z4P","nodeId":"480","name":"Masarykovo nádraží","lat":50.088272,"lon":14.432579},"lengthM":933.8,"bidirectional":false},"geometry":{"type":"LineString","coordinates":[[14.434711,50.082965],[14.435343,50.083894],[14.435603,50.084262],[14.435813,50.084335],[14.436252,50.084791],[14.436531,50.08507],[14.437105,50.085946],[14.437363,50.086259],[14.437554,50.086485],[14.437405,50.086526],[14.437344,50.086548],[14.437269,50.086569],[14.437162,50.086605],[14.43702,50.086674],[14.436898,50.086718],[14.435408,50.087221],[14.43415,50.087237],[14.432581,50.087252],[14.432536,50.088272]]}},{"type":"Feature","properties":{"segmentId":"RL908_D1_142~480","lineId":"L908-1","routeId":"L908","mode":"bus","routeColor":"#007DA8","routeTextColor":"#FFFFFF","routeShortName":"908","routeLongName":"Šmukýřka - Klánovice","fromStop":{"stopId":"U480Z3P","nodeId":"480","name":"Masarykovo nádraží","lat":50.087685,"lon":14.432513},"toStop":{"stopId":"U142Z4P","nodeId":"142","name":"Hlavní nádraží","lat":50.083218,"lon":14.434601},"lengthM":814,"bidirectional":false},"geometry":{"type":"LineString","coordinates":[[14.432561,50.087686],[14.432581,50.087252],[14.43415,50.087237],[14.435408,50.087221],[14.436898,50.086718],[14.43702,50.086674],[14.437162,50.086605],[14.437074,50.086488],[14.43688,50.086208],[14.436724,50.086012],[14.435994,50.08514],[14.435844,50.084918],[14.435718,50.08478],[14.435747,50.084646],[14.43469,50.083192]]}},{"type":"Feature","properties":{"segmentId":"RL908_D0_32~689","lineId":"L908-0","routeId":"L908","mode":"bus","routeColor":"#007DA8","routeTextColor":"#FFFFFF","routeShortName":"908","routeLongName":"Šmukýřka - Klánovice","fromStop":{"stopId":"U32Z2P","nodeId":"32","name":"Bílá labuť","lat":50.090351,"lon":14.436262},"toStop":{"stopId":"U689Z6P","nodeId":"689","name":"Florenc","lat":50.090271,"lon":14.441241},"lengthM":495.2,"bidirectional":false},"geometry":{"type":"LineString","coordinates":[[14.436259,50.090358],[14.43695,50.09057],[14.437197,50.090274],[14.437492,50.089883],[14.437356,50.089662],[14.437219,50.089441],[14.43734,50.08947],[14.437639,50.089524],[14.437801,50.089556],[14.437922,50.089585],[14.43893,50.089819],[14.439077,50.08986],[14.439271,50.089877],[14.439534,50.089964],[14.44017,50.090092],[14.441221,50.090312]]}},{"type":"Feature","properties":{"segmentId":"RL908_D0_3018~689","lineId":"L908-0","routeId":"L908","mode":"bus","routeColor":"#007DA8","routeTextColor":"#FFFFFF","routeShortName":"908","routeLongName":"Šmukýřka - Klánovice","fromStop":{"stopId":"U689Z6P","nodeId":"689","name":"Florenc","lat":50.090271,"lon":14.441241},"toStop":{"stopId":"U3018Z1P","nodeId":"3018","name":"Pernerova","lat":50.088638,"lon":14.443072},"lengthM":352.5,"bidirectional":false},"geometry":{"type":"LineString","coordinates":[[14.441221,50.090312],[14.442195,50.090515],[14.442787,50.090649],[14.443236,50.089799],[14.443372,50.08943],[14.443326,50.088918],[14.443111,50.088628]]}},{"type":"Feature","properties":{"segmentId":"RL908_D1_3018~689","lineId":"L908-1","routeId":"L908","mode":"bus","routeColor":"#007DA8","routeTextColor":"#FFFFFF","routeShortName":"908","routeLongName":"Šmukýřka - Klánovice","fromStop":{"stopId":"U3018Z2P","nodeId":"3018","name":"Pernerova","lat":50.088856,"lon":14.443285},"toStop":{"stopId":"U689Z3P","nodeId":"689","name":"Florenc","lat":50.09148,"lon":14.439584},"lengthM":918.4,"bidirectional":false},"geometry":{"type":"LineString","coordinates":[[14.443282,50.088859],[14.443326,50.088919],[14.443372,50.089431],[14.443237,50.089801],[14.442787,50.09065],[14.445288,50.091225],[14.444521,50.09251],[14.442219,50.091989],[14.44199,50.091941],[14.440483,50.091599],[14.440057,50.09148],[14.439658,50.09137]]}},{"type":"Feature","properties":{"segmentId":"RL908_D0_3018~789","lineId":"L908-0","routeId":"L908","mode":"bus","routeColor":"#007DA8","routeTextColor":"#FFFFFF","routeShortName":"908","routeLongName":"Šmukýřka - Klánovice","fromStop":{"stopId":"U3018Z1P","nodeId":"3018","name":"Pernerova","lat":50.088638,"lon":14.443072},"toStop":{"stopId":"U789Z1P","nodeId":"789","name":"U Památníku","lat":50.086658,"lon":14.446676},"lengthM":402,"bidirectional":false},"geometry":{"type":"LineString","coordinates":[[14.443111,50.088628],[14.443096,50.088607],[14.443114,50.088455],[14.44328,50.08728],[14.443574,50.087225],[14.445946,50.086753],[14.446679,50.086745]]}},{"type":"Feature","properties":{"segmentId":"RL908_D1_3018~789","lineId":"L908-1","routeId":"L908","mode":"bus","routeColor":"#007DA8","routeTextColor":"#FFFFFF","routeShortName":"908","routeLongName":"Šmukýřka - Klánovice","fromStop":{"stopId":"U789Z2P","nodeId":"789","name":"U Památníku","lat":50.086918,"lon":14.445134},"toStop":{"stopId":"U3018Z2P","nodeId":"3018","name":"Pernerova","lat":50.088856,"lon":14.443285},"lengthM":317.4,"bidirectional":false},"geometry":{"type":"LineString","coordinates":[[14.445132,50.086915],[14.443574,50.087225],[14.44328,50.08728],[14.443114,50.088455],[14.443096,50.088607],[14.443282,50.088859]]}},{"type":"Feature","properties":{"segmentId":"RL908_D0_745~789","lineId":"L908-0","routeId":"L908","mode":"bus","routeColor":"#007DA8","routeTextColor":"#FFFFFF","routeShortName":"908","routeLongName":"Šmukýřka - Klánovice","fromStop":{"stopId":"U789Z1P","nodeId":"789","name":"U Památníku","lat":50.086658,"lon":14.446676},"toStop":{"stopId":"U745Z1P","nodeId":"745","name":"Tachovské náměstí","lat":50.087185,"lon":14.452273},"lengthM":406.3,"bidirectional":false},"geometry":{"type":"LineString","coordinates":[[14.446679,50.086745],[14.448321,50.086727],[14.449139,50.086727],[14.449834,50.086843],[14.451184,50.087125],[14.452192,50.087296],[14.452246,50.087301]]}},{"type":"Feature","properties":{"segmentId":"RL908_D1_745~789","lineId":"L908-1","routeId":"L908","mode":"bus","routeColor":"#007DA8","routeTextColor":"#FFFFFF","routeShortName":"908","routeLongName":"Šmukýřka - Klánovice","fromStop":{"stopId":"U745Z2P","nodeId":"745","name":"Tachovské náměstí","lat":50.087387,"lon":14.452387},"toStop":{"stopId":"U789Z2P","nodeId":"789","name":"U Památníku","lat":50.086918,"lon":14.445134},"lengthM":530.9,"bidirectional":false},"geometry":{"type":"LineString","coordinates":[[14.452404,50.087317],[14.452192,50.087296],[14.451184,50.087125],[14.449834,50.086843],[14.449139,50.086727],[14.448321,50.086727],[14.445946,50.086753],[14.445132,50.086915]]}},{"type":"Feature","properties":{"segmentId":"RL908_D0_2787~745","lineId":"L908-0","routeId":"L908","mode":"bus","routeColor":"#007DA8","routeTextColor":"#FFFFFF","routeShortName":"908","routeLongName":"Šmukýřka - Klánovice","fromStop":{"stopId":"U745Z1P","nodeId":"745","name":"Tachovské náměstí","lat":50.087185,"lon":14.452273},"toStop":{"stopId":"U2787Z1P","nodeId":"2787","name":"Lukášova","lat":50.088238,"lon":14.458384},"lengthM":460.8,"bidirectional":false},"geometry":{"type":"LineString","coordinates":[[14.452246,50.087301],[14.452937,50.087371],[14.453291,50.087366],[14.455245,50.087329],[14.456563,50.087763],[14.457675,50.088106],[14.458363,50.088273]]}},{"type":"Feature","properties":{"segmentId":"RL908_D1_2787~745","lineId":"L908-1","routeId":"L908","mode":"bus","routeColor":"#007DA8","routeTextColor":"#FFFFFF","routeShortName":"908","routeLongName":"Šmukýřka - Klánovice","fromStop":{"stopId":"U2787Z2P","nodeId":"2787","name":"Lukášova","lat":50.087906,"lon":14.456802},"toStop":{"stopId":"U745Z2P","nodeId":"745","name":"Tachovské náměstí","lat":50.087387,"lon":14.452387},"lengthM":331.2,"bidirectional":false},"geometry":{"type":"LineString","coordinates":[[14.456845,50.08785],[14.456563,50.087763],[14.455245,50.087329],[14.453291,50.087366],[14.452937,50.087371],[14.452404,50.087317]]}},{"type":"Feature","properties":{"segmentId":"RL908_D0_2787~69","lineId":"L908-0","routeId":"L908","mode":"bus","routeColor":"#007DA8","routeTextColor":"#FFFFFF","routeShortName":"908","routeLongName":"Šmukýřka - Klánovice","fromStop":{"stopId":"U2787Z1P","nodeId":"2787","name":"Lukášova","lat":50.088238,"lon":14.458384},"toStop":{"stopId":"U69Z1P","nodeId":"69","name":"Černínova","lat":50.088974,"lon":14.462293},"lengthM":291.1,"bidirectional":false},"geometry":{"type":"LineString","coordinates":[[14.458363,50.088273],[14.459727,50.088605],[14.461534,50.088928],[14.462244,50.089074]]}},{"type":"Feature","properties":{"segmentId":"RL908_D1_2787~69","lineId":"L908-1","routeId":"L908","mode":"bus","routeColor":"#007DA8","routeTextColor":"#FFFFFF","routeShortName":"908","routeLongName":"Šmukýřka - Klánovice","fromStop":{"stopId":"U69Z2P","nodeId":"69","name":"Černínova","lat":50.088955,"lon":14.461117},"toStop":{"stopId":"U2787Z2P","nodeId":"2787","name":"Lukášova","lat":50.087906,"lon":14.456802},"lengthM":328.2,"bidirectional":false},"geometry":{"type":"LineString","coordinates":[[14.461158,50.088861],[14.459727,50.088605],[14.457675,50.088106],[14.456845,50.08785]]}},{"type":"Feature","properties":{"segmentId":"RL908_D0_512~69","lineId":"L908-0","routeId":"L908","mode":"bus","routeColor":"#007DA8","routeTextColor":"#FFFFFF","routeShortName":"908","routeLongName":"Šmukýřka - Klánovice","fromStop":{"stopId":"U69Z1P","nodeId":"69","name":"Černínova","lat":50.088974,"lon":14.462293},"toStop":{"stopId":"U512Z8P","nodeId":"512","name":"Ohrada","lat":50.090092,"lon":14.466908},"lengthM":351.6,"bidirectional":false},"geometry":{"type":"LineString","coordinates":[[14.462244,50.089074],[14.463304,50.089293],[14.464863,50.089657],[14.466461,50.090034],[14.466891,50.090126]]}},{"type":"Feature","properties":{"segmentId":"RL908_D1_512~69","lineId":"L908-1","routeId":"L908","mode":"bus","routeColor":"#007DA8","routeTextColor":"#FFFFFF","routeShortName":"908","routeLongName":"Šmukýřka - Klánovice","fromStop":{"stopId":"U512Z5P","nodeId":"512","name":"Ohrada","lat":50.090221,"lon":14.466946},"toStop":{"stopId":"U69Z2P","nodeId":"69","name":"Černínova","lat":50.088955,"lon":14.461117},"lengthM":439.8,"bidirectional":false},"geometry":{"type":"LineString","coordinates":[[14.466985,50.090148],[14.466461,50.090034],[14.464863,50.089657],[14.463304,50.089293],[14.461534,50.088928],[14.461158,50.088861]]}},{"type":"Feature","properties":{"segmentId":"RL908_D0_34~512","lineId":"L908-0","routeId":"L908","mode":"bus","routeColor":"#007DA8","routeTextColor":"#FFFFFF","routeShortName":"908","routeLongName":"Šmukýřka - Klánovice","fromStop":{"stopId":"U512Z8P","nodeId":"512","name":"Ohrada","lat":50.090092,"lon":14.466908},"toStop":{"stopId":"U34Z1P","nodeId":"34","name":"Biskupcova","lat":50.088543,"lon":14.468796},"lengthM":260,"bidirectional":false},"geometry":{"type":"LineString","coordinates":[[14.466891,50.090126],[14.467244,50.090202],[14.467402,50.090189],[14.467509,50.090217],[14.467662,50.090158],[14.467832,50.090091],[14.467942,50.090037],[14.468343,50.089346],[14.468769,50.088537]]}},{"type":"Feature","properties":{"segmentId":"RL908_D1_34~512","lineId":"L908-1","routeId":"L908","mode":"bus","routeColor":"#007DA8","routeTextColor":"#FFFFFF","routeShortName":"908","routeLongName":"Šmukýřka - Klánovice","fromStop":{"stopId":"U34Z2P","nodeId":"34","name":"Biskupcova","lat":50.0891,"lon":14.468635},"toStop":{"stopId":"U512Z5P","nodeId":"512","name":"Ohrada","lat":50.090221,"lon":14.466946},"lengthM":232.4,"bidirectional":false},"geometry":{"type":"LineString","coordinates":[[14.468654,50.089104],[14.46851,50.089371],[14.468051,50.09032],[14.468018,50.090408],[14.467759,50.090367],[14.467381,50.090288],[14.467244,50.090204],[14.466985,50.090148]]}},{"type":"Feature","properties":{"segmentId":"RL908_16~34","lineId":"L908","routeId":"L908","mode":"bus","routeColor":"#007DA8","routeTextColor":"#FFFFFF","routeShortName":"908","routeLongName":"Šmukýřka - Klánovice","fromStop":{"stopId":"U34Z1P","nodeId":"34","name":"Biskupcova","lat":50.088543,"lon":14.468796},"toStop":{"stopId":"U16Z1P","nodeId":"16","name":"Basilejské náměstí","lat":50.087063,"lon":14.470554},"lengthM":255.8,"bidirectional":true},"geometry":{"type":"LineString","coordinates":[[14.468769,50.088537],[14.46884,50.088402],[14.46912,50.087883],[14.469489,50.087144],[14.469586,50.086951],[14.469754,50.086985],[14.470279,50.087077],[14.470532,50.087119]]}},{"type":"Feature","properties":{"segmentId":"RL908_D0_1064~16","lineId":"L908-0","routeId":"L908","mode":"bus","routeColor":"#007DA8","routeTextColor":"#FFFFFF","routeShortName":"908","routeLongName":"Šmukýřka - Klánovice","fromStop":{"stopId":"U16Z1P","nodeId":"16","name":"Basilejské náměstí","lat":50.087063,"lon":14.470554},"toStop":{"stopId":"U1064Z1P","nodeId":"1064","name":"Olgy Havlové","lat":50.087353,"lon":14.480074},"lengthM":706.2,"bidirectional":false},"geometry":{"type":"LineString","coordinates":[[14.470532,50.087119],[14.471905,50.087346],[14.471923,50.08732],[14.471946,50.087301],[14.471978,50.087288],[14.472032,50.08728],[14.472098,50.08728],[14.472145,50.087297],[14.47217,50.087324],[14.47219,50.087347],[14.472196,50.087374],[14.472197,50.087392],[14.472454,50.087384],[14.473605,50.087225],[14.474337,50.087162],[14.474873,50.087164],[14.476895,50.087469],[14.478566,50.087571],[14.480085,50.08746],[14.480115,50.087455]]}},{"type":"Feature","properties":{"segmentId":"RL908_D1_1064~16","lineId":"L908-1","routeId":"L908","mode":"bus","routeColor":"#007DA8","routeTextColor":"#FFFFFF","routeShortName":"908","routeLongName":"Šmukýřka - Klánovice","fromStop":{"stopId":"U1064Z2P","nodeId":"1064","name":"Olgy Havlové","lat":50.087524,"lon":14.477654},"toStop":{"stopId":"U16Z2P","nodeId":"16","name":"Basilejské náměstí","lat":50.087315,"lon":14.471287},"lengthM":475.2,"bidirectional":false},"geometry":{"type":"LineString","coordinates":[[14.477656,50.087516],[14.476895,50.087469],[14.474873,50.087164],[14.474337,50.087162],[14.473605,50.087225],[14.472454,50.087384],[14.472197,50.087392],[14.472182,50.087416],[14.472168,50.087434],[14.472148,50.087448],[14.472124,50.087462],[14.472085,50.087474],[14.472043,50.087473],[14.471998,50.087468],[14.471967,50.087461],[14.471936,50.087445],[14.471912,50.087422],[14.471901,50.087398],[14.471899,50.087377],[14.471905,50.087346],[14.471315,50.087248]]}},{"type":"Feature","properties":{"segmentId":"RL908_D0_1064~357","lineId":"L908-0","routeId":"L908","mode":"bus","routeColor":"#007DA8","routeTextColor":"#FFFFFF","routeShortName":"908","routeLongName":"Šmukýřka - Klánovice","fromStop":{"stopId":"U1064Z1P","nodeId":"1064","name":"Olgy Havlové","lat":50.087353,"lon":14.480074},"toStop":{"stopId":"U357Z1P","nodeId":"357","name":"Malešická","lat":50.086285,"lon":14.482},"lengthM":221.9,"bidirectional":false},"geometry":{"type":"LineString","coordinates":[[14.480115,50.087455],[14.480714,50.087351],[14.481719,50.087203],[14.482022,50.086288]]}},{"type":"Feature","properties":{"segmentId":"RL908_D1_1064~357","lineId":"L908-1","routeId":"L908","mode":"bus","routeColor":"#007DA8","routeTextColor":"#FFFFFF","routeShortName":"908","routeLongName":"Šmukýřka - Klánovice","fromStop":{"stopId":"U357Z2P","nodeId":"357","name":"Malešická","lat":50.086727,"lon":14.481942},"toStop":{"stopId":"U1064Z2P","nodeId":"1064","name":"Olgy Havlové","lat":50.087524,"lon":14.477654},"lengthM":349.3,"bidirectional":false},"geometry":{"type":"LineString","coordinates":[[14.481879,50.08672],[14.481719,50.087204],[14.480715,50.087352],[14.480085,50.08746],[14.478566,50.087571],[14.477656,50.087516]]}},{"type":"Feature","properties":{"segmentId":"RL908_D0_357~767","lineId":"L908-0","routeId":"L908","mode":"bus","routeColor":"#007DA8","routeTextColor":"#FFFFFF","routeShortName":"908","routeLongName":"Šmukýřka - Klánovice","fromStop":{"stopId":"U357Z1P","nodeId":"357","name":"Malešická","lat":50.086285,"lon":14.482},"toStop":{"stopId":"U767Z1P","nodeId":"767","name":"Třebešín","lat":50.083969,"lon":14.481851},"lengthM":285,"bidirectional":false},"geometry":{"type":"LineString","coordinates":[[14.482022,50.086288],[14.482232,50.085652],[14.48234,50.085344],[14.482352,50.085291],[14.482141,50.08491],[14.482015,50.084918],[14.481917,50.084882],[14.48182,50.084801],[14.481756,50.084698],[14.481756,50.084608],[14.481809,50.08454],[14.481908,50.084486],[14.481819,50.084282],[14.481912,50.083976]]}},{"type":"Feature","properties":{"segmentId":"RL908_D1_357~767","lineId":"L908-1","routeId":"L908","mode":"bus","routeColor":"#007DA8","routeTextColor":"#FFFFFF","routeShortName":"908","routeLongName":"Šmukýřka - Klánovice","fromStop":{"stopId":"U767Z2P","nodeId":"767","name":"Třebešín","lat":50.084244,"lon":14.481951},"toStop":{"stopId":"U357Z2P","nodeId":"357","name":"Malešická","lat":50.086727,"lon":14.481942},"lengthM":300.9,"bidirectional":false},"geometry":{"type":"LineString","coordinates":[[14.481835,50.084229],[14.481819,50.084282],[14.481908,50.084487],[14.482015,50.084497],[14.482126,50.084532],[14.482196,50.084589],[14.48223,50.084658],[14.482257,50.084755],[14.482238,50.084848],[14.482141,50.08491],[14.482352,50.085291],[14.48234,50.085344],[14.482232,50.085652],[14.481879,50.08672]]}},{"type":"Feature","properties":{"segmentId":"RL908_418~767","lineId":"L908","routeId":"L908","mode":"bus","routeColor":"#007DA8","routeTextColor":"#FFFFFF","routeShortName":"908","routeLongName":"Šmukýřka - Klánovice","fromStop":{"stopId":"U767Z1P","nodeId":"767","name":"Třebešín","lat":50.083969,"lon":14.481851},"toStop":{"stopId":"U418Z1P","nodeId":"418","name":"Na Palouku","lat":50.080334,"lon":14.488761},"lengthM":789.4,"bidirectional":true},"geometry":{"type":"LineString","coordinates":[[14.481912,50.083976],[14.482005,50.083672],[14.482085,50.083425],[14.48223,50.083075],[14.48259,50.082244],[14.482785,50.081989],[14.483169,50.081778],[14.483633,50.081719],[14.484203,50.081688],[14.485515,50.081621],[14.487316,50.081508],[14.487415,50.081108],[14.487555,50.080385],[14.487583,50.080252],[14.488752,50.080373]]}},{"type":"Feature","properties":{"segmentId":"RL909_D1_418~767","lineId":"L909-1","routeId":"L909","mode":"bus","routeColor":"#007DA8","routeTextColor":"#FFFFFF","routeShortName":"909","routeLongName":"Suchdol - Sídliště Rohožník","fromStop":{"stopId":"U418Z2P","nodeId":"418","name":"Na Palouku","lat":50.080402,"lon":14.488588},"toStop":{"stopId":"U767Z2P","nodeId":"767","name":"Třebešín","lat":50.084244,"lon":14.481951},"lengthM":807.1,"bidirectional":false},"geometry":{"type":"LineString","coordinates":[[14.4886,50.080357],[14.487583,50.080252],[14.487555,50.080385],[14.487415,50.081108],[14.487316,50.081508],[14.485515,50.081621],[14.484203,50.081688],[14.483633,50.081719],[14.483169,50.081778],[14.482785,50.081989],[14.48259,50.082244],[14.48223,50.083075],[14.482085,50.083425],[14.482005,50.083672],[14.481835,50.084229]]}},{"type":"Feature","properties":{"segmentId":"RL909_D1_357~767","lineId":"L909-1","routeId":"L909","mode":"bus","routeColor":"#007DA8","routeTextColor":"#FFFFFF","routeShortName":"909","routeLongName":"Suchdol - Sídliště Rohožník","fromStop":{"stopId":"U767Z2P","nodeId":"767","name":"Třebešín","lat":50.084244,"lon":14.481951},"toStop":{"stopId":"U357Z2P","nodeId":"357","name":"Malešická","lat":50.086727,"lon":14.481942},"lengthM":300.9,"bidirectional":false},"geometry":{"type":"LineString","coordinates":[[14.481835,50.084229],[14.481819,50.084282],[14.481908,50.084487],[14.482015,50.084497],[14.482126,50.084532],[14.482196,50.084589],[14.48223,50.084658],[14.482257,50.084755],[14.482238,50.084848],[14.482141,50.08491],[14.482352,50.085291],[14.48234,50.085344],[14.482232,50.085652],[14.481879,50.08672]]}},{"type":"Feature","properties":{"segmentId":"RL909_D1_1064~357","lineId":"L909-1","routeId":"L909","mode":"bus","routeColor":"#007DA8","routeTextColor":"#FFFFFF","routeShortName":"909","routeLongName":"Suchdol - Sídliště Rohožník","fromStop":{"stopId":"U357Z2P","nodeId":"357","name":"Malešická","lat":50.086727,"lon":14.481942},"toStop":{"stopId":"U1064Z2P","nodeId":"1064","name":"Olgy Havlové","lat":50.087524,"lon":14.477654},"lengthM":349.3,"bidirectional":false},"geometry":{"type":"LineString","coordinates":[[14.481879,50.08672],[14.481719,50.087204],[14.480715,50.087352],[14.480085,50.08746],[14.478566,50.087571],[14.477656,50.087516]]}},{"type":"Feature","properties":{"segmentId":"RL909_D1_1064~16","lineId":"L909-1","routeId":"L909","mode":"bus","routeColor":"#007DA8","routeTextColor":"#FFFFFF","routeShortName":"909","routeLongName":"Suchdol - Sídliště Rohožník","fromStop":{"stopId":"U1064Z2P","nodeId":"1064","name":"Olgy Havlové","lat":50.087524,"lon":14.477654},"toStop":{"stopId":"U16Z2P","nodeId":"16","name":"Basilejské náměstí","lat":50.087315,"lon":14.471287},"lengthM":475.2,"bidirectional":false},"geometry":{"type":"LineString","coordinates":[[14.477656,50.087516],[14.476895,50.087469],[14.474873,50.087164],[14.474337,50.087162],[14.473605,50.087225],[14.472454,50.087384],[14.472197,50.087392],[14.472182,50.087416],[14.472168,50.087434],[14.472148,50.087448],[14.472124,50.087462],[14.472085,50.087474],[14.472043,50.087473],[14.471998,50.087468],[14.471967,50.087461],[14.471936,50.087445],[14.471912,50.087422],[14.471901,50.087398],[14.471899,50.087377],[14.471905,50.087346],[14.471315,50.087248]]}},{"type":"Feature","properties":{"segmentId":"RL909_D1_16~34","lineId":"L909-1","routeId":"L909","mode":"bus","routeColor":"#007DA8","routeTextColor":"#FFFFFF","routeShortName":"909","routeLongName":"Suchdol - Sídliště Rohožník","fromStop":{"stopId":"U16Z2P","nodeId":"16","name":"Basilejské náměstí","lat":50.087315,"lon":14.471287},"toStop":{"stopId":"U34Z2P","nodeId":"34","name":"Biskupcova","lat":50.0891,"lon":14.468635},"lengthM":363.5,"bidirectional":false},"geometry":{"type":"LineString","coordinates":[[14.471315,50.087248],[14.470279,50.087077],[14.469754,50.086985],[14.46965,50.087185],[14.469279,50.087933],[14.469018,50.088427],[14.468654,50.089104]]}},{"type":"Feature","properties":{"segmentId":"RL909_D1_34~512","lineId":"L909-1","routeId":"L909","mode":"bus","routeColor":"#007DA8","routeTextColor":"#FFFFFF","routeShortName":"909","routeLongName":"Suchdol - Sídliště Rohožník","fromStop":{"stopId":"U34Z2P","nodeId":"34","name":"Biskupcova","lat":50.0891,"lon":14.468635},"toStop":{"stopId":"U512Z5P","nodeId":"512","name":"Ohrada","lat":50.090221,"lon":14.466946},"lengthM":232.4,"bidirectional":false},"geometry":{"type":"LineString","coordinates":[[14.468654,50.089104],[14.46851,50.089371],[14.468051,50.09032],[14.468018,50.090408],[14.467759,50.090367],[14.467381,50.090288],[14.467244,50.090204],[14.466985,50.090148]]}},{"type":"Feature","properties":{"segmentId":"RL909_D1_512~69","lineId":"L909-1","routeId":"L909","mode":"bus","routeColor":"#007DA8","routeTextColor":"#FFFFFF","routeShortName":"909","routeLongName":"Suchdol - Sídliště Rohožník","fromStop":{"stopId":"U512Z5P","nodeId":"512","name":"Ohrada","lat":50.090221,"lon":14.466946},"toStop":{"stopId":"U69Z2P","nodeId":"69","name":"Černínova","lat":50.088955,"lon":14.461117},"lengthM":439.8,"bidirectional":false},"geometry":{"type":"LineString","coordinates":[[14.466985,50.090148],[14.466461,50.090034],[14.464863,50.089657],[14.463304,50.089293],[14.461534,50.088928],[14.461158,50.088861]]}},{"type":"Feature","properties":{"segmentId":"RL909_D1_2787~69","lineId":"L909-1","routeId":"L909","mode":"bus","routeColor":"#007DA8","routeTextColor":"#FFFFFF","routeShortName":"909","routeLongName":"Suchdol - Sídliště Rohožník","fromStop":{"stopId":"U69Z2P","nodeId":"69","name":"Černínova","lat":50.088955,"lon":14.461117},"toStop":{"stopId":"U2787Z2P","nodeId":"2787","name":"Lukášova","lat":50.087906,"lon":14.456802},"lengthM":328.2,"bidirectional":false},"geometry":{"type":"LineString","coordinates":[[14.461158,50.088861],[14.459727,50.088605],[14.457675,50.088106],[14.456845,50.08785]]}},{"type":"Feature","properties":{"segmentId":"RL909_D1_2787~745","lineId":"L909-1","routeId":"L909","mode":"bus","routeColor":"#007DA8","routeTextColor":"#FFFFFF","routeShortName":"909","routeLongName":"Suchdol - Sídliště Rohožník","fromStop":{"stopId":"U2787Z2P","nodeId":"2787","name":"Lukášova","lat":50.087906,"lon":14.456802},"toStop":{"stopId":"U745Z2P","nodeId":"745","name":"Tachovské náměstí","lat":50.087387,"lon":14.452387},"lengthM":331.2,"bidirectional":false},"geometry":{"type":"LineString","coordinates":[[14.456845,50.08785],[14.456563,50.087763],[14.455245,50.087329],[14.453291,50.087366],[14.452937,50.087371],[14.452404,50.087317]]}},{"type":"Feature","properties":{"segmentId":"RL909_D1_745~789","lineId":"L909-1","routeId":"L909","mode":"bus","routeColor":"#007DA8","routeTextColor":"#FFFFFF","routeShortName":"909","routeLongName":"Suchdol - Sídliště Rohožník","fromStop":{"stopId":"U745Z2P","nodeId":"745","name":"Tachovské náměstí","lat":50.087387,"lon":14.452387},"toStop":{"stopId":"U789Z2P","nodeId":"789","name":"U Památníku","lat":50.086918,"lon":14.445134},"lengthM":530.9,"bidirectional":false},"geometry":{"type":"LineString","coordinates":[[14.452404,50.087317],[14.452192,50.087296],[14.451184,50.087125],[14.449834,50.086843],[14.449139,50.086727],[14.448321,50.086727],[14.445946,50.086753],[14.445132,50.086915]]}},{"type":"Feature","properties":{"segmentId":"RL909_D1_3018~789","lineId":"L909-1","routeId":"L909","mode":"bus","routeColor":"#007DA8","routeTextColor":"#FFFFFF","routeShortName":"909","routeLongName":"Suchdol - Sídliště Rohožník","fromStop":{"stopId":"U789Z2P","nodeId":"789","name":"U Památníku","lat":50.086918,"lon":14.445134},"toStop":{"stopId":"U3018Z2P","nodeId":"3018","name":"Pernerova","lat":50.088856,"lon":14.443285},"lengthM":317.4,"bidirectional":false},"geometry":{"type":"LineString","coordinates":[[14.445132,50.086915],[14.443574,50.087225],[14.44328,50.08728],[14.443114,50.088455],[14.443096,50.088607],[14.443282,50.088859]]}},{"type":"Feature","properties":{"segmentId":"RL909_D1_3018~689","lineId":"L909-1","routeId":"L909","mode":"bus","routeColor":"#007DA8","routeTextColor":"#FFFFFF","routeShortName":"909","routeLongName":"Suchdol - Sídliště Rohožník","fromStop":{"stopId":"U3018Z2P","nodeId":"3018","name":"Pernerova","lat":50.088856,"lon":14.443285},"toStop":{"stopId":"U689Z3P","nodeId":"689","name":"Florenc","lat":50.09148,"lon":14.439584},"lengthM":918.4,"bidirectional":false},"geometry":{"type":"LineString","coordinates":[[14.443282,50.088859],[14.443326,50.088919],[14.443372,50.089431],[14.443237,50.089801],[14.442787,50.09065],[14.445288,50.091225],[14.444521,50.09251],[14.442219,50.091989],[14.44199,50.091941],[14.440483,50.091599],[14.440057,50.09148],[14.439658,50.09137]]}},{"type":"Feature","properties":{"segmentId":"RL911_D1_142~480","lineId":"L911-1","routeId":"L911","mode":"bus","routeColor":"#007DA8","routeTextColor":"#FFFFFF","routeShortName":"911","routeLongName":"Sídliště Čakovice - Nádraží Hostivař","fromStop":{"stopId":"U142Z3P","nodeId":"142","name":"Hlavní nádraží","lat":50.082943,"lon":14.434783},"toStop":{"stopId":"U480Z4P","nodeId":"480","name":"Masarykovo nádraží","lat":50.088272,"lon":14.432579},"lengthM":933.8,"bidirectional":false},"geometry":{"type":"LineString","coordinates":[[14.434711,50.082965],[14.435343,50.083894],[14.435603,50.084262],[14.435813,50.084335],[14.436252,50.084791],[14.436531,50.08507],[14.437105,50.085946],[14.437363,50.086259],[14.437554,50.086485],[14.437405,50.086526],[14.437344,50.086548],[14.437269,50.086569],[14.437162,50.086605],[14.43702,50.086674],[14.436898,50.086718],[14.435408,50.087221],[14.43415,50.087237],[14.432581,50.087252],[14.432536,50.088272]]}},{"type":"Feature","properties":{"segmentId":"RL911_D0_142~480","lineId":"L911-0","routeId":"L911","mode":"bus","routeColor":"#007DA8","routeTextColor":"#FFFFFF","routeShortName":"911","routeLongName":"Sídliště Čakovice - Nádraží Hostivař","fromStop":{"stopId":"U480Z3P","nodeId":"480","name":"Masarykovo nádraží","lat":50.087685,"lon":14.432513},"toStop":{"stopId":"U142Z4P","nodeId":"142","name":"Hlavní nádraží","lat":50.083218,"lon":14.434601},"lengthM":814,"bidirectional":false},"geometry":{"type":"LineString","coordinates":[[14.432561,50.087686],[14.432581,50.087252],[14.43415,50.087237],[14.435408,50.087221],[14.436898,50.086718],[14.43702,50.086674],[14.437162,50.086605],[14.437074,50.086488],[14.43688,50.086208],[14.436724,50.086012],[14.435994,50.08514],[14.435844,50.084918],[14.435718,50.08478],[14.435747,50.084646],[14.43469,50.083192]]}},{"type":"Feature","properties":{"segmentId":"RL913_D1_518~855","lineId":"L913-1","routeId":"L913","mode":"bus","routeColor":"#007DA8","routeTextColor":"#FFFFFF","routeShortName":"913","routeLongName":"Dolní Chabry - Točná","fromStop":{"stopId":"U855Z2P","nodeId":"855","name":"Vlašimská","lat":50.074299,"lon":14.4664},"toStop":{"stopId":"U518Z4P","nodeId":"518","name":"Orionka","lat":50.075565,"lon":14.460084},"lengthM":614.2,"bidirectional":false},"geometry":{"type":"LineString","coordinates":[[14.466392,50.074262],[14.464321,50.074454],[14.461906,50.074667],[14.459886,50.075015],[14.459488,50.075098],[14.459372,50.075179],[14.459332,50.075366],[14.459254,50.075531],[14.460084,50.075568]]}},{"type":"Feature","properties":{"segmentId":"RL913_D0_518~855","lineId":"L913-0","routeId":"L913","mode":"bus","routeColor":"#007DA8","routeTextColor":"#FFFFFF","routeShortName":"913","routeLongName":"Dolní Chabry - Točná","fromStop":{"stopId":"U518Z3P","nodeId":"518","name":"Orionka","lat":50.075935,"lon":14.459101},"toStop":{"stopId":"U855Z1P","nodeId":"855","name":"Vlašimská","lat":50.074486,"lon":14.463684},"lengthM":406.1,"bidirectional":false},"geometry":{"type":"LineString","coordinates":[[14.459098,50.075934],[14.459254,50.075531],[14.459332,50.075366],[14.459372,50.075179],[14.459488,50.075098],[14.459886,50.075015],[14.461906,50.074667],[14.463689,50.074509]]}},{"type":"Feature","properties":{"segmentId":"RL913_D1_118~518","lineId":"L913-1","routeId":"L913","mode":"bus","routeColor":"#007DA8","routeTextColor":"#FFFFFF","routeShortName":"913","routeLongName":"Dolní Chabry - Točná","fromStop":{"stopId":"U518Z4P","nodeId":"518","name":"Orionka","lat":50.075565,"lon":14.460084},"toStop":{"stopId":"U118Z3P","nodeId":"118","name":"Flora","lat":50.078342,"lon":14.460897},"lengthM":415.3,"bidirectional":false},"geometry":{"type":"LineString","coordinates":[[14.460084,50.075568],[14.460484,50.075585],[14.460887,50.075612],[14.46164,50.075651],[14.461253,50.076806],[14.460955,50.077741],[14.460895,50.07789],[14.460748,50.078323]]}},{"type":"Feature","properties":{"segmentId":"RL913_D0_118~518","lineId":"L913-0","routeId":"L913","mode":"bus","routeColor":"#007DA8","routeTextColor":"#FFFFFF","routeShortName":"913","routeLongName":"Dolní Chabry - Točná","fromStop":{"stopId":"U118Z4P","nodeId":"118","name":"Flora","lat":50.07832,"lon":14.460634},"toStop":{"stopId":"U518Z3P","nodeId":"518","name":"Orionka","lat":50.075935,"lon":14.459101},"lengthM":435.9,"bidirectional":false},"geometry":{"type":"LineString","coordinates":[[14.460743,50.078337],[14.460895,50.07789],[14.459575,50.077801],[14.458392,50.077724],[14.458459,50.077612],[14.458818,50.076654],[14.459098,50.075934]]}},{"type":"Feature","properties":{"segmentId":"RL913_D1_118~516","lineId":"L913-1","routeId":"L913","mode":"bus","routeColor":"#007DA8","routeTextColor":"#FFFFFF","routeShortName":"913","routeLongName":"Dolní Chabry - Točná","fromStop":{"stopId":"U118Z3P","nodeId":"118","name":"Flora","lat":50.078342,"lon":14.460897},"toStop":{"stopId":"U516Z4P","nodeId":"516","name":"Olšanské náměstí","lat":50.083141,"lon":14.458678},"lengthM":558.3,"bidirectional":false},"geometry":{"type":"LineString","coordinates":[[14.460748,50.078323],[14.460595,50.078771],[14.460326,50.079637],[14.459744,50.08131],[14.459441,50.082136],[14.459132,50.082463],[14.459087,50.082541],[14.458942,50.082691],[14.458809,50.082852],[14.45857,50.083101]]}},{"type":"Feature","properties":{"segmentId":"RL913_D0_118~516","lineId":"L913-0","routeId":"L913","mode":"bus","routeColor":"#007DA8","routeTextColor":"#FFFFFF","routeShortName":"913","routeLongName":"Dolní Chabry - Točná","fromStop":{"stopId":"U516Z3P","nodeId":"516","name":"Olšanské náměstí","lat":50.082302,"lon":14.459234},"toStop":{"stopId":"U118Z4P","nodeId":"118","name":"Flora","lat":50.07832,"lon":14.460634},"lengthM":456,"bidirectional":false},"geometry":{"type":"LineString","coordinates":[[14.459271,50.082316],[14.459441,50.082136],[14.459744,50.08131],[14.460326,50.079637],[14.460595,50.078771],[14.460743,50.078337]]}},{"type":"Feature","properties":{"segmentId":"RL913_D1_516~743","lineId":"L913-1","routeId":"L913","mode":"bus","routeColor":"#007DA8","routeTextColor":"#FFFFFF","routeShortName":"913","routeLongName":"Dolní Chabry - Točná","fromStop":{"stopId":"U516Z4P","nodeId":"516","name":"Olšanské náměstí","lat":50.083141,"lon":14.458678},"toStop":{"stopId":"U743Z1P","nodeId":"743","name":"Rokycanova","lat":50.08622,"lon":14.45553},"lengthM":444.8,"bidirectional":false},"geometry":{"type":"LineString","coordinates":[[14.45857,50.083101],[14.458247,50.083438],[14.45757,50.083968],[14.456489,50.084472],[14.455591,50.084846],[14.455605,50.085247],[14.455467,50.08596],[14.455429,50.086214]]}},{"type":"Feature","properties":{"segmentId":"RL913_D0_516~743","lineId":"L913-0","routeId":"L913","mode":"bus","routeColor":"#007DA8","routeTextColor":"#FFFFFF","routeShortName":"913","routeLongName":"Dolní Chabry - Točná","fromStop":{"stopId":"U743Z2P","nodeId":"743","name":"Rokycanova","lat":50.086117,"lon":14.455434},"toStop":{"stopId":"U516Z3P","nodeId":"516","name":"Olšanské náměstí","lat":50.082302,"lon":14.459234},"lengthM":534.9,"bidirectional":false},"geometry":{"type":"LineString","coordinates":[[14.455443,50.086119],[14.455467,50.08596],[14.455605,50.085247],[14.455591,50.084846],[14.456489,50.084472],[14.45757,50.083968],[14.458247,50.083438],[14.458809,50.082852],[14.458942,50.082691],[14.459087,50.082541],[14.459132,50.082463],[14.459271,50.082316]]}},{"type":"Feature","properties":{"segmentId":"RL913_D1_2787~743","lineId":"L913-1","routeId":"L913","mode":"bus","routeColor":"#007DA8","routeTextColor":"#FFFFFF","routeShortName":"913","routeLongName":"Dolní Chabry - Točná","fromStop":{"stopId":"U743Z1P","nodeId":"743","name":"Rokycanova","lat":50.08622,"lon":14.45553},"toStop":{"stopId":"U2787Z1P","nodeId":"2787","name":"Lukášova","lat":50.088238,"lon":14.458384},"lengthM":370.9,"bidirectional":false},"geometry":{"type":"LineString","coordinates":[[14.455429,50.086214],[14.455366,50.086632],[14.455245,50.087329],[14.456563,50.087763],[14.457675,50.088106],[14.458363,50.088273]]}},{"type":"Feature","properties":{"segmentId":"RL913_D0_2787~743","lineId":"L913-0","routeId":"L913","mode":"bus","routeColor":"#007DA8","routeTextColor":"#FFFFFF","routeShortName":"913","routeLongName":"Dolní Chabry - Točná","fromStop":{"stopId":"U2787Z2P","nodeId":"2787","name":"Lukášova","lat":50.087906,"lon":14.456802},"toStop":{"stopId":"U743Z2P","nodeId":"743","name":"Rokycanova","lat":50.086117,"lon":14.455434},"lengthM":263.3,"bidirectional":false},"geometry":{"type":"LineString","coordinates":[[14.456845,50.08785],[14.456563,50.087763],[14.455245,50.087329],[14.455366,50.086632],[14.455443,50.086119]]}},{"type":"Feature","properties":{"segmentId":"RL913_D1_2787~69","lineId":"L913-1","routeId":"L913","mode":"bus","routeColor":"#007DA8","routeTextColor":"#FFFFFF","routeShortName":"913","routeLongName":"Dolní Chabry - Točná","fromStop":{"stopId":"U2787Z1P","nodeId":"2787","name":"Lukášova","lat":50.088238,"lon":14.458384},"toStop":{"stopId":"U69Z1P","nodeId":"69","name":"Černínova","lat":50.088974,"lon":14.462293},"lengthM":291.1,"bidirectional":false},"geometry":{"type":"LineString","coordinates":[[14.458363,50.088273],[14.459727,50.088605],[14.461534,50.088928],[14.462244,50.089074]]}},{"type":"Feature","properties":{"segmentId":"RL913_D0_2787~69","lineId":"L913-0","routeId":"L913","mode":"bus","routeColor":"#007DA8","routeTextColor":"#FFFFFF","routeShortName":"913","routeLongName":"Dolní Chabry - Točná","fromStop":{"stopId":"U69Z2P","nodeId":"69","name":"Černínova","lat":50.088955,"lon":14.461117},"toStop":{"stopId":"U2787Z2P","nodeId":"2787","name":"Lukášova","lat":50.087906,"lon":14.456802},"lengthM":328.2,"bidirectional":false},"geometry":{"type":"LineString","coordinates":[[14.461158,50.088861],[14.459727,50.088605],[14.457675,50.088106],[14.456845,50.08785]]}},{"type":"Feature","properties":{"segmentId":"RL913_D1_512~69","lineId":"L913-1","routeId":"L913","mode":"bus","routeColor":"#007DA8","routeTextColor":"#FFFFFF","routeShortName":"913","routeLongName":"Dolní Chabry - Točná","fromStop":{"stopId":"U69Z1P","nodeId":"69","name":"Černínova","lat":50.088974,"lon":14.462293},"toStop":{"stopId":"U512Z10P","nodeId":"512","name":"Ohrada","lat":50.089973,"lon":14.466343},"lengthM":309.1,"bidirectional":false},"geometry":{"type":"LineString","coordinates":[[14.462244,50.089074],[14.463304,50.089293],[14.464863,50.089657],[14.466328,50.090002]]}},{"type":"Feature","properties":{"segmentId":"RL913_D0_512~69","lineId":"L913-0","routeId":"L913","mode":"bus","routeColor":"#007DA8","routeTextColor":"#FFFFFF","routeShortName":"913","routeLongName":"Dolní Chabry - Točná","fromStop":{"stopId":"U512Z5P","nodeId":"512","name":"Ohrada","lat":50.090221,"lon":14.466946},"toStop":{"stopId":"U69Z2P","nodeId":"69","name":"Černínova","lat":50.088955,"lon":14.461117},"lengthM":439.7,"bidirectional":false},"geometry":{"type":"LineString","coordinates":[[14.466985,50.090147],[14.466461,50.090034],[14.464863,50.089657],[14.463304,50.089293],[14.461534,50.088928],[14.461158,50.088861]]}},{"type":"Feature","properties":{"segmentId":"RL913_D1_1074~512","lineId":"L913-1","routeId":"L913","mode":"bus","routeColor":"#007DA8","routeTextColor":"#FFFFFF","routeShortName":"913","routeLongName":"Dolní Chabry - Točná","fromStop":{"stopId":"U512Z10P","nodeId":"512","name":"Ohrada","lat":50.089973,"lon":14.466343},"toStop":{"stopId":"U1074Z3P","nodeId":"1074","name":"Krejcárek","lat":50.095749,"lon":14.476725},"lengthM":1026.8,"bidirectional":false},"geometry":{"type":"LineString","coordinates":[[14.466328,50.090002],[14.466462,50.090035],[14.467244,50.090204],[14.467402,50.09019],[14.467509,50.090218],[14.467804,50.090289],[14.468051,50.09032],[14.468018,50.090408],[14.468033,50.090673],[14.468135,50.09079],[14.468539,50.091407],[14.468635,50.091552],[14.468739,50.09166],[14.469047,50.091869],[14.469458,50.09206],[14.469801,50.092172],[14.471111,50.092577],[14.472092,50.093009],[14.472864,50.093421],[14.473193,50.093668],[14.473516,50.094005],[14.474049,50.094415],[14.475833,50.09538],[14.476618,50.095803],[14.476642,50.095815]]}},{"type":"Feature","properties":{"segmentId":"RL913_D1_1074~763","lineId":"L913-1","routeId":"L913","mode":"bus","routeColor":"#007DA8","routeTextColor":"#FFFFFF","routeShortName":"913","routeLongName":"Dolní Chabry - Točná","fromStop":{"stopId":"U1074Z3P","nodeId":"1074","name":"Krejcárek","lat":50.095749,"lon":14.476725},"toStop":{"stopId":"U763Z1P","nodeId":"763","name":"Odlehlá","lat":50.098202,"lon":14.481534},"lengthM":442,"bidirectional":false},"geometry":{"type":"LineString","coordinates":[[14.476642,50.095815],[14.476783,50.095889],[14.477009,50.096018],[14.477443,50.096301],[14.477753,50.096501],[14.478437,50.096933],[14.478526,50.096977],[14.4787,50.09702],[14.478833,50.097058],[14.479198,50.097136],[14.479835,50.097455],[14.481462,50.098262]]}},{"type":"Feature","properties":{"segmentId":"RL913_D1_678~763","lineId":"L913-1","routeId":"L913","mode":"bus","routeColor":"#007DA8","routeTextColor":"#FFFFFF","routeShortName":"913","routeLongName":"Dolní Chabry - Točná","fromStop":{"stopId":"U763Z1P","nodeId":"763","name":"Odlehlá","lat":50.098202,"lon":14.481534},"toStop":{"stopId":"U678Z1P","nodeId":"678","name":"Skloněná","lat":50.100216,"lon":14.486826},"lengthM":454,"bidirectional":false},"geometry":{"type":"LineString","coordinates":[[14.481462,50.098262],[14.48166,50.09836],[14.483702,50.099438],[14.484848,50.10002],[14.485021,50.100071],[14.48682,50.100243]]}},{"type":"Feature","properties":{"segmentId":"RL913_D0_13~225","lineId":"L913-0","routeId":"L913","mode":"bus","routeColor":"#007DA8","routeTextColor":"#FFFFFF","routeShortName":"913","routeLongName":"Dolní Chabry - Točná","fromStop":{"stopId":"U225Z1P","nodeId":"225","name":"K Žižkovu","lat":50.09959,"lon":14.496417},"toStop":{"stopId":"U13Z2P","nodeId":"13","name":"Balkán","lat":50.094204,"lon":14.496226},"lengthM":818.5,"bidirectional":false},"geometry":{"type":"LineString","coordinates":[[14.496432,50.099547],[14.494029,50.099239],[14.493556,50.099143],[14.493405,50.099057],[14.493792,50.098828],[14.494708,50.097901],[14.495515,50.097092],[14.495716,50.09681],[14.495811,50.096564],[14.495834,50.095659],[14.495971,50.094945],[14.496225,50.094214],[14.49623,50.094206]]}},{"type":"Feature","properties":{"segmentId":"RL913_D0_13~266","lineId":"L913-0","routeId":"L913","mode":"bus","routeColor":"#007DA8","routeTextColor":"#FFFFFF","routeShortName":"913","routeLongName":"Dolní Chabry - Točná","fromStop":{"stopId":"U13Z2P","nodeId":"13","name":"Balkán","lat":50.094204,"lon":14.496226},"toStop":{"stopId":"U266Z4P","nodeId":"266","name":"Kněžská luka","lat":50.092148,"lon":14.494388},"lengthM":513.8,"bidirectional":false},"geometry":{"type":"LineString","coordinates":[[14.496225,50.094214],[14.49623,50.094206],[14.496753,50.093389],[14.49685,50.093262],[14.496938,50.093179],[14.497079,50.092982],[14.497413,50.092603],[14.497775,50.092163],[14.497758,50.092044],[14.497672,50.091982],[14.497488,50.09192],[14.494671,50.092099],[14.494383,50.092119]]}},{"type":"Feature","properties":{"segmentId":"RL913_D0_266~512","lineId":"L913-0","routeId":"L913","mode":"bus","routeColor":"#007DA8","routeTextColor":"#FFFFFF","routeShortName":"913","routeLongName":"Dolní Chabry - Točná","fromStop":{"stopId":"U266Z4P","nodeId":"266","name":"Kněžská luka","lat":50.092148,"lon":14.494388},"toStop":{"stopId":"U512Z5P","nodeId":"512","name":"Ohrada","lat":50.090221,"lon":14.466946},"lengthM":1991.4,"bidirectional":false},"geometry":{"type":"LineString","coordinates":[[14.494383,50.092119],[14.492696,50.092234],[14.491376,50.092336],[14.490053,50.092455],[14.489188,50.092543],[14.488279,50.092572],[14.486681,50.092594],[14.486299,50.092597],[14.48433,50.092569],[14.482827,50.092473],[14.481292,50.092329],[14.479721,50.092154],[14.478121,50.091986],[14.476562,50.091822],[14.475044,50.091661],[14.473478,50.091396],[14.472405,50.091202],[14.470612,50.09088],[14.469497,50.090682],[14.468466,50.090492],[14.468018,50.090407],[14.467759,50.090366],[14.467381,50.090287],[14.467244,50.090202],[14.466985,50.090147]]}},{"type":"Feature","properties":{"segmentId":"RL914_D0_13~225","lineId":"L914-0","routeId":"L914","mode":"bus","routeColor":"#007DA8","routeTextColor":"#FFFFFF","routeShortName":"914","routeLongName":"Smíchovské nádraží - Vinoř","fromStop":{"stopId":"U225Z1P","nodeId":"225","name":"K Žižkovu","lat":50.09959,"lon":14.496417},"toStop":{"stopId":"U13Z2P","nodeId":"13","name":"Balkán","lat":50.094204,"lon":14.496226},"lengthM":818.5,"bidirectional":false},"geometry":{"type":"LineString","coordinates":[[14.496432,50.099547],[14.494029,50.099239],[14.493556,50.099143],[14.493405,50.099057],[14.493792,50.098828],[14.494708,50.097901],[14.495515,50.097092],[14.495716,50.09681],[14.495811,50.096564],[14.495834,50.095659],[14.495971,50.094945],[14.496225,50.094214],[14.49623,50.094206]]}},{"type":"Feature","properties":{"segmentId":"RL914_D0_13~266","lineId":"L914-0","routeId":"L914","mode":"bus","routeColor":"#007DA8","routeTextColor":"#FFFFFF","routeShortName":"914","routeLongName":"Smíchovské nádraží - Vinoř","fromStop":{"stopId":"U13Z2P","nodeId":"13","name":"Balkán","lat":50.094204,"lon":14.496226},"toStop":{"stopId":"U266Z4P","nodeId":"266","name":"Kněžská luka","lat":50.092148,"lon":14.494388},"lengthM":513.8,"bidirectional":false},"geometry":{"type":"LineString","coordinates":[[14.496225,50.094214],[14.49623,50.094206],[14.496753,50.093389],[14.49685,50.093262],[14.496938,50.093179],[14.497079,50.092982],[14.497413,50.092603],[14.497775,50.092163],[14.497758,50.092044],[14.497672,50.091982],[14.497488,50.09192],[14.494671,50.092099],[14.494383,50.092119]]}},{"type":"Feature","properties":{"segmentId":"RL914_D0_266~512","lineId":"L914-0","routeId":"L914","mode":"bus","routeColor":"#007DA8","routeTextColor":"#FFFFFF","routeShortName":"914","routeLongName":"Smíchovské nádraží - Vinoř","fromStop":{"stopId":"U266Z4P","nodeId":"266","name":"Kněžská luka","lat":50.092148,"lon":14.494388},"toStop":{"stopId":"U512Z5P","nodeId":"512","name":"Ohrada","lat":50.090221,"lon":14.466946},"lengthM":1991.4,"bidirectional":false},"geometry":{"type":"LineString","coordinates":[[14.494383,50.092119],[14.492696,50.092234],[14.491376,50.092336],[14.490053,50.092455],[14.489188,50.092543],[14.488279,50.092572],[14.486681,50.092594],[14.486299,50.092597],[14.48433,50.092569],[14.482827,50.092473],[14.481292,50.092329],[14.479721,50.092154],[14.478121,50.091986],[14.476562,50.091822],[14.475044,50.091661],[14.473478,50.091396],[14.472405,50.091202],[14.470612,50.09088],[14.469497,50.090682],[14.468466,50.090492],[14.468018,50.090407],[14.467759,50.090366],[14.467381,50.090287],[14.467244,50.090202],[14.466985,50.090147]]}},{"type":"Feature","properties":{"segmentId":"RL914_D0_512~69","lineId":"L914-0","routeId":"L914","mode":"bus","routeColor":"#007DA8","routeTextColor":"#FFFFFF","routeShortName":"914","routeLongName":"Smíchovské nádraží - Vinoř","fromStop":{"stopId":"U512Z5P","nodeId":"512","name":"Ohrada","lat":50.090221,"lon":14.466946},"toStop":{"stopId":"U69Z2P","nodeId":"69","name":"Černínova","lat":50.088955,"lon":14.461117},"lengthM":439.7,"bidirectional":false},"geometry":{"type":"LineString","coordinates":[[14.466985,50.090147],[14.466461,50.090034],[14.464863,50.089657],[14.463304,50.089293],[14.461534,50.088928],[14.461158,50.088861]]}},{"type":"Feature","properties":{"segmentId":"RL914_D1_512~69","lineId":"L914-1","routeId":"L914","mode":"bus","routeColor":"#007DA8","routeTextColor":"#FFFFFF","routeShortName":"914","routeLongName":"Smíchovské nádraží - Vinoř","fromStop":{"stopId":"U69Z1P","nodeId":"69","name":"Černínova","lat":50.088974,"lon":14.462293},"toStop":{"stopId":"U512Z10P","nodeId":"512","name":"Ohrada","lat":50.089973,"lon":14.466343},"lengthM":309.1,"bidirectional":false},"geometry":{"type":"LineString","coordinates":[[14.462244,50.089074],[14.463304,50.089293],[14.464863,50.089657],[14.466328,50.090002]]}},{"type":"Feature","properties":{"segmentId":"RL914_D0_2787~69","lineId":"L914-0","routeId":"L914","mode":"bus","routeColor":"#007DA8","routeTextColor":"#FFFFFF","routeShortName":"914","routeLongName":"Smíchovské nádraží - Vinoř","fromStop":{"stopId":"U69Z2P","nodeId":"69","name":"Černínova","lat":50.088955,"lon":14.461117},"toStop":{"stopId":"U2787Z2P","nodeId":"2787","name":"Lukášova","lat":50.087906,"lon":14.456802},"lengthM":328.2,"bidirectional":false},"geometry":{"type":"LineString","coordinates":[[14.461158,50.088861],[14.459727,50.088605],[14.457675,50.088106],[14.456845,50.08785]]}},{"type":"Feature","properties":{"segmentId":"RL914_D1_2787~69","lineId":"L914-1","routeId":"L914","mode":"bus","routeColor":"#007DA8","routeTextColor":"#FFFFFF","routeShortName":"914","routeLongName":"Smíchovské nádraží - Vinoř","fromStop":{"stopId":"U2787Z1P","nodeId":"2787","name":"Lukášova","lat":50.088238,"lon":14.458384},"toStop":{"stopId":"U69Z1P","nodeId":"69","name":"Černínova","lat":50.088974,"lon":14.462293},"lengthM":291.1,"bidirectional":false},"geometry":{"type":"LineString","coordinates":[[14.458363,50.088273],[14.459727,50.088605],[14.461534,50.088928],[14.462244,50.089074]]}},{"type":"Feature","properties":{"segmentId":"RL914_D0_2787~743","lineId":"L914-0","routeId":"L914","mode":"bus","routeColor":"#007DA8","routeTextColor":"#FFFFFF","routeShortName":"914","routeLongName":"Smíchovské nádraží - Vinoř","fromStop":{"stopId":"U2787Z2P","nodeId":"2787","name":"Lukášova","lat":50.087906,"lon":14.456802},"toStop":{"stopId":"U743Z2P","nodeId":"743","name":"Rokycanova","lat":50.086117,"lon":14.455434},"lengthM":263.3,"bidirectional":false},"geometry":{"type":"LineString","coordinates":[[14.456845,50.08785],[14.456563,50.087763],[14.455245,50.087329],[14.455366,50.086632],[14.455443,50.086119]]}},{"type":"Feature","properties":{"segmentId":"RL914_D1_2787~743","lineId":"L914-1","routeId":"L914","mode":"bus","routeColor":"#007DA8","routeTextColor":"#FFFFFF","routeShortName":"914","routeLongName":"Smíchovské nádraží - Vinoř","fromStop":{"stopId":"U743Z1P","nodeId":"743","name":"Rokycanova","lat":50.08622,"lon":14.45553},"toStop":{"stopId":"U2787Z1P","nodeId":"2787","name":"Lukášova","lat":50.088238,"lon":14.458384},"lengthM":370.9,"bidirectional":false},"geometry":{"type":"LineString","coordinates":[[14.455429,50.086214],[14.455366,50.086632],[14.455245,50.087329],[14.456563,50.087763],[14.457675,50.088106],[14.458363,50.088273]]}},{"type":"Feature","properties":{"segmentId":"RL914_D0_516~743","lineId":"L914-0","routeId":"L914","mode":"bus","routeColor":"#007DA8","routeTextColor":"#FFFFFF","routeShortName":"914","routeLongName":"Smíchovské nádraží - Vinoř","fromStop":{"stopId":"U743Z2P","nodeId":"743","name":"Rokycanova","lat":50.086117,"lon":14.455434},"toStop":{"stopId":"U516Z3P","nodeId":"516","name":"Olšanské náměstí","lat":50.082302,"lon":14.459234},"lengthM":534.9,"bidirectional":false},"geometry":{"type":"LineString","coordinates":[[14.455443,50.086119],[14.455467,50.08596],[14.455605,50.085247],[14.455591,50.084846],[14.456489,50.084472],[14.45757,50.083968],[14.458247,50.083438],[14.458809,50.082852],[14.458942,50.082691],[14.459087,50.082541],[14.459132,50.082463],[14.459271,50.082316]]}},{"type":"Feature","properties":{"segmentId":"RL914_D1_516~743","lineId":"L914-1","routeId":"L914","mode":"bus","routeColor":"#007DA8","routeTextColor":"#FFFFFF","routeShortName":"914","routeLongName":"Smíchovské nádraží - Vinoř","fromStop":{"stopId":"U516Z4P","nodeId":"516","name":"Olšanské náměstí","lat":50.083141,"lon":14.458678},"toStop":{"stopId":"U743Z1P","nodeId":"743","name":"Rokycanova","lat":50.08622,"lon":14.45553},"lengthM":444.8,"bidirectional":false},"geometry":{"type":"LineString","coordinates":[[14.45857,50.083101],[14.458247,50.083438],[14.45757,50.083968],[14.456489,50.084472],[14.455591,50.084846],[14.455605,50.085247],[14.455467,50.08596],[14.455429,50.086214]]}},{"type":"Feature","properties":{"segmentId":"RL914_D0_118~516","lineId":"L914-0","routeId":"L914","mode":"bus","routeColor":"#007DA8","routeTextColor":"#FFFFFF","routeShortName":"914","routeLongName":"Smíchovské nádraží - Vinoř","fromStop":{"stopId":"U516Z3P","nodeId":"516","name":"Olšanské náměstí","lat":50.082302,"lon":14.459234},"toStop":{"stopId":"U118Z4P","nodeId":"118","name":"Flora","lat":50.07832,"lon":14.460634},"lengthM":456,"bidirectional":false},"geometry":{"type":"LineString","coordinates":[[14.459271,50.082316],[14.459441,50.082136],[14.459744,50.08131],[14.460326,50.079637],[14.460595,50.078771],[14.460743,50.078337]]}},{"type":"Feature","properties":{"segmentId":"RL914_D1_118~516","lineId":"L914-1","routeId":"L914","mode":"bus","routeColor":"#007DA8","routeTextColor":"#FFFFFF","routeShortName":"914","routeLongName":"Smíchovské nádraží - Vinoř","fromStop":{"stopId":"U118Z3P","nodeId":"118","name":"Flora","lat":50.078342,"lon":14.460897},"toStop":{"stopId":"U516Z4P","nodeId":"516","name":"Olšanské náměstí","lat":50.083141,"lon":14.458678},"lengthM":558.3,"bidirectional":false},"geometry":{"type":"LineString","coordinates":[[14.460748,50.078323],[14.460595,50.078771],[14.460326,50.079637],[14.459744,50.08131],[14.459441,50.082136],[14.459132,50.082463],[14.459087,50.082541],[14.458942,50.082691],[14.458809,50.082852],[14.45857,50.083101]]}},{"type":"Feature","properties":{"segmentId":"RL914_D0_118~518","lineId":"L914-0","routeId":"L914","mode":"bus","routeColor":"#007DA8","routeTextColor":"#FFFFFF","routeShortName":"914","routeLongName":"Smíchovské nádraží - Vinoř","fromStop":{"stopId":"U118Z4P","nodeId":"118","name":"Flora","lat":50.07832,"lon":14.460634},"toStop":{"stopId":"U518Z3P","nodeId":"518","name":"Orionka","lat":50.075935,"lon":14.459101},"lengthM":435.9,"bidirectional":false},"geometry":{"type":"LineString","coordinates":[[14.460743,50.078337],[14.460895,50.07789],[14.459575,50.077801],[14.458392,50.077724],[14.458459,50.077612],[14.458818,50.076654],[14.459098,50.075934]]}},{"type":"Feature","properties":{"segmentId":"RL914_D1_118~518","lineId":"L914-1","routeId":"L914","mode":"bus","routeColor":"#007DA8","routeTextColor":"#FFFFFF","routeShortName":"914","routeLongName":"Smíchovské nádraží - Vinoř","fromStop":{"stopId":"U518Z4P","nodeId":"518","name":"Orionka","lat":50.075565,"lon":14.460084},"toStop":{"stopId":"U118Z3P","nodeId":"118","name":"Flora","lat":50.078342,"lon":14.460897},"lengthM":415.3,"bidirectional":false},"geometry":{"type":"LineString","coordinates":[[14.460084,50.075568],[14.460484,50.075585],[14.460887,50.075612],[14.46164,50.075651],[14.461253,50.076806],[14.460955,50.077741],[14.460895,50.07789],[14.460748,50.078323]]}},{"type":"Feature","properties":{"segmentId":"RL914_D0_518~855","lineId":"L914-0","routeId":"L914","mode":"bus","routeColor":"#007DA8","routeTextColor":"#FFFFFF","routeShortName":"914","routeLongName":"Smíchovské nádraží - Vinoř","fromStop":{"stopId":"U518Z3P","nodeId":"518","name":"Orionka","lat":50.075935,"lon":14.459101},"toStop":{"stopId":"U855Z1P","nodeId":"855","name":"Vlašimská","lat":50.074486,"lon":14.463684},"lengthM":406.1,"bidirectional":false},"geometry":{"type":"LineString","coordinates":[[14.459098,50.075934],[14.459254,50.075531],[14.459332,50.075366],[14.459372,50.075179],[14.459488,50.075098],[14.459886,50.075015],[14.461906,50.074667],[14.463689,50.074509]]}},{"type":"Feature","properties":{"segmentId":"RL914_D1_518~855","lineId":"L914-1","routeId":"L914","mode":"bus","routeColor":"#007DA8","routeTextColor":"#FFFFFF","routeShortName":"914","routeLongName":"Smíchovské nádraží - Vinoř","fromStop":{"stopId":"U855Z2P","nodeId":"855","name":"Vlašimská","lat":50.074299,"lon":14.4664},"toStop":{"stopId":"U518Z4P","nodeId":"518","name":"Orionka","lat":50.075565,"lon":14.460084},"lengthM":614.2,"bidirectional":false},"geometry":{"type":"LineString","coordinates":[[14.466392,50.074262],[14.464321,50.074454],[14.461906,50.074667],[14.459886,50.075015],[14.459488,50.075098],[14.459372,50.075179],[14.459332,50.075366],[14.459254,50.075531],[14.460084,50.075568]]}},{"type":"Feature","properties":{"segmentId":"RL914_D1_1074~512","lineId":"L914-1","routeId":"L914","mode":"bus","routeColor":"#007DA8","routeTextColor":"#FFFFFF","routeShortName":"914","routeLongName":"Smíchovské nádraží - Vinoř","fromStop":{"stopId":"U512Z10P","nodeId":"512","name":"Ohrada","lat":50.089973,"lon":14.466343},"toStop":{"stopId":"U1074Z3P","nodeId":"1074","name":"Krejcárek","lat":50.095749,"lon":14.476725},"lengthM":1026.8,"bidirectional":false},"geometry":{"type":"LineString","coordinates":[[14.466328,50.090002],[14.466462,50.090035],[14.467244,50.090204],[14.467402,50.09019],[14.467509,50.090218],[14.467804,50.090289],[14.468051,50.09032],[14.468018,50.090408],[14.468033,50.090673],[14.468135,50.09079],[14.468539,50.091407],[14.468635,50.091552],[14.468739,50.09166],[14.469047,50.091869],[14.469458,50.09206],[14.469801,50.092172],[14.471111,50.092577],[14.472092,50.093009],[14.472864,50.093421],[14.473193,50.093668],[14.473516,50.094005],[14.474049,50.094415],[14.475833,50.09538],[14.476618,50.095803],[14.476642,50.095815]]}},{"type":"Feature","properties":{"segmentId":"RL914_D1_1074~763","lineId":"L914-1","routeId":"L914","mode":"bus","routeColor":"#007DA8","routeTextColor":"#FFFFFF","routeShortName":"914","routeLongName":"Smíchovské nádraží - Vinoř","fromStop":{"stopId":"U1074Z3P","nodeId":"1074","name":"Krejcárek","lat":50.095749,"lon":14.476725},"toStop":{"stopId":"U763Z1P","nodeId":"763","name":"Odlehlá","lat":50.098202,"lon":14.481534},"lengthM":442,"bidirectional":false},"geometry":{"type":"LineString","coordinates":[[14.476642,50.095815],[14.476783,50.095889],[14.477009,50.096018],[14.477443,50.096301],[14.477753,50.096501],[14.478437,50.096933],[14.478526,50.096977],[14.4787,50.09702],[14.478833,50.097058],[14.479198,50.097136],[14.479835,50.097455],[14.481462,50.098262]]}},{"type":"Feature","properties":{"segmentId":"RL914_D1_678~763","lineId":"L914-1","routeId":"L914","mode":"bus","routeColor":"#007DA8","routeTextColor":"#FFFFFF","routeShortName":"914","routeLongName":"Smíchovské nádraží - Vinoř","fromStop":{"stopId":"U763Z1P","nodeId":"763","name":"Odlehlá","lat":50.098202,"lon":14.481534},"toStop":{"stopId":"U678Z1P","nodeId":"678","name":"Skloněná","lat":50.100216,"lon":14.486826},"lengthM":454,"bidirectional":false},"geometry":{"type":"LineString","coordinates":[[14.481462,50.098262],[14.48166,50.09836],[14.483702,50.099438],[14.484848,50.10002],[14.485021,50.100071],[14.48682,50.100243]]}},{"type":"Feature","properties":{"segmentId":"RL2116_D1_142~458","lineId":"L2116-1","routeId":"L2116","mode":"bus","routeColor":"#007DA8","routeTextColor":"#ED922E","routeShortName":"XR16","routeLongName":"Beroun,aut.nádr.. - Praha,hlavní nádraží","fromStop":{"stopId":"U142Z411","nodeId":"142","name":"Hlavní nádraží","lat":50.083241,"lon":14.435059},"toStop":{"stopId":"U458Z421","nodeId":"458","name":"Smíchovské nádraží","lat":50.062202,"lon":14.409064},"lengthM":4830.3,"bidirectional":false},"geometry":{"type":"LineString","coordinates":[[14.434926,50.083281],[14.435343,50.083894],[14.435603,50.084261],[14.435813,50.084334],[14.436252,50.084791],[14.436531,50.085069],[14.437105,50.085946],[14.437076,50.086016],[14.436942,50.08605],[14.436857,50.086051],[14.436724,50.086012],[14.435994,50.08514],[14.435844,50.084918],[14.435718,50.08478],[14.435747,50.084646],[14.434471,50.082891],[14.434073,50.082311],[14.43386,50.082056],[14.433794,50.081969],[14.433702,50.08187],[14.433307,50.081408],[14.43286,50.081124],[14.432773,50.081071],[14.432443,50.080896],[14.431653,50.080372],[14.430797,50.079888],[14.430272,50.079506],[14.430009,50.079283],[14.429728,50.07875],[14.429295,50.077677],[14.429221,50.077162],[14.427602,50.077219],[14.426507,50.077258],[14.426081,50.077275],[14.424757,50.07733],[14.423947,50.077358],[14.422662,50.077435],[14.421263,50.077511],[14.419534,50.077684],[14.41918,50.076373],[14.419034,50.075934],[14.417061,50.075859],[14.416587,50.075835],[14.415543,50.07577],[14.414713,50.075696],[14.413955,50.07581],[14.413698,50.075824],[14.413376,50.075814],[14.411511,50.07563],[14.409495,50.075433],[14.409131,50.075419],[14.408953,50.075458],[14.408717,50.075509],[14.407596,50.07541],[14.407849,50.074489],[14.408043,50.07378],[14.408179,50.073211],[14.408391,50.072485],[14.408523,50.071934],[14.4087,50.071306],[14.408828,50.070709],[14.409039,50.06992],[14.409452,50.068187],[14.409644,50.067487],[14.409898,50.066502],[14.410068,50.065773],[14.410125,50.065569],[14.410217,50.064942],[14.410463,50.063992],[14.41071,50.062971],[14.409897,50.06288],[14.409188,50.062836],[14.409032,50.06284],[14.409144,50.062208]]}},{"type":"Feature","properties":{"segmentId":"RL903_D0_13~498","lineId":"L903-0","routeId":"L903","mode":"bus","routeColor":"#007DA8","routeTextColor":"#FFFFFF","routeShortName":"903","routeLongName":"Březiněves - Královice","fromStop":{"stopId":"U498Z1P","nodeId":"498","name":"Novovysočanská","lat":50.100258,"lon":14.491428},"toStop":{"stopId":"U13Z2P","nodeId":"13","name":"Balkán","lat":50.094204,"lon":14.496226},"lengthM":788.2,"bidirectional":false},"geometry":{"type":"LineString","coordinates":[[14.491407,50.100245],[14.492451,50.099627],[14.493405,50.099057],[14.493792,50.098828],[14.494708,50.097901],[14.495515,50.097092],[14.495716,50.09681],[14.495811,50.096564],[14.495834,50.095659],[14.495971,50.094945],[14.496225,50.094214],[14.49623,50.094206]]}},{"type":"Feature","properties":{"segmentId":"RL903_D1_13~498","lineId":"L903-1","routeId":"L903","mode":"bus","routeColor":"#007DA8","routeTextColor":"#FFFFFF","routeShortName":"903","routeLongName":"Březiněves - Královice","fromStop":{"stopId":"U13Z1P","nodeId":"13","name":"Balkán","lat":50.095402,"lon":14.496265},"toStop":{"stopId":"U498Z2P","nodeId":"498","name":"Novovysočanská","lat":50.100433,"lon":14.491615},"lengthM":670.3,"bidirectional":false},"geometry":{"type":"LineString","coordinates":[[14.49608,50.095386],[14.496015,50.095666],[14.496044,50.095995],[14.496003,50.09659],[14.495904,50.096854],[14.49571,50.097172],[14.49491,50.097946],[14.493926,50.09893],[14.493635,50.099104],[14.493556,50.099143],[14.492575,50.09971],[14.491506,50.100357]]}},{"type":"Feature","properties":{"segmentId":"RL903_D0_13~694","lineId":"L903-0","routeId":"L903","mode":"bus","routeColor":"#007DA8","routeTextColor":"#FFFFFF","routeShortName":"903","routeLongName":"Březiněves - Královice","fromStop":{"stopId":"U13Z2P","nodeId":"13","name":"Balkán","lat":50.094204,"lon":14.496226},"toStop":{"stopId":"U694Z3P","nodeId":"694","name":"Spojovací","lat":50.091324,"lon":14.499193},"lengthM":393,"bidirectional":false},"geometry":{"type":"LineString","coordinates":[[14.496225,50.094214],[14.49623,50.094206],[14.496753,50.093389],[14.49685,50.093262],[14.496938,50.093179],[14.497079,50.092982],[14.497413,50.092603],[14.498015,50.091894],[14.498255,50.091761],[14.49863,50.091657],[14.499281,50.09143]]}},{"type":"Feature","properties":{"segmentId":"RL903_D1_13~694","lineId":"L903-1","routeId":"L903","mode":"bus","routeColor":"#007DA8","routeTextColor":"#FFFFFF","routeShortName":"903","routeLongName":"Březiněves - Královice","fromStop":{"stopId":"U694Z4P","nodeId":"694","name":"Spojovací","lat":50.092316,"lon":14.498015},"toStop":{"stopId":"U13Z1P","nodeId":"13","name":"Balkán","lat":50.095402,"lon":14.496265},"lengthM":373.2,"bidirectional":false},"geometry":{"type":"LineString","coordinates":[[14.49789,50.092268],[14.497822,50.09234],[14.497111,50.09323],[14.497052,50.093307],[14.496947,50.093406],[14.496458,50.09418],[14.496175,50.094981],[14.49608,50.095386]]}},{"type":"Feature","properties":{"segmentId":"RL903_574~694","lineId":"L903","routeId":"L903","mode":"bus","routeColor":"#007DA8","routeTextColor":"#FFFFFF","routeShortName":"903","routeLongName":"Březiněves - Královice","fromStop":{"stopId":"U694Z3P","nodeId":"694","name":"Spojovací","lat":50.091324,"lon":14.499193},"toStop":{"stopId":"U574Z1P","nodeId":"574","name":"Pod Táborem","lat":50.092094,"lon":14.511864},"lengthM":957.3,"bidirectional":true},"geometry":{"type":"LineString","coordinates":[[14.499281,50.09143],[14.500229,50.091099],[14.500982,50.090875],[14.502318,50.090629],[14.503978,50.090385],[14.505095,50.090438],[14.508332,50.091402],[14.509049,50.09161],[14.510379,50.09199],[14.51099,50.092035],[14.511831,50.092177]]}},{"type":"Feature","properties":{"segmentId":"RL146_4260~694","lineId":"L146","routeId":"L146","mode":"bus","routeColor":"#007DA8","routeTextColor":"#FFFFFF","routeShortName":"146","routeLongName":"Želivského - Vinice Hrdlořezy","fromStop":{"stopId":"U4260Z2P","nodeId":"4260","name":"Hrdlořezská","lat":50.093594,"lon":14.50941},"toStop":{"stopId":"U694Z4P","nodeId":"694","name":"Spojovací","lat":50.092316,"lon":14.498015},"lengthM":1206.8,"bidirectional":true},"geometry":{"type":"LineString","coordinates":[[14.509459,50.093584],[14.509283,50.093301],[14.509112,50.093177],[14.509277,50.092865],[14.509647,50.092452],[14.509997,50.092265],[14.510205,50.092147],[14.510379,50.09199],[14.509049,50.09161],[14.508332,50.091402],[14.505095,50.090438],[14.503978,50.090385],[14.502318,50.090629],[14.500982,50.090875],[14.500229,50.091099],[14.49863,50.091657],[14.498512,50.091747],[14.498258,50.091879],[14.49789,50.092268]]}},{"type":"Feature","properties":{"segmentId":"RL146_D1_266~694","lineId":"L146-1","routeId":"L146","mode":"bus","routeColor":"#007DA8","routeTextColor":"#FFFFFF","routeShortName":"146","routeLongName":"Želivského - Vinice Hrdlořezy","fromStop":{"stopId":"U694Z4P","nodeId":"694","name":"Spojovací","lat":50.092316,"lon":14.498015},"toStop":{"stopId":"U266Z4P","nodeId":"266","name":"Kněžská luka","lat":50.092148,"lon":14.494388},"lengthM":709.7,"bidirectional":false},"geometry":{"type":"LineString","coordinates":[[14.49789,50.092268],[14.497822,50.09234],[14.497111,50.09323],[14.49781,50.093391],[14.497877,50.093343],[14.497964,50.093332],[14.498019,50.093337],[14.498095,50.09338],[14.498127,50.093428],[14.498117,50.093473],[14.498064,50.093522],[14.49799,50.093543],[14.497918,50.093546],[14.497865,50.093532],[14.497827,50.093511],[14.497781,50.093461],[14.497052,50.093307],[14.49685,50.093262],[14.496938,50.093179],[14.497079,50.092982],[14.497413,50.092603],[14.497775,50.092163],[14.497758,50.092044],[14.497672,50.091982],[14.497488,50.09192],[14.494671,50.092099],[14.494383,50.092119]]}},{"type":"Feature","properties":{"segmentId":"RL146_D0_266~694","lineId":"L146-0","routeId":"L146","mode":"bus","routeColor":"#007DA8","routeTextColor":"#FFFFFF","routeShortName":"146","routeLongName":"Želivského - Vinice Hrdlořezy","fromStop":{"stopId":"U266Z3P","nodeId":"266","name":"Kněžská luka","lat":50.09198,"lon":14.493146},"toStop":{"stopId":"U694Z3P","nodeId":"694","name":"Spojovací","lat":50.091324,"lon":14.499193},"lengthM":447.1,"bidirectional":false},"geometry":{"type":"LineString","coordinates":[[14.493161,50.092075],[14.494425,50.091996],[14.498255,50.091761],[14.49863,50.091657],[14.499281,50.09143]]}},{"type":"Feature","properties":{"segmentId":"RL146_D1_266~3235","lineId":"L146-1","routeId":"L146","mode":"bus","routeColor":"#007DA8","routeTextColor":"#FFFFFF","routeShortName":"146","routeLongName":"Želivského - Vinice Hrdlořezy","fromStop":{"stopId":"U266Z4P","nodeId":"266","name":"Kněžská luka","lat":50.092148,"lon":14.494388},"toStop":{"stopId":"U3235Z2P","nodeId":"3235","name":"Květinková","lat":50.090279,"lon":14.489098},"lengthM":564.1,"bidirectional":false},"geometry":{"type":"LineString","coordinates":[[14.494383,50.092119],[14.492696,50.092234],[14.491376,50.092336],[14.490053,50.092455],[14.490031,50.092363],[14.489922,50.092008],[14.48978,50.091751],[14.489268,50.091107],[14.489195,50.090982],[14.489167,50.090454],[14.48921,50.090294]]}},{"type":"Feature","properties":{"segmentId":"RL146_D1_128~3235","lineId":"L146-1","routeId":"L146","mode":"bus","routeColor":"#007DA8","routeTextColor":"#FFFFFF","routeShortName":"146","routeLongName":"Želivského - Vinice Hrdlořezy","fromStop":{"stopId":"U3235Z2P","nodeId":"3235","name":"Květinková","lat":50.090279,"lon":14.489098},"toStop":{"stopId":"U128Z2P","nodeId":"128","name":"Habrová","lat":50.087814,"lon":14.490669},"lengthM":321.2,"bidirectional":false},"geometry":{"type":"LineString","coordinates":[[14.48921,50.090294],[14.489295,50.089984],[14.48996,50.088645],[14.490427,50.087706],[14.490694,50.087771]]}},{"type":"Feature","properties":{"segmentId":"RL146_D1_128~834","lineId":"L146-1","routeId":"L146","mode":"bus","routeColor":"#007DA8","routeTextColor":"#FFFFFF","routeShortName":"146","routeLongName":"Želivského - Vinice Hrdlořezy","fromStop":{"stopId":"U128Z2P","nodeId":"128","name":"Habrová","lat":50.087814,"lon":14.490669},"toStop":{"stopId":"U834Z2P","nodeId":"834","name":"Vackov","lat":50.086971,"lon":14.48562},"lengthM":426.7,"bidirectional":false},"geometry":{"type":"LineString","coordinates":[[14.490694,50.087771],[14.490427,50.087706],[14.490614,50.087359],[14.490234,50.08729],[14.489071,50.086988],[14.488177,50.086882],[14.487603,50.086859],[14.486825,50.086872],[14.485616,50.086918]]}},{"type":"Feature","properties":{"segmentId":"RL146_D0_128~834","lineId":"L146-0","routeId":"L146","mode":"bus","routeColor":"#007DA8","routeTextColor":"#FFFFFF","routeShortName":"146","routeLongName":"Želivského - Vinice Hrdlořezy","fromStop":{"stopId":"U834Z1P","nodeId":"834","name":"Vackov","lat":50.086823,"lon":14.486881},"toStop":{"stopId":"U128Z3P","nodeId":"128","name":"Habrová","lat":50.087894,"lon":14.490422},"lengthM":336,"bidirectional":false},"geometry":{"type":"LineString","coordinates":[[14.486883,50.086871],[14.487603,50.086859],[14.488177,50.086882],[14.489071,50.086988],[14.490234,50.08729],[14.490614,50.087359],[14.490427,50.087706],[14.490341,50.087879]]}},{"type":"Feature","properties":{"segmentId":"RL146_D1_357~834","lineId":"L146-1","routeId":"L146","mode":"bus","routeColor":"#007DA8","routeTextColor":"#FFFFFF","routeShortName":"146","routeLongName":"Želivského - Vinice Hrdlořezy","fromStop":{"stopId":"U834Z2P","nodeId":"834","name":"Vackov","lat":50.086971,"lon":14.48562},"toStop":{"stopId":"U357Z1P","nodeId":"357","name":"Malešická","lat":50.086285,"lon":14.482},"lengthM":384,"bidirectional":false},"geometry":{"type":"LineString","coordinates":[[14.485616,50.086918],[14.485531,50.086921],[14.482939,50.087102],[14.482102,50.087191],[14.481719,50.087203],[14.482022,50.086288]]}},{"type":"Feature","properties":{"segmentId":"RL146_D0_357~834","lineId":"L146-0","routeId":"L146","mode":"bus","routeColor":"#007DA8","routeTextColor":"#FFFFFF","routeShortName":"146","routeLongName":"Želivského - Vinice Hrdlořezy","fromStop":{"stopId":"U357Z2P","nodeId":"357","name":"Malešická","lat":50.086727,"lon":14.481942},"toStop":{"stopId":"U834Z1P","nodeId":"834","name":"Vackov","lat":50.086823,"lon":14.486881},"lengthM":425.4,"bidirectional":false},"geometry":{"type":"LineString","coordinates":[[14.481879,50.08672],[14.481719,50.087203],[14.482102,50.087191],[14.482939,50.087102],[14.485531,50.086921],[14.486825,50.086872],[14.486883,50.086871]]}},{"type":"Feature","properties":{"segmentId":"RL146_D1_357~767","lineId":"L146-1","routeId":"L146","mode":"bus","routeColor":"#007DA8","routeTextColor":"#FFFFFF","routeShortName":"146","routeLongName":"Želivského - Vinice Hrdlořezy","fromStop":{"stopId":"U357Z1P","nodeId":"357","name":"Malešická","lat":50.086285,"lon":14.482},"toStop":{"stopId":"U767Z1P","nodeId":"767","name":"Třebešín","lat":50.083969,"lon":14.481851},"lengthM":285.1,"bidirectional":false},"geometry":{"type":"LineString","coordinates":[[14.482022,50.086288],[14.482232,50.085652],[14.48234,50.085344],[14.482352,50.085291],[14.482141,50.08491],[14.482015,50.084919],[14.481917,50.084882],[14.48182,50.084801],[14.481756,50.084698],[14.481756,50.084609],[14.481809,50.08454],[14.481908,50.084487],[14.481819,50.084282],[14.481912,50.083976]]}},{"type":"Feature","properties":{"segmentId":"RL146_D0_357~767","lineId":"L146-0","routeId":"L146","mode":"bus","routeColor":"#007DA8","routeTextColor":"#FFFFFF","routeShortName":"146","routeLongName":"Želivského - Vinice Hrdlořezy","fromStop":{"stopId":"U767Z2P","nodeId":"767","name":"Třebešín","lat":50.084244,"lon":14.481951},"toStop":{"stopId":"U357Z2P","nodeId":"357","name":"Malešická","lat":50.086727,"lon":14.481942},"lengthM":300.9,"bidirectional":false},"geometry":{"type":"LineString","coordinates":[[14.481835,50.084229],[14.481819,50.084282],[14.481908,50.084487],[14.482015,50.084497],[14.482126,50.084532],[14.482196,50.084589],[14.48223,50.084658],[14.482257,50.084755],[14.482238,50.084848],[14.482141,50.08491],[14.482352,50.085291],[14.48234,50.085344],[14.482232,50.085652],[14.481879,50.08672]]}},{"type":"Feature","properties":{"segmentId":"RL146_575~767","lineId":"L146","routeId":"L146","mode":"bus","routeColor":"#007DA8","routeTextColor":"#FFFFFF","routeShortName":"146","routeLongName":"Želivského - Vinice Hrdlořezy","fromStop":{"stopId":"U767Z1P","nodeId":"767","name":"Třebešín","lat":50.083969,"lon":14.481851},"toStop":{"stopId":"U575Z2P","nodeId":"575","name":"Pod Třebešínem","lat":50.081017,"lon":14.485434},"lengthM":750.4,"bidirectional":true},"geometry":{"type":"LineString","coordinates":[[14.481912,50.083976],[14.482004,50.083671],[14.482085,50.083424],[14.48223,50.083074],[14.48259,50.082243],[14.482785,50.081988],[14.483169,50.081777],[14.483632,50.081718],[14.484203,50.081686],[14.485515,50.08162],[14.487316,50.081506],[14.487415,50.081107],[14.485452,50.080934]]}},{"type":"Feature","properties":{"segmentId":"RL146_D1_575~921","lineId":"L146-1","routeId":"L146","mode":"bus","routeColor":"#007DA8","routeTextColor":"#FFFFFF","routeShortName":"146","routeLongName":"Želivského - Vinice Hrdlořezy","fromStop":{"stopId":"U575Z2P","nodeId":"575","name":"Pod Třebešínem","lat":50.081017,"lon":14.485434},"toStop":{"stopId":"U921Z9P","nodeId":"921","name":"Želivského","lat":50.078415,"lon":14.475356},"lengthM":893.7,"bidirectional":false},"geometry":{"type":"LineString","coordinates":[[14.485452,50.080934],[14.485089,50.080902],[14.482615,50.080467],[14.481883,50.080393],[14.47951,50.079948],[14.476307,50.079358],[14.476318,50.079241],[14.47636,50.078909],[14.47645,50.078154],[14.475929,50.078217],[14.475318,50.078328]]}},{"type":"Feature","properties":{"segmentId":"RL146_D0_575~921","lineId":"L146-0","routeId":"L146","mode":"bus","routeColor":"#007DA8","routeTextColor":"#FFFFFF","routeShortName":"146","routeLongName":"Želivského - Vinice Hrdlořezy","fromStop":{"stopId":"U921Z6P","nodeId":"921","name":"Želivského","lat":50.079163,"lon":14.475474},"toStop":{"stopId":"U575Z1P","nodeId":"575","name":"Pod Třebešínem","lat":50.080952,"lon":14.485868},"lengthM":769,"bidirectional":false},"geometry":{"type":"LineString","coordinates":[[14.475458,50.0792],[14.476307,50.079358],[14.47951,50.079948],[14.481883,50.080393],[14.482615,50.080467],[14.485089,50.080902],[14.485864,50.08097]]}},{"type":"Feature","properties":{"segmentId":"RL146_D0_128~266","lineId":"L146-0","routeId":"L146","mode":"bus","routeColor":"#007DA8","routeTextColor":"#FFFFFF","routeShortName":"146","routeLongName":"Želivského - Vinice Hrdlořezy","fromStop":{"stopId":"U128Z3P","nodeId":"128","name":"Habrová","lat":50.087894,"lon":14.490422},"toStop":{"stopId":"U266Z3P","nodeId":"266","name":"Kněžská luka","lat":50.09198,"lon":14.493146},"lengthM":748.9,"bidirectional":false},"geometry":{"type":"LineString","coordinates":[[14.490341,50.087879],[14.48996,50.088645],[14.489295,50.089984],[14.489167,50.090454],[14.489195,50.090982],[14.489268,50.091107],[14.48978,50.091751],[14.489922,50.092008],[14.490031,50.092363],[14.491316,50.092222],[14.492681,50.092106],[14.493161,50.092075]]}},{"type":"Feature","properties":{"segmentId":"RL155_D0_575~921","lineId":"L155-0","routeId":"L155","mode":"bus","routeColor":"#007DA8","routeTextColor":"#FFFFFF","routeShortName":"155","routeLongName":"Nemocnice Vinohrady - Poliklinika Malešice","fromStop":{"stopId":"U921Z6P","nodeId":"921","name":"Želivského","lat":50.079163,"lon":14.475474},"toStop":{"stopId":"U575Z1P","nodeId":"575","name":"Pod Třebešínem","lat":50.080952,"lon":14.485868},"lengthM":769,"bidirectional":false},"geometry":{"type":"LineString","coordinates":[[14.475458,50.0792],[14.476307,50.079358],[14.47951,50.079948],[14.481883,50.080393],[14.482615,50.080467],[14.485089,50.080902],[14.485864,50.08097]]}},{"type":"Feature","properties":{"segmentId":"RL155_D1_575~921","lineId":"L155-1","routeId":"L155","mode":"bus","routeColor":"#007DA8","routeTextColor":"#FFFFFF","routeShortName":"155","routeLongName":"Nemocnice Vinohrady - Poliklinika Malešice","fromStop":{"stopId":"U575Z2P","nodeId":"575","name":"Pod Třebešínem","lat":50.081017,"lon":14.485434},"toStop":{"stopId":"U921Z9P","nodeId":"921","name":"Želivského","lat":50.078415,"lon":14.475356},"lengthM":893.7,"bidirectional":false},"geometry":{"type":"LineString","coordinates":[[14.485452,50.080934],[14.485089,50.080902],[14.482615,50.080467],[14.481883,50.080393],[14.47951,50.079948],[14.476307,50.079358],[14.476318,50.079241],[14.47636,50.078909],[14.47645,50.078154],[14.475929,50.078217],[14.475318,50.078328]]}},{"type":"Feature","properties":{"segmentId":"RL155_575~767","lineId":"L155","routeId":"L155","mode":"bus","routeColor":"#007DA8","routeTextColor":"#FFFFFF","routeShortName":"155","routeLongName":"Nemocnice Vinohrady - Poliklinika Malešice","fromStop":{"stopId":"U575Z1P","nodeId":"575","name":"Pod Třebešínem","lat":50.080952,"lon":14.485868},"toStop":{"stopId":"U767Z2P","nodeId":"767","name":"Třebešín","lat":50.084244,"lon":14.481951},"lengthM":749.4,"bidirectional":true},"geometry":{"type":"LineString","coordinates":[[14.485864,50.08097],[14.487415,50.081108],[14.487316,50.081508],[14.485515,50.081621],[14.484203,50.081687],[14.483633,50.081719],[14.483169,50.081778],[14.482785,50.081989],[14.48259,50.082244],[14.48223,50.083075],[14.482085,50.083425],[14.482005,50.083672],[14.481835,50.084229]]}},{"type":"Feature","properties":{"segmentId":"RL155_D0_357~767","lineId":"L155-0","routeId":"L155","mode":"bus","routeColor":"#007DA8","routeTextColor":"#FFFFFF","routeShortName":"155","routeLongName":"Nemocnice Vinohrady - Poliklinika Malešice","fromStop":{"stopId":"U767Z2P","nodeId":"767","name":"Třebešín","lat":50.084244,"lon":14.481951},"toStop":{"stopId":"U357Z2P","nodeId":"357","name":"Malešická","lat":50.086727,"lon":14.481942},"lengthM":300.9,"bidirectional":false},"geometry":{"type":"LineString","coordinates":[[14.481835,50.084229],[14.481819,50.084282],[14.481908,50.084487],[14.482015,50.084497],[14.482126,50.084532],[14.482196,50.084589],[14.48223,50.084658],[14.482257,50.084755],[14.482238,50.084848],[14.482141,50.08491],[14.482352,50.085291],[14.48234,50.085344],[14.482232,50.085652],[14.481879,50.08672]]}},{"type":"Feature","properties":{"segmentId":"RL155_D1_357~767","lineId":"L155-1","routeId":"L155","mode":"bus","routeColor":"#007DA8","routeTextColor":"#FFFFFF","routeShortName":"155","routeLongName":"Nemocnice Vinohrady - Poliklinika Malešice","fromStop":{"stopId":"U357Z1P","nodeId":"357","name":"Malešická","lat":50.086285,"lon":14.482},"toStop":{"stopId":"U767Z1P","nodeId":"767","name":"Třebešín","lat":50.083969,"lon":14.481851},"lengthM":285.1,"bidirectional":false},"geometry":{"type":"LineString","coordinates":[[14.482022,50.086288],[14.482232,50.085652],[14.48234,50.085344],[14.482352,50.085291],[14.482141,50.08491],[14.482015,50.084919],[14.481917,50.084882],[14.48182,50.084801],[14.481756,50.084698],[14.481756,50.084609],[14.481809,50.08454],[14.481908,50.084487],[14.481819,50.084282],[14.481912,50.083976]]}},{"type":"Feature","properties":{"segmentId":"RL155_D0_357~834","lineId":"L155-0","routeId":"L155","mode":"bus","routeColor":"#007DA8","routeTextColor":"#FFFFFF","routeShortName":"155","routeLongName":"Nemocnice Vinohrady - Poliklinika Malešice","fromStop":{"stopId":"U357Z2P","nodeId":"357","name":"Malešická","lat":50.086727,"lon":14.481942},"toStop":{"stopId":"U834Z1P","nodeId":"834","name":"Vackov","lat":50.086823,"lon":14.486881},"lengthM":425.4,"bidirectional":false},"geometry":{"type":"LineString","coordinates":[[14.481879,50.08672],[14.481719,50.087203],[14.482102,50.087191],[14.482939,50.087102],[14.485531,50.086921],[14.486825,50.086872],[14.486883,50.086871]]}},{"type":"Feature","properties":{"segmentId":"RL155_D1_357~834","lineId":"L155-1","routeId":"L155","mode":"bus","routeColor":"#007DA8","routeTextColor":"#FFFFFF","routeShortName":"155","routeLongName":"Nemocnice Vinohrady - Poliklinika Malešice","fromStop":{"stopId":"U834Z2P","nodeId":"834","name":"Vackov","lat":50.086971,"lon":14.48562},"toStop":{"stopId":"U357Z1P","nodeId":"357","name":"Malešická","lat":50.086285,"lon":14.482},"lengthM":384,"bidirectional":false},"geometry":{"type":"LineString","coordinates":[[14.485616,50.086918],[14.485531,50.086921],[14.482939,50.087102],[14.482102,50.087191],[14.481719,50.087203],[14.482022,50.086288]]}},{"type":"Feature","properties":{"segmentId":"RL155_D0_128~834","lineId":"L155-0","routeId":"L155","mode":"bus","routeColor":"#007DA8","routeTextColor":"#FFFFFF","routeShortName":"155","routeLongName":"Nemocnice Vinohrady - Poliklinika Malešice","fromStop":{"stopId":"U834Z1P","nodeId":"834","name":"Vackov","lat":50.086823,"lon":14.486881},"toStop":{"stopId":"U128Z1P","nodeId":"128","name":"Habrová","lat":50.08794,"lon":14.491486},"lengthM":395.7,"bidirectional":false},"geometry":{"type":"LineString","coordinates":[[14.486883,50.086871],[14.487603,50.086859],[14.488177,50.086882],[14.489071,50.086988],[14.490234,50.08729],[14.490614,50.087359],[14.490427,50.087706],[14.491004,50.087847],[14.49147,50.087967]]}},{"type":"Feature","properties":{"segmentId":"RL155_D1_128~834","lineId":"L155-1","routeId":"L155","mode":"bus","routeColor":"#007DA8","routeTextColor":"#FFFFFF","routeShortName":"155","routeLongName":"Nemocnice Vinohrady - Poliklinika Malešice","fromStop":{"stopId":"U128Z2P","nodeId":"128","name":"Habrová","lat":50.087814,"lon":14.490669},"toStop":{"stopId":"U834Z2P","nodeId":"834","name":"Vackov","lat":50.086971,"lon":14.48562},"lengthM":426.7,"bidirectional":false},"geometry":{"type":"LineString","coordinates":[[14.490694,50.087771],[14.490427,50.087706],[14.490614,50.087359],[14.490234,50.08729],[14.489071,50.086988],[14.488177,50.086882],[14.487603,50.086859],[14.486825,50.086872],[14.485616,50.086918]]}},{"type":"Feature","properties":{"segmentId":"RL155_128~4572","lineId":"L155","routeId":"L155","mode":"bus","routeColor":"#007DA8","routeTextColor":"#FFFFFF","routeShortName":"155","routeLongName":"Nemocnice Vinohrady - Poliklinika Malešice","fromStop":{"stopId":"U128Z1P","nodeId":"128","name":"Habrová","lat":50.08794,"lon":14.491486},"toStop":{"stopId":"U4572Z2P","nodeId":"4572","name":"Malešický park","lat":50.086151,"lon":14.496533},"lengthM":600.2,"bidirectional":true},"geometry":{"type":"LineString","coordinates":[[14.49147,50.087967],[14.491004,50.087847],[14.490427,50.087706],[14.490614,50.087359],[14.491209,50.087412],[14.491383,50.087391],[14.491523,50.08733],[14.491546,50.087287],[14.491605,50.08721],[14.491647,50.087142],[14.491746,50.087078],[14.491822,50.087048],[14.491923,50.087039],[14.49269,50.087279],[14.492898,50.087297],[14.49359,50.087095],[14.49484,50.086587],[14.495562,50.086442],[14.496574,50.086231]]}},{"type":"Feature","properties":{"segmentId":"RL155_D0_1160~4572","lineId":"L155-0","routeId":"L155","mode":"bus","routeColor":"#007DA8","routeTextColor":"#FFFFFF","routeShortName":"155","routeLongName":"Nemocnice Vinohrady - Poliklinika Malešice","fromStop":{"stopId":"U4572Z2P","nodeId":"4572","name":"Malešický park","lat":50.086151,"lon":14.496533},"toStop":{"stopId":"U1160Z2P","nodeId":"1160","name":"Univerzitní","lat":50.08506,"lon":14.503273},"lengthM":498.7,"bidirectional":false},"geometry":{"type":"LineString","coordinates":[[14.496574,50.086231],[14.496787,50.086187],[14.497456,50.086155],[14.497806,50.086168],[14.498525,50.086104],[14.499828,50.085746],[14.500187,50.085651],[14.502155,50.085279],[14.502755,50.085178],[14.503289,50.085124]]}},{"type":"Feature","properties":{"segmentId":"RL155_D1_1160~4572","lineId":"L155-1","routeId":"L155","mode":"bus","routeColor":"#007DA8","routeTextColor":"#FFFFFF","routeShortName":"155","routeLongName":"Nemocnice Vinohrady - Poliklinika Malešice","fromStop":{"stopId":"U1160Z1P","nodeId":"1160","name":"Univerzitní","lat":50.085392,"lon":14.501694},"toStop":{"stopId":"U4572Z1P","nodeId":"4572","name":"Malešický park","lat":50.086472,"lon":14.495872},"lengthM":436.6,"bidirectional":false},"geometry":{"type":"LineString","coordinates":[[14.501683,50.085368],[14.500187,50.085651],[14.499828,50.085746],[14.498525,50.086104],[14.497806,50.086168],[14.497456,50.086155],[14.496787,50.086187],[14.49583,50.086386]]}},{"type":"Feature","properties":{"segmentId":"RL1119_134~T57075","lineId":"L1119","routeId":"L1119","mode":"train","routeColor":"#251E62","routeTextColor":"#FFFFFF","routeShortName":"R19","routeLongName":"Praha - Pardubice - Brno","fromStop":{"stopId":"U134Z301","nodeId":"134","name":"Praha-Libeň","lat":50.100788,"lon":14.501663},"toStop":{"stopId":"T57075","nodeId":"T57075","name":"Pha hl.n.L601b,L602b","lat":50.092023,"lon":14.464201},"lengthM":3119.2,"bidirectional":true},"geometry":{"type":"LineString","coordinates":[[14.501666,50.100804],[14.501494,50.100834],[14.501137,50.100895],[14.500822,50.100943],[14.500499,50.100984],[14.500227,50.101014],[14.499955,50.101041],[14.499792,50.101054],[14.499517,50.101075],[14.499275,50.10109],[14.499039,50.101098],[14.498921,50.101101],[14.498607,50.101109],[14.498237,50.101115],[14.497983,50.101119],[14.497701,50.101127],[14.497435,50.101136],[14.497156,50.10115],[14.497081,50.101154],[14.496464,50.101184],[14.49562,50.101231],[14.494982,50.101288],[14.494255,50.10137],[14.492338,50.101605],[14.49192,50.101653],[14.491553,50.101693],[14.490965,50.101751],[14.490181,50.101821],[14.489331,50.101889],[14.488219,50.101951],[14.486556,50.102076],[14.486041,50.102111],[14.485737,50.102125],[14.485235,50.102132],[14.484915,50.10213],[14.484429,50.102112],[14.483902,50.102074],[14.483545,50.102036],[14.483176,50.101988],[14.482771,50.101924],[14.482397,50.101853],[14.482014,50.10177],[14.481756,50.101705],[14.481306,50.101581],[14.480957,50.101472],[14.480427,50.10129],[14.480016,50.101138],[14.479562,50.100961],[14.479092,50.100768],[14.478642,50.100571],[14.478056,50.100297],[14.477724,50.100132],[14.477206,50.099858],[14.476602,50.099512],[14.47639,50.099382],[14.475995,50.099128],[14.475471,50.098767],[14.47516,50.098537],[14.474857,50.098302],[14.474292,50.097834],[14.473729,50.097352],[14.470991,50.09494],[14.470675,50.094678],[14.470343,50.094424],[14.470011,50.094193],[14.469802,50.094062],[14.469629,50.093958],[14.469302,50.093777],[14.46905,50.093649],[14.468826,50.093543],[14.468409,50.093363],[14.468172,50.093268],[14.46761,50.093071],[14.467097,50.092908],[14.466604,50.092761],[14.465412,50.092407],[14.464892,50.092248],[14.464196,50.09204]]}},{"type":"Feature","properties":{"segmentId":"RL1119_142~T57075","lineId":"L1119","routeId":"L1119","mode":"train","routeColor":"#251E62","routeTextColor":"#FFFFFF","routeShortName":"R19","routeLongName":"Praha - Pardubice - Brno","fromStop":{"stopId":"T57075","nodeId":"T57075","name":"Pha hl.n.L601b,L602b","lat":50.092023,"lon":14.464201},"toStop":{"stopId":"U142Z301","nodeId":"142","name":"Praha hl.n.","lat":50.083096,"lon":14.436194},"lengthM":2355.3,"bidirectional":true},"geometry":{"type":"LineString","coordinates":[[14.464196,50.09204],[14.462725,50.0916],[14.461124,50.091129],[14.459858,50.090769],[14.458551,50.090428],[14.457241,50.090116],[14.454601,50.0895],[14.453284,50.089203],[14.451959,50.08895],[14.450583,50.088799],[14.449178,50.088719],[14.445562,50.088495],[14.44509,50.088461],[14.444733,50.088425],[14.4442,50.088356],[14.443664,50.088263],[14.443163,50.088153],[14.44293,50.088094],[14.44256,50.087991],[14.440945,50.087476],[14.440632,50.087361],[14.44007,50.087129],[14.439828,50.087021],[14.439708,50.086962],[14.439148,50.086665],[14.438852,50.08649],[14.438665,50.086369],[14.438447,50.086217],[14.438258,50.086073],[14.438107,50.085925],[14.437964,50.085757],[14.437668,50.085381],[14.4373,50.084868],[14.436066,50.08319]]}},{"type":"Feature","properties":{"segmentId":"RL1119_142~T57073","lineId":"L1119","routeId":"L1119","mode":"train","routeColor":"#251E62","routeTextColor":"#FFFFFF","routeShortName":"R19","routeLongName":"Praha - Pardubice - Brno","fromStop":{"stopId":"U142Z301","nodeId":"142","name":"Praha hl.n.","lat":50.083096,"lon":14.436194},"toStop":{"stopId":"T57073","nodeId":"T57073","name":"Pha hl.n. Lc105-102","lat":50.076302,"lon":14.433863},"lengthM":824.5,"bidirectional":true},"geometry":{"type":"LineString","coordinates":[[14.436066,50.08319],[14.43556,50.082502],[14.434809,50.081494],[14.433649,50.079415],[14.433393,50.07896],[14.433192,50.078567],[14.433116,50.078366],[14.433078,50.078233],[14.433057,50.07812],[14.433026,50.077852],[14.433031,50.077709],[14.433063,50.077424],[14.433185,50.077063],[14.433311,50.076807],[14.433472,50.076529],[14.433689,50.076215]]}},{"type":"Feature","properties":{"segmentId":"RL1118_134~T57075","lineId":"L1118","routeId":"L1118","mode":"train","routeColor":"#251E62","routeTextColor":"#FFFFFF","routeShortName":"R18","routeLongName":"Praha - Pardubice - Olomouc - Luhačovice / Zlín / Veselí nad Moravou","fromStop":{"stopId":"U134Z301","nodeId":"134","name":"Praha-Libeň","lat":50.100788,"lon":14.501663},"toStop":{"stopId":"T57075","nodeId":"T57075","name":"Pha hl.n.L601b,L602b","lat":50.092023,"lon":14.464201},"lengthM":3119.2,"bidirectional":true},"geometry":{"type":"LineString","coordinates":[[14.501666,50.100804],[14.501494,50.100834],[14.501137,50.100895],[14.500822,50.100943],[14.500499,50.100984],[14.500227,50.101014],[14.499955,50.101041],[14.499792,50.101054],[14.499517,50.101075],[14.499275,50.10109],[14.499039,50.101098],[14.498921,50.101101],[14.498607,50.101109],[14.498237,50.101115],[14.497983,50.101119],[14.497701,50.101127],[14.497435,50.101136],[14.497156,50.10115],[14.497081,50.101154],[14.496464,50.101184],[14.49562,50.101231],[14.494982,50.101288],[14.494255,50.10137],[14.492338,50.101605],[14.49192,50.101653],[14.491553,50.101693],[14.490965,50.101751],[14.490181,50.101821],[14.489331,50.101889],[14.488219,50.101951],[14.486556,50.102076],[14.486041,50.102111],[14.485737,50.102125],[14.485235,50.102132],[14.484915,50.10213],[14.484429,50.102112],[14.483902,50.102074],[14.483545,50.102036],[14.483176,50.101988],[14.482771,50.101924],[14.482397,50.101853],[14.482014,50.10177],[14.481756,50.101705],[14.481306,50.101581],[14.480957,50.101472],[14.480427,50.10129],[14.480016,50.101138],[14.479562,50.100961],[14.479092,50.100768],[14.478642,50.100571],[14.478056,50.100297],[14.477724,50.100132],[14.477206,50.099858],[14.476602,50.099512],[14.47639,50.099382],[14.475995,50.099128],[14.475471,50.098767],[14.47516,50.098537],[14.474857,50.098302],[14.474292,50.097834],[14.473729,50.097352],[14.470991,50.09494],[14.470675,50.094678],[14.470343,50.094424],[14.470011,50.094193],[14.469802,50.094062],[14.469629,50.093958],[14.469302,50.093777],[14.46905,50.093649],[14.468826,50.093543],[14.468409,50.093363],[14.468172,50.093268],[14.46761,50.093071],[14.467097,50.092908],[14.466604,50.092761],[14.465412,50.092407],[14.464892,50.092248],[14.464196,50.09204]]}},{"type":"Feature","properties":{"segmentId":"RL1118_142~T57075","lineId":"L1118","routeId":"L1118","mode":"train","routeColor":"#251E62","routeTextColor":"#FFFFFF","routeShortName":"R18","routeLongName":"Praha - Pardubice - Olomouc - Luhačovice / Zlín / Veselí nad Moravou","fromStop":{"stopId":"T57075","nodeId":"T57075","name":"Pha hl.n.L601b,L602b","lat":50.092023,"lon":14.464201},"toStop":{"stopId":"U142Z301","nodeId":"142","name":"Praha hl.n.","lat":50.083096,"lon":14.436194},"lengthM":2355.3,"bidirectional":true},"geometry":{"type":"LineString","coordinates":[[14.464196,50.09204],[14.462725,50.0916],[14.461124,50.091129],[14.459858,50.090769],[14.458551,50.090428],[14.457241,50.090116],[14.454601,50.0895],[14.453284,50.089203],[14.451959,50.08895],[14.450583,50.088799],[14.449178,50.088719],[14.445562,50.088495],[14.44509,50.088461],[14.444733,50.088425],[14.4442,50.088356],[14.443664,50.088263],[14.443163,50.088153],[14.44293,50.088094],[14.44256,50.087991],[14.440945,50.087476],[14.440632,50.087361],[14.44007,50.087129],[14.439828,50.087021],[14.439708,50.086962],[14.439148,50.086665],[14.438852,50.08649],[14.438665,50.086369],[14.438447,50.086217],[14.438258,50.086073],[14.438107,50.085925],[14.437964,50.085757],[14.437668,50.085381],[14.4373,50.084868],[14.436066,50.08319]]}},{"type":"Feature","properties":{"segmentId":"RL1118_142~T57073","lineId":"L1118","routeId":"L1118","mode":"train","routeColor":"#251E62","routeTextColor":"#FFFFFF","routeShortName":"R18","routeLongName":"Praha - Pardubice - Olomouc - Luhačovice / Zlín / Veselí nad Moravou","fromStop":{"stopId":"U142Z301","nodeId":"142","name":"Praha hl.n.","lat":50.083096,"lon":14.436194},"toStop":{"stopId":"T57073","nodeId":"T57073","name":"Pha hl.n. Lc105-102","lat":50.076302,"lon":14.433863},"lengthM":824.5,"bidirectional":true},"geometry":{"type":"LineString","coordinates":[[14.436066,50.08319],[14.43556,50.082502],[14.434809,50.081494],[14.433649,50.079415],[14.433393,50.07896],[14.433192,50.078567],[14.433116,50.078366],[14.433078,50.078233],[14.433057,50.07812],[14.433026,50.077852],[14.433031,50.077709],[14.433063,50.077424],[14.433185,50.077063],[14.433311,50.076807],[14.433472,50.076529],[14.433689,50.076215]]}},{"type":"Feature","properties":{"segmentId":"RL1120_142~T58323","lineId":"L1120","routeId":"L1120","mode":"train","routeColor":"#251E62","routeTextColor":"#FFFFFF","routeShortName":"R20","routeLongName":"Praha - Ústí nad Labem - Děčín","fromStop":{"stopId":"U142Z301","nodeId":"142","name":"Praha hl.n.","lat":50.083096,"lon":14.436194},"toStop":{"stopId":"T58323","nodeId":"T58323","name":"P.hl.n.-Vítkov v.301","lat":50.093168,"lon":14.469236},"lengthM":2745.4,"bidirectional":true},"geometry":{"type":"LineString","coordinates":[[14.436066,50.08319],[14.4373,50.084868],[14.437668,50.085381],[14.437781,50.085511],[14.437896,50.085631],[14.438028,50.08576],[14.438129,50.085864],[14.438253,50.085971],[14.438421,50.0861],[14.4387,50.0863],[14.438928,50.086449],[14.439188,50.086609],[14.439605,50.08683],[14.439949,50.086977],[14.440299,50.087122],[14.440726,50.08729],[14.441039,50.087405],[14.442439,50.087853],[14.442678,50.087926],[14.443101,50.088041],[14.443441,50.088122],[14.443679,50.088171],[14.444027,50.088235],[14.444405,50.088293],[14.444761,50.088335],[14.445079,50.088366],[14.445397,50.088386],[14.445744,50.0884],[14.446343,50.088401],[14.446783,50.088385],[14.448165,50.088349],[14.449573,50.088328],[14.450242,50.088366],[14.450958,50.088425],[14.452303,50.088668],[14.453626,50.088974],[14.456252,50.08957],[14.458867,50.090179],[14.460178,50.090491],[14.460844,50.090694],[14.461431,50.090903],[14.462637,50.091364],[14.463565,50.091695],[14.463805,50.091766],[14.464243,50.09188],[14.464652,50.09197],[14.464918,50.092022],[14.466599,50.092315],[14.467103,50.09242],[14.46735,50.092481],[14.467898,50.092635],[14.468244,50.092749],[14.468692,50.092913],[14.469218,50.093133],[14.469246,50.093146]]}},{"type":"Feature","properties":{"segmentId":"RL1120_T58322~T58323","lineId":"L1120","routeId":"L1120","mode":"train","routeColor":"#251E62","routeTextColor":"#FFFFFF","routeShortName":"R20","routeLongName":"Praha - Ústí nad Labem - Děčín","fromStop":{"stopId":"T58323","nodeId":"T58323","name":"P.hl.n.-Vítkov v.301","lat":50.093168,"lon":14.469236},"toStop":{"stopId":"T58322","nodeId":"T58322","name":"Odb Balabenka","lat":50.101847,"lon":14.480344},"lengthM":1284.7,"bidirectional":true},"geometry":{"type":"LineString","coordinates":[[14.469246,50.093146],[14.469578,50.0933],[14.470042,50.093545],[14.472062,50.094667],[14.473174,50.095292],[14.476172,50.09697],[14.476681,50.097265],[14.47709,50.097522],[14.477391,50.097732],[14.47777,50.09802],[14.478071,50.098278],[14.478272,50.098461],[14.478699,50.098881],[14.478959,50.099158],[14.479121,50.099346],[14.479274,50.099537],[14.47953,50.099896],[14.479655,50.100095],[14.47978,50.100313],[14.479934,50.100621],[14.480054,50.100897],[14.480119,50.101071],[14.480266,50.101528],[14.480355,50.101846]]}},{"type":"Feature","properties":{"segmentId":"RL1117_142~T57073","lineId":"L1117","routeId":"L1117","mode":"train","routeColor":"#251E62","routeTextColor":"#FFFFFF","routeShortName":"R17","routeLongName":"Praha - Tábor - České Budějovice / České Velenice - Wien","fromStop":{"stopId":"U142Z301","nodeId":"142","name":"Praha hl.n.","lat":50.083096,"lon":14.436194},"toStop":{"stopId":"T57073","nodeId":"T57073","name":"Pha hl.n. Lc105-102","lat":50.076302,"lon":14.433863},"lengthM":824.5,"bidirectional":true},"geometry":{"type":"LineString","coordinates":[[14.436066,50.08319],[14.43556,50.082502],[14.434809,50.081494],[14.433649,50.079415],[14.433393,50.07896],[14.433192,50.078567],[14.433116,50.078366],[14.433078,50.078233],[14.433057,50.07812],[14.433026,50.077852],[14.433031,50.077709],[14.433063,50.077424],[14.433185,50.077063],[14.433311,50.076807],[14.433472,50.076529],[14.433689,50.076215]]}},{"type":"Feature","properties":{"segmentId":"RL1116_142~T57072","lineId":"L1116","routeId":"L1116","mode":"train","routeColor":"#251E62","routeTextColor":"#FFFFFF","routeShortName":"R16","routeLongName":"Praha - Plzeň - Klatovy","fromStop":{"stopId":"U142Z301","nodeId":"142","name":"Praha hl.n.","lat":50.083096,"lon":14.436194},"toStop":{"stopId":"T57072","nodeId":"T57072","name":"Pha hl.n. Lc201,202","lat":50.075817,"lon":14.433132},"lengthM":878.5,"bidirectional":true},"geometry":{"type":"LineString","coordinates":[[14.436066,50.08319],[14.43556,50.082502],[14.434809,50.081494],[14.433715,50.080103],[14.433455,50.079715],[14.43313,50.079262],[14.432948,50.078981],[14.432766,50.078662],[14.432617,50.078251],[14.432558,50.077985],[14.432538,50.07771],[14.432548,50.077441],[14.432616,50.07703],[14.432777,50.076604],[14.433018,50.076115],[14.433156,50.075829]]}},{"type":"Feature","properties":{"segmentId":"RL1110_T58322~T58323","lineId":"L1110","routeId":"L1110","mode":"train","routeColor":"#251E62","routeTextColor":"#FFFFFF","routeShortName":"R10","routeLongName":"Praha - Nymburk - Hradec Králové - Trutnov","fromStop":{"stopId":"T58322","nodeId":"T58322","name":"Odb Balabenka","lat":50.101847,"lon":14.480344},"toStop":{"stopId":"T58323","nodeId":"T58323","name":"P.hl.n.-Vítkov v.301","lat":50.093168,"lon":14.469236},"lengthM":1284.7,"bidirectional":true},"geometry":{"type":"LineString","coordinates":[[14.480355,50.101846],[14.480266,50.101528],[14.480119,50.101071],[14.480054,50.100897],[14.479934,50.100621],[14.47978,50.100313],[14.479655,50.100095],[14.47953,50.099896],[14.479274,50.099537],[14.479121,50.099346],[14.478959,50.099158],[14.478699,50.098881],[14.478272,50.098461],[14.478071,50.098278],[14.47777,50.09802],[14.477391,50.097732],[14.47709,50.097522],[14.476681,50.097265],[14.476172,50.09697],[14.473174,50.095292],[14.472062,50.094667],[14.470042,50.093545],[14.469578,50.0933],[14.469246,50.093146]]}},{"type":"Feature","properties":{"segmentId":"RL1110_142~T58323","lineId":"L1110","routeId":"L1110","mode":"train","routeColor":"#251E62","routeTextColor":"#FFFFFF","routeShortName":"R10","routeLongName":"Praha - Nymburk - Hradec Králové - Trutnov","fromStop":{"stopId":"T58323","nodeId":"T58323","name":"P.hl.n.-Vítkov v.301","lat":50.093168,"lon":14.469236},"toStop":{"stopId":"U142Z301","nodeId":"142","name":"Praha hl.n.","lat":50.083096,"lon":14.436194},"lengthM":2745.4,"bidirectional":true},"geometry":{"type":"LineString","coordinates":[[14.469246,50.093146],[14.469218,50.093133],[14.468692,50.092913],[14.468244,50.092749],[14.467898,50.092635],[14.46735,50.092481],[14.467103,50.09242],[14.466599,50.092315],[14.464918,50.092022],[14.464652,50.09197],[14.464243,50.09188],[14.463805,50.091766],[14.463565,50.091695],[14.462637,50.091364],[14.461431,50.090903],[14.460844,50.090694],[14.460178,50.090491],[14.458867,50.090179],[14.456252,50.08957],[14.453626,50.088974],[14.452303,50.088668],[14.450958,50.088425],[14.450242,50.088366],[14.449573,50.088328],[14.448165,50.088349],[14.446783,50.088385],[14.446343,50.088401],[14.445744,50.0884],[14.445397,50.088386],[14.445079,50.088366],[14.444761,50.088335],[14.444405,50.088293],[14.444027,50.088235],[14.443679,50.088171],[14.443441,50.088122],[14.443101,50.088041],[14.442678,50.087926],[14.442439,50.087853],[14.441039,50.087405],[14.440726,50.08729],[14.440299,50.087122],[14.439949,50.086977],[14.439605,50.08683],[14.439188,50.086609],[14.438928,50.086449],[14.4387,50.0863],[14.438421,50.0861],[14.438253,50.085971],[14.438129,50.085864],[14.438028,50.08576],[14.437896,50.085631],[14.437781,50.085511],[14.437668,50.085381],[14.4373,50.084868],[14.436066,50.08319]]}},{"type":"Feature","properties":{"segmentId":"RL1109_134~T57075","lineId":"L1109","routeId":"L1109","mode":"train","routeColor":"#251E62","routeTextColor":"#FFFFFF","routeShortName":"R9","routeLongName":"Praha - Havlíčkův Brod - Brno / Jihlava","fromStop":{"stopId":"U134Z301","nodeId":"134","name":"Praha-Libeň","lat":50.100788,"lon":14.501663},"toStop":{"stopId":"T57075","nodeId":"T57075","name":"Pha hl.n.L601b,L602b","lat":50.092023,"lon":14.464201},"lengthM":3119.2,"bidirectional":true},"geometry":{"type":"LineString","coordinates":[[14.501666,50.100804],[14.501494,50.100834],[14.501137,50.100895],[14.500822,50.100943],[14.500499,50.100984],[14.500227,50.101014],[14.499955,50.101041],[14.499792,50.101054],[14.499517,50.101075],[14.499275,50.10109],[14.499039,50.101098],[14.498921,50.101101],[14.498607,50.101109],[14.498237,50.101115],[14.497983,50.101119],[14.497701,50.101127],[14.497435,50.101136],[14.497156,50.10115],[14.497081,50.101154],[14.496464,50.101184],[14.49562,50.101231],[14.494982,50.101288],[14.494255,50.10137],[14.492338,50.101605],[14.49192,50.101653],[14.491553,50.101693],[14.490965,50.101751],[14.490181,50.101821],[14.489331,50.101889],[14.488219,50.101951],[14.486556,50.102076],[14.486041,50.102111],[14.485737,50.102125],[14.485235,50.102132],[14.484915,50.10213],[14.484429,50.102112],[14.483902,50.102074],[14.483545,50.102036],[14.483176,50.101988],[14.482771,50.101924],[14.482397,50.101853],[14.482014,50.10177],[14.481756,50.101705],[14.481306,50.101581],[14.480957,50.101472],[14.480427,50.10129],[14.480016,50.101138],[14.479562,50.100961],[14.479092,50.100768],[14.478642,50.100571],[14.478056,50.100297],[14.477724,50.100132],[14.477206,50.099858],[14.476602,50.099512],[14.47639,50.099382],[14.475995,50.099128],[14.475471,50.098767],[14.47516,50.098537],[14.474857,50.098302],[14.474292,50.097834],[14.473729,50.097352],[14.470991,50.09494],[14.470675,50.094678],[14.470343,50.094424],[14.470011,50.094193],[14.469802,50.094062],[14.469629,50.093958],[14.469302,50.093777],[14.46905,50.093649],[14.468826,50.093543],[14.468409,50.093363],[14.468172,50.093268],[14.46761,50.093071],[14.467097,50.092908],[14.466604,50.092761],[14.465412,50.092407],[14.464892,50.092248],[14.464196,50.09204]]}},{"type":"Feature","properties":{"segmentId":"RL1109_142~T57075","lineId":"L1109","routeId":"L1109","mode":"train","routeColor":"#251E62","routeTextColor":"#FFFFFF","routeShortName":"R9","routeLongName":"Praha - Havlíčkův Brod - Brno / Jihlava","fromStop":{"stopId":"T57075","nodeId":"T57075","name":"Pha hl.n.L601b,L602b","lat":50.092023,"lon":14.464201},"toStop":{"stopId":"U142Z301","nodeId":"142","name":"Praha hl.n.","lat":50.083096,"lon":14.436194},"lengthM":2355.3,"bidirectional":true},"geometry":{"type":"LineString","coordinates":[[14.464196,50.09204],[14.462725,50.0916],[14.461124,50.091129],[14.459858,50.090769],[14.458551,50.090428],[14.457241,50.090116],[14.454601,50.0895],[14.453284,50.089203],[14.451959,50.08895],[14.450583,50.088799],[14.449178,50.088719],[14.445562,50.088495],[14.44509,50.088461],[14.444733,50.088425],[14.4442,50.088356],[14.443664,50.088263],[14.443163,50.088153],[14.44293,50.088094],[14.44256,50.087991],[14.440945,50.087476],[14.440632,50.087361],[14.44007,50.087129],[14.439828,50.087021],[14.439708,50.086962],[14.439148,50.086665],[14.438852,50.08649],[14.438665,50.086369],[14.438447,50.086217],[14.438258,50.086073],[14.438107,50.085925],[14.437964,50.085757],[14.437668,50.085381],[14.4373,50.084868],[14.436066,50.08319]]}},{"type":"Feature","properties":{"segmentId":"RL1109_142~T57073","lineId":"L1109","routeId":"L1109","mode":"train","routeColor":"#251E62","routeTextColor":"#FFFFFF","routeShortName":"R9","routeLongName":"Praha - Havlíčkův Brod - Brno / Jihlava","fromStop":{"stopId":"U142Z301","nodeId":"142","name":"Praha hl.n.","lat":50.083096,"lon":14.436194},"toStop":{"stopId":"T57073","nodeId":"T57073","name":"Pha hl.n. Lc105-102","lat":50.076302,"lon":14.433863},"lengthM":824.5,"bidirectional":true},"geometry":{"type":"LineString","coordinates":[[14.436066,50.08319],[14.43556,50.082502],[14.434809,50.081494],[14.433649,50.079415],[14.433393,50.07896],[14.433192,50.078567],[14.433116,50.078366],[14.433078,50.078233],[14.433057,50.07812],[14.433026,50.077852],[14.433031,50.077709],[14.433063,50.077424],[14.433185,50.077063],[14.433311,50.076807],[14.433472,50.076529],[14.433689,50.076215]]}},{"type":"Feature","properties":{"segmentId":"RL1121_T58322~T58323","lineId":"L1121","routeId":"L1121","mode":"train","routeColor":"#251E62","routeTextColor":"#FFFFFF","routeShortName":"R21","routeLongName":"Praha - Mladá Boleslav - Turnov - Tanvald","fromStop":{"stopId":"T58322","nodeId":"T58322","name":"Odb Balabenka","lat":50.101847,"lon":14.480344},"toStop":{"stopId":"T58323","nodeId":"T58323","name":"P.hl.n.-Vítkov v.301","lat":50.093168,"lon":14.469236},"lengthM":1284.7,"bidirectional":true},"geometry":{"type":"LineString","coordinates":[[14.480355,50.101846],[14.480266,50.101528],[14.480119,50.101071],[14.480054,50.100897],[14.479934,50.100621],[14.47978,50.100313],[14.479655,50.100095],[14.47953,50.099896],[14.479274,50.099537],[14.479121,50.099346],[14.478959,50.099158],[14.478699,50.098881],[14.478272,50.098461],[14.478071,50.098278],[14.47777,50.09802],[14.477391,50.097732],[14.47709,50.097522],[14.476681,50.097265],[14.476172,50.09697],[14.473174,50.095292],[14.472062,50.094667],[14.470042,50.093545],[14.469578,50.0933],[14.469246,50.093146]]}},{"type":"Feature","properties":{"segmentId":"RL1121_142~T58323","lineId":"L1121","routeId":"L1121","mode":"train","routeColor":"#251E62","routeTextColor":"#FFFFFF","routeShortName":"R21","routeLongName":"Praha - Mladá Boleslav - Turnov - Tanvald","fromStop":{"stopId":"T58323","nodeId":"T58323","name":"P.hl.n.-Vítkov v.301","lat":50.093168,"lon":14.469236},"toStop":{"stopId":"U142Z301","nodeId":"142","name":"Praha hl.n.","lat":50.083096,"lon":14.436194},"lengthM":2745.4,"bidirectional":true},"geometry":{"type":"LineString","coordinates":[[14.469246,50.093146],[14.469218,50.093133],[14.468692,50.092913],[14.468244,50.092749],[14.467898,50.092635],[14.46735,50.092481],[14.467103,50.09242],[14.466599,50.092315],[14.464918,50.092022],[14.464652,50.09197],[14.464243,50.09188],[14.463805,50.091766],[14.463565,50.091695],[14.462637,50.091364],[14.461431,50.090903],[14.460844,50.090694],[14.460178,50.090491],[14.458867,50.090179],[14.456252,50.08957],[14.453626,50.088974],[14.452303,50.088668],[14.450958,50.088425],[14.450242,50.088366],[14.449573,50.088328],[14.448165,50.088349],[14.446783,50.088385],[14.446343,50.088401],[14.445744,50.0884],[14.445397,50.088386],[14.445079,50.088366],[14.444761,50.088335],[14.444405,50.088293],[14.444027,50.088235],[14.443679,50.088171],[14.443441,50.088122],[14.443101,50.088041],[14.442678,50.087926],[14.442439,50.087853],[14.441039,50.087405],[14.440726,50.08729],[14.440299,50.087122],[14.439949,50.086977],[14.439605,50.08683],[14.439188,50.086609],[14.438928,50.086449],[14.4387,50.0863],[14.438421,50.0861],[14.438253,50.085971],[14.438129,50.085864],[14.438028,50.08576],[14.437896,50.085631],[14.437781,50.085511],[14.437668,50.085381],[14.4373,50.084868],[14.436066,50.08319]]}},{"type":"Feature","properties":{"segmentId":"RL1126_142~T57072","lineId":"L1126","routeId":"L1126","mode":"train","routeColor":"#251E62","routeTextColor":"#FFFFFF","routeShortName":"R26","routeLongName":"Praha - Beroun - Písek - České Budějovice","fromStop":{"stopId":"T57072","nodeId":"T57072","name":"Pha hl.n. Lc201,202","lat":50.075817,"lon":14.433132},"toStop":{"stopId":"U142Z301","nodeId":"142","name":"Praha hl.n.","lat":50.083096,"lon":14.436194},"lengthM":878.5,"bidirectional":true},"geometry":{"type":"LineString","coordinates":[[14.433156,50.075829],[14.433018,50.076115],[14.432777,50.076604],[14.432616,50.07703],[14.432548,50.077441],[14.432538,50.07771],[14.432558,50.077985],[14.432617,50.078251],[14.432766,50.078662],[14.432948,50.078981],[14.43313,50.079262],[14.433455,50.079715],[14.433715,50.080103],[14.434809,50.081494],[14.43556,50.082502],[14.436066,50.08319]]}},{"type":"Feature","properties":{"segmentId":"RL1307_D0_142~T57072","lineId":"L1307-0","routeId":"L1307","mode":"train","routeColor":"#251E62","routeTextColor":"#FFFFFF","routeShortName":"T7","routeLongName":"Rakovnický rychlík: Praha - Beroun - Rakovník","fromStop":{"stopId":"U142Z301","nodeId":"142","name":"Praha hl.n.","lat":50.083096,"lon":14.436194},"toStop":{"stopId":"T57072","nodeId":"T57072","name":"Pha hl.n. Lc201,202","lat":50.075817,"lon":14.433132},"lengthM":878.5,"bidirectional":false},"geometry":{"type":"LineString","coordinates":[[14.436066,50.08319],[14.43556,50.082502],[14.434809,50.081494],[14.433715,50.080103],[14.433455,50.079715],[14.43313,50.079262],[14.432948,50.078981],[14.432766,50.078662],[14.432617,50.078251],[14.432558,50.077985],[14.432538,50.07771],[14.432548,50.077441],[14.432616,50.07703],[14.432777,50.076604],[14.433018,50.076115],[14.433156,50.075829]]}},{"type":"Feature","properties":{"segmentId":"RL1303_142~T58323","lineId":"L1303","routeId":"L1303","mode":"train","routeColor":"#251E62","routeTextColor":"#FFFFFF","routeShortName":"T3","routeLongName":"Kokořínský rychlík: Praha - Mělník - Mšeno","fromStop":{"stopId":"U142Z301","nodeId":"142","name":"Praha hl.n.","lat":50.083096,"lon":14.436194},"toStop":{"stopId":"T58323","nodeId":"T58323","name":"P.hl.n.-Vítkov v.301","lat":50.093168,"lon":14.469236},"lengthM":2745.4,"bidirectional":true},"geometry":{"type":"LineString","coordinates":[[14.436066,50.08319],[14.4373,50.084868],[14.437668,50.085381],[14.437781,50.085511],[14.437896,50.085631],[14.438028,50.08576],[14.438129,50.085864],[14.438253,50.085971],[14.438421,50.0861],[14.4387,50.0863],[14.438928,50.086449],[14.439188,50.086609],[14.439605,50.08683],[14.439949,50.086977],[14.440299,50.087122],[14.440726,50.08729],[14.441039,50.087405],[14.442439,50.087853],[14.442678,50.087926],[14.443101,50.088041],[14.443441,50.088122],[14.443679,50.088171],[14.444027,50.088235],[14.444405,50.088293],[14.444761,50.088335],[14.445079,50.088366],[14.445397,50.088386],[14.445744,50.0884],[14.446343,50.088401],[14.446783,50.088385],[14.448165,50.088349],[14.449573,50.088328],[14.450242,50.088366],[14.450958,50.088425],[14.452303,50.088668],[14.453626,50.088974],[14.456252,50.08957],[14.458867,50.090179],[14.460178,50.090491],[14.460844,50.090694],[14.461431,50.090903],[14.462637,50.091364],[14.463565,50.091695],[14.463805,50.091766],[14.464243,50.09188],[14.464652,50.09197],[14.464918,50.092022],[14.466599,50.092315],[14.467103,50.09242],[14.46735,50.092481],[14.467898,50.092635],[14.468244,50.092749],[14.468692,50.092913],[14.469218,50.093133],[14.469246,50.093146]]}},{"type":"Feature","properties":{"segmentId":"RL1303_T58322~T58323","lineId":"L1303","routeId":"L1303","mode":"train","routeColor":"#251E62","routeTextColor":"#FFFFFF","routeShortName":"T3","routeLongName":"Kokořínský rychlík: Praha - Mělník - Mšeno","fromStop":{"stopId":"T58323","nodeId":"T58323","name":"P.hl.n.-Vítkov v.301","lat":50.093168,"lon":14.469236},"toStop":{"stopId":"T58322","nodeId":"T58322","name":"Odb Balabenka","lat":50.101847,"lon":14.480344},"lengthM":1284.7,"bidirectional":true},"geometry":{"type":"LineString","coordinates":[[14.469246,50.093146],[14.469578,50.0933],[14.470042,50.093545],[14.472062,50.094667],[14.473174,50.095292],[14.476172,50.09697],[14.476681,50.097265],[14.47709,50.097522],[14.477391,50.097732],[14.47777,50.09802],[14.478071,50.098278],[14.478272,50.098461],[14.478699,50.098881],[14.478959,50.099158],[14.479121,50.099346],[14.479274,50.099537],[14.47953,50.099896],[14.479655,50.100095],[14.47978,50.100313],[14.479934,50.100621],[14.480054,50.100897],[14.480119,50.101071],[14.480266,50.101528],[14.480355,50.101846]]}},{"type":"Feature","properties":{"segmentId":"RL1310_T58322~T58323","lineId":"L1310","routeId":"L1310","mode":"train","routeColor":"#251E62","routeTextColor":"#FFFFFF","routeShortName":"T10","routeLongName":"Lužickohorský rychlík: Praha - Mladá Boleslav - Česká Lípa - Mikulášovice","fromStop":{"stopId":"T58322","nodeId":"T58322","name":"Odb Balabenka","lat":50.101847,"lon":14.480344},"toStop":{"stopId":"T58323","nodeId":"T58323","name":"P.hl.n.-Vítkov v.301","lat":50.093168,"lon":14.469236},"lengthM":1284.7,"bidirectional":true},"geometry":{"type":"LineString","coordinates":[[14.480355,50.101846],[14.480266,50.101528],[14.480119,50.101071],[14.480054,50.100897],[14.479934,50.100621],[14.47978,50.100313],[14.479655,50.100095],[14.47953,50.099896],[14.479274,50.099537],[14.479121,50.099346],[14.478959,50.099158],[14.478699,50.098881],[14.478272,50.098461],[14.478071,50.098278],[14.47777,50.09802],[14.477391,50.097732],[14.47709,50.097522],[14.476681,50.097265],[14.476172,50.09697],[14.473174,50.095292],[14.472062,50.094667],[14.470042,50.093545],[14.469578,50.0933],[14.469246,50.093146]]}},{"type":"Feature","properties":{"segmentId":"RL1310_142~T58323","lineId":"L1310","routeId":"L1310","mode":"train","routeColor":"#251E62","routeTextColor":"#FFFFFF","routeShortName":"T10","routeLongName":"Lužickohorský rychlík: Praha - Mladá Boleslav - Česká Lípa - Mikulášovice","fromStop":{"stopId":"T58323","nodeId":"T58323","name":"P.hl.n.-Vítkov v.301","lat":50.093168,"lon":14.469236},"toStop":{"stopId":"U142Z301","nodeId":"142","name":"Praha hl.n.","lat":50.083096,"lon":14.436194},"lengthM":2745.4,"bidirectional":true},"geometry":{"type":"LineString","coordinates":[[14.469246,50.093146],[14.469218,50.093133],[14.468692,50.092913],[14.468244,50.092749],[14.467898,50.092635],[14.46735,50.092481],[14.467103,50.09242],[14.466599,50.092315],[14.464918,50.092022],[14.464652,50.09197],[14.464243,50.09188],[14.463805,50.091766],[14.463565,50.091695],[14.462637,50.091364],[14.461431,50.090903],[14.460844,50.090694],[14.460178,50.090491],[14.458867,50.090179],[14.456252,50.08957],[14.453626,50.088974],[14.452303,50.088668],[14.450958,50.088425],[14.450242,50.088366],[14.449573,50.088328],[14.448165,50.088349],[14.446783,50.088385],[14.446343,50.088401],[14.445744,50.0884],[14.445397,50.088386],[14.445079,50.088366],[14.444761,50.088335],[14.444405,50.088293],[14.444027,50.088235],[14.443679,50.088171],[14.443441,50.088122],[14.443101,50.088041],[14.442678,50.087926],[14.442439,50.087853],[14.441039,50.087405],[14.440726,50.08729],[14.440299,50.087122],[14.439949,50.086977],[14.439605,50.08683],[14.439188,50.086609],[14.438928,50.086449],[14.4387,50.0863],[14.438421,50.0861],[14.438253,50.085971],[14.438129,50.085864],[14.438028,50.08576],[14.437896,50.085631],[14.437781,50.085511],[14.437668,50.085381],[14.4373,50.084868],[14.436066,50.08319]]}},{"type":"Feature","properties":{"segmentId":"RL1308_142~T57073","lineId":"L1308","routeId":"L1308","mode":"train","routeColor":"#251E62","routeTextColor":"#FFFFFF","routeShortName":"T8","routeLongName":"Posázavský motoráček: Praha - Vrané nad Vltavou - Čerčany","fromStop":{"stopId":"T57073","nodeId":"T57073","name":"Pha hl.n. Lc105-102","lat":50.076302,"lon":14.433863},"toStop":{"stopId":"U142Z301","nodeId":"142","name":"Praha hl.n.","lat":50.083096,"lon":14.436194},"lengthM":824.5,"bidirectional":true},"geometry":{"type":"LineString","coordinates":[[14.433689,50.076215],[14.433472,50.076529],[14.433311,50.076807],[14.433185,50.077063],[14.433063,50.077424],[14.433031,50.077709],[14.433026,50.077852],[14.433057,50.07812],[14.433078,50.078233],[14.433116,50.078366],[14.433192,50.078567],[14.433393,50.07896],[14.433649,50.079415],[14.434809,50.081494],[14.43556,50.082502],[14.436066,50.08319]]}},{"type":"Feature","properties":{"segmentId":"RL1141_134~T57075","lineId":"L1141","routeId":"L1141","mode":"train","routeColor":"#251E62","routeTextColor":"#FFFFFF","routeShortName":"R41","routeLongName":"Praha - Poříčany - Kolín - Kutná Hora","fromStop":{"stopId":"U134Z301","nodeId":"134","name":"Praha-Libeň","lat":50.100788,"lon":14.501663},"toStop":{"stopId":"T57075","nodeId":"T57075","name":"Pha hl.n.L601b,L602b","lat":50.092023,"lon":14.464201},"lengthM":3119.2,"bidirectional":true},"geometry":{"type":"LineString","coordinates":[[14.501666,50.100804],[14.501494,50.100834],[14.501137,50.100895],[14.500822,50.100943],[14.500499,50.100984],[14.500227,50.101014],[14.499955,50.101041],[14.499792,50.101054],[14.499517,50.101075],[14.499275,50.10109],[14.499039,50.101098],[14.498921,50.101101],[14.498607,50.101109],[14.498237,50.101115],[14.497983,50.101119],[14.497701,50.101127],[14.497435,50.101136],[14.497156,50.10115],[14.497081,50.101154],[14.496464,50.101184],[14.49562,50.101231],[14.494982,50.101288],[14.494255,50.10137],[14.492338,50.101605],[14.49192,50.101653],[14.491553,50.101693],[14.490965,50.101751],[14.490181,50.101821],[14.489331,50.101889],[14.488219,50.101951],[14.486556,50.102076],[14.486041,50.102111],[14.485737,50.102125],[14.485235,50.102132],[14.484915,50.10213],[14.484429,50.102112],[14.483902,50.102074],[14.483545,50.102036],[14.483176,50.101988],[14.482771,50.101924],[14.482397,50.101853],[14.482014,50.10177],[14.481756,50.101705],[14.481306,50.101581],[14.480957,50.101472],[14.480427,50.10129],[14.480016,50.101138],[14.479562,50.100961],[14.479092,50.100768],[14.478642,50.100571],[14.478056,50.100297],[14.477724,50.100132],[14.477206,50.099858],[14.476602,50.099512],[14.47639,50.099382],[14.475995,50.099128],[14.475471,50.098767],[14.47516,50.098537],[14.474857,50.098302],[14.474292,50.097834],[14.473729,50.097352],[14.470991,50.09494],[14.470675,50.094678],[14.470343,50.094424],[14.470011,50.094193],[14.469802,50.094062],[14.469629,50.093958],[14.469302,50.093777],[14.46905,50.093649],[14.468826,50.093543],[14.468409,50.093363],[14.468172,50.093268],[14.46761,50.093071],[14.467097,50.092908],[14.466604,50.092761],[14.465412,50.092407],[14.464892,50.092248],[14.464196,50.09204]]}},{"type":"Feature","properties":{"segmentId":"RL1141_142~T57075","lineId":"L1141","routeId":"L1141","mode":"train","routeColor":"#251E62","routeTextColor":"#FFFFFF","routeShortName":"R41","routeLongName":"Praha - Poříčany - Kolín - Kutná Hora","fromStop":{"stopId":"T57075","nodeId":"T57075","name":"Pha hl.n.L601b,L602b","lat":50.092023,"lon":14.464201},"toStop":{"stopId":"U142Z301","nodeId":"142","name":"Praha hl.n.","lat":50.083096,"lon":14.436194},"lengthM":2355.3,"bidirectional":true},"geometry":{"type":"LineString","coordinates":[[14.464196,50.09204],[14.462725,50.0916],[14.461124,50.091129],[14.459858,50.090769],[14.458551,50.090428],[14.457241,50.090116],[14.454601,50.0895],[14.453284,50.089203],[14.451959,50.08895],[14.450583,50.088799],[14.449178,50.088719],[14.445562,50.088495],[14.44509,50.088461],[14.444733,50.088425],[14.4442,50.088356],[14.443664,50.088263],[14.443163,50.088153],[14.44293,50.088094],[14.44256,50.087991],[14.440945,50.087476],[14.440632,50.087361],[14.44007,50.087129],[14.439828,50.087021],[14.439708,50.086962],[14.439148,50.086665],[14.438852,50.08649],[14.438665,50.086369],[14.438447,50.086217],[14.438258,50.086073],[14.438107,50.085925],[14.437964,50.085757],[14.437668,50.085381],[14.4373,50.084868],[14.436066,50.08319]]}},{"type":"Feature","properties":{"segmentId":"RL1143_142~T58323","lineId":"L1143","routeId":"L1143","mode":"train","routeColor":"#251E62","routeTextColor":"#FFFFFF","routeShortName":"R43","routeLongName":"Praha - Všetaty - Mladá Boleslav","fromStop":{"stopId":"U142Z301","nodeId":"142","name":"Praha hl.n.","lat":50.083096,"lon":14.436194},"toStop":{"stopId":"T58323","nodeId":"T58323","name":"P.hl.n.-Vítkov v.301","lat":50.093168,"lon":14.469236},"lengthM":2745.4,"bidirectional":true},"geometry":{"type":"LineString","coordinates":[[14.436066,50.08319],[14.4373,50.084868],[14.437668,50.085381],[14.437781,50.085511],[14.437896,50.085631],[14.438028,50.08576],[14.438129,50.085864],[14.438253,50.085971],[14.438421,50.0861],[14.4387,50.0863],[14.438928,50.086449],[14.439188,50.086609],[14.439605,50.08683],[14.439949,50.086977],[14.440299,50.087122],[14.440726,50.08729],[14.441039,50.087405],[14.442439,50.087853],[14.442678,50.087926],[14.443101,50.088041],[14.443441,50.088122],[14.443679,50.088171],[14.444027,50.088235],[14.444405,50.088293],[14.444761,50.088335],[14.445079,50.088366],[14.445397,50.088386],[14.445744,50.0884],[14.446343,50.088401],[14.446783,50.088385],[14.448165,50.088349],[14.449573,50.088328],[14.450242,50.088366],[14.450958,50.088425],[14.452303,50.088668],[14.453626,50.088974],[14.456252,50.08957],[14.458867,50.090179],[14.460178,50.090491],[14.460844,50.090694],[14.461431,50.090903],[14.462637,50.091364],[14.463565,50.091695],[14.463805,50.091766],[14.464243,50.09188],[14.464652,50.09197],[14.464918,50.092022],[14.466599,50.092315],[14.467103,50.09242],[14.46735,50.092481],[14.467898,50.092635],[14.468244,50.092749],[14.468692,50.092913],[14.469218,50.093133],[14.469246,50.093146]]}},{"type":"Feature","properties":{"segmentId":"RL1143_T58322~T58323","lineId":"L1143","routeId":"L1143","mode":"train","routeColor":"#251E62","routeTextColor":"#FFFFFF","routeShortName":"R43","routeLongName":"Praha - Všetaty - Mladá Boleslav","fromStop":{"stopId":"T58323","nodeId":"T58323","name":"P.hl.n.-Vítkov v.301","lat":50.093168,"lon":14.469236},"toStop":{"stopId":"T58322","nodeId":"T58322","name":"Odb Balabenka","lat":50.101847,"lon":14.480344},"lengthM":1284.7,"bidirectional":true},"geometry":{"type":"LineString","coordinates":[[14.469246,50.093146],[14.469578,50.0933],[14.470042,50.093545],[14.472062,50.094667],[14.473174,50.095292],[14.476172,50.09697],[14.476681,50.097265],[14.47709,50.097522],[14.477391,50.097732],[14.47777,50.09802],[14.478071,50.098278],[14.478272,50.098461],[14.478699,50.098881],[14.478959,50.099158],[14.479121,50.099346],[14.479274,50.099537],[14.47953,50.099896],[14.479655,50.100095],[14.47978,50.100313],[14.479934,50.100621],[14.480054,50.100897],[14.480119,50.101071],[14.480266,50.101528],[14.480355,50.101846]]}},{"type":"Feature","properties":{"segmentId":"RL1003_142~T58323","lineId":"L1003","routeId":"L1003","mode":"train","routeColor":"#251E62","routeTextColor":"#FFFFFF","routeShortName":"S3","routeLongName":"Praha - Mělník","fromStop":{"stopId":"U142Z301","nodeId":"142","name":"Praha hl.n.","lat":50.083096,"lon":14.436194},"toStop":{"stopId":"T58323","nodeId":"T58323","name":"P.hl.n.-Vítkov v.301","lat":50.093168,"lon":14.469236},"lengthM":2745.4,"bidirectional":true},"geometry":{"type":"LineString","coordinates":[[14.436066,50.08319],[14.4373,50.084868],[14.437668,50.085381],[14.437781,50.085511],[14.437896,50.085631],[14.438028,50.08576],[14.438129,50.085864],[14.438253,50.085971],[14.438421,50.0861],[14.4387,50.0863],[14.438928,50.086449],[14.439188,50.086609],[14.439605,50.08683],[14.439949,50.086977],[14.440299,50.087122],[14.440726,50.08729],[14.441039,50.087405],[14.442439,50.087853],[14.442678,50.087926],[14.443101,50.088041],[14.443441,50.088122],[14.443679,50.088171],[14.444027,50.088235],[14.444405,50.088293],[14.444761,50.088335],[14.445079,50.088366],[14.445397,50.088386],[14.445744,50.0884],[14.446343,50.088401],[14.446783,50.088385],[14.448165,50.088349],[14.449573,50.088328],[14.450242,50.088366],[14.450958,50.088425],[14.452303,50.088668],[14.453626,50.088974],[14.456252,50.08957],[14.458867,50.090179],[14.460178,50.090491],[14.460844,50.090694],[14.461431,50.090903],[14.462637,50.091364],[14.463565,50.091695],[14.463805,50.091766],[14.464243,50.09188],[14.464652,50.09197],[14.464918,50.092022],[14.466599,50.092315],[14.467103,50.09242],[14.46735,50.092481],[14.467898,50.092635],[14.468244,50.092749],[14.468692,50.092913],[14.469218,50.093133],[14.469246,50.093146]]}},{"type":"Feature","properties":{"segmentId":"RL1003_T58322~T58323","lineId":"L1003","routeId":"L1003","mode":"train","routeColor":"#251E62","routeTextColor":"#FFFFFF","routeShortName":"S3","routeLongName":"Praha - Mělník","fromStop":{"stopId":"T58323","nodeId":"T58323","name":"P.hl.n.-Vítkov v.301","lat":50.093168,"lon":14.469236},"toStop":{"stopId":"T58322","nodeId":"T58322","name":"Odb Balabenka","lat":50.101847,"lon":14.480344},"lengthM":1284.7,"bidirectional":true},"geometry":{"type":"LineString","coordinates":[[14.469246,50.093146],[14.469578,50.0933],[14.470042,50.093545],[14.472062,50.094667],[14.473174,50.095292],[14.476172,50.09697],[14.476681,50.097265],[14.47709,50.097522],[14.477391,50.097732],[14.47777,50.09802],[14.478071,50.098278],[14.478272,50.098461],[14.478699,50.098881],[14.478959,50.099158],[14.479121,50.099346],[14.479274,50.099537],[14.47953,50.099896],[14.479655,50.100095],[14.47978,50.100313],[14.479934,50.100621],[14.480054,50.100897],[14.480119,50.101071],[14.480266,50.101528],[14.480355,50.101846]]}},{"type":"Feature","properties":{"segmentId":"RL1302_142~T57075","lineId":"L1302","routeId":"L1302","mode":"train","routeColor":"#251E62","routeTextColor":"#FFFFFF","routeShortName":"T2","routeLongName":"Český ráj: Praha - Nymburk - Jičín","fromStop":{"stopId":"U142Z301","nodeId":"142","name":"Praha hl.n.","lat":50.083096,"lon":14.436194},"toStop":{"stopId":"T57075","nodeId":"T57075","name":"Pha hl.n.L601b,L602b","lat":50.092023,"lon":14.464201},"lengthM":2355.3,"bidirectional":true},"geometry":{"type":"LineString","coordinates":[[14.436066,50.08319],[14.4373,50.084868],[14.437668,50.085381],[14.437964,50.085757],[14.438107,50.085925],[14.438258,50.086073],[14.438447,50.086217],[14.438665,50.086369],[14.438852,50.08649],[14.439148,50.086665],[14.439708,50.086962],[14.439828,50.087021],[14.44007,50.087129],[14.440632,50.087361],[14.440945,50.087476],[14.44256,50.087991],[14.44293,50.088094],[14.443163,50.088153],[14.443664,50.088263],[14.4442,50.088356],[14.444733,50.088425],[14.44509,50.088461],[14.445562,50.088495],[14.449178,50.088719],[14.450583,50.088799],[14.451959,50.08895],[14.453284,50.089203],[14.454601,50.0895],[14.457241,50.090116],[14.458551,50.090428],[14.459858,50.090769],[14.461124,50.091129],[14.462725,50.0916],[14.464196,50.09204]]}},{"type":"Feature","properties":{"segmentId":"RL1302_134~T57075","lineId":"L1302","routeId":"L1302","mode":"train","routeColor":"#251E62","routeTextColor":"#FFFFFF","routeShortName":"T2","routeLongName":"Český ráj: Praha - Nymburk - Jičín","fromStop":{"stopId":"T57075","nodeId":"T57075","name":"Pha hl.n.L601b,L602b","lat":50.092023,"lon":14.464201},"toStop":{"stopId":"U134Z301","nodeId":"134","name":"Praha-Libeň","lat":50.100788,"lon":14.501663},"lengthM":3119.2,"bidirectional":true},"geometry":{"type":"LineString","coordinates":[[14.464196,50.09204],[14.464892,50.092248],[14.465412,50.092407],[14.466604,50.092761],[14.467097,50.092908],[14.46761,50.093071],[14.468172,50.093268],[14.468409,50.093363],[14.468826,50.093543],[14.46905,50.093649],[14.469302,50.093777],[14.469629,50.093958],[14.469802,50.094062],[14.470011,50.094193],[14.470343,50.094424],[14.470675,50.094678],[14.470991,50.09494],[14.473729,50.097352],[14.474292,50.097834],[14.474857,50.098302],[14.47516,50.098537],[14.475471,50.098767],[14.475995,50.099128],[14.47639,50.099382],[14.476602,50.099512],[14.477206,50.099858],[14.477724,50.100132],[14.478056,50.100297],[14.478642,50.100571],[14.479092,50.100768],[14.479562,50.100961],[14.480016,50.101138],[14.480427,50.10129],[14.480957,50.101472],[14.481306,50.101581],[14.481756,50.101705],[14.482014,50.10177],[14.482397,50.101853],[14.482771,50.101924],[14.483176,50.101988],[14.483545,50.102036],[14.483902,50.102074],[14.484429,50.102112],[14.484915,50.10213],[14.485235,50.102132],[14.485737,50.102125],[14.486041,50.102111],[14.486556,50.102076],[14.488219,50.101951],[14.489331,50.101889],[14.490181,50.101821],[14.490965,50.101751],[14.491553,50.101693],[14.49192,50.101653],[14.492338,50.101605],[14.494255,50.10137],[14.494982,50.101288],[14.49562,50.101231],[14.496464,50.101184],[14.497081,50.101154],[14.497156,50.10115],[14.497435,50.101136],[14.497701,50.101127],[14.497983,50.101119],[14.498237,50.101115],[14.498607,50.101109],[14.498921,50.101101],[14.499039,50.101098],[14.499275,50.10109],[14.499517,50.101075],[14.499792,50.101054],[14.499955,50.101041],[14.500227,50.101014],[14.500499,50.100984],[14.500822,50.100943],[14.501137,50.100895],[14.501494,50.100834],[14.501666,50.100804]]}},{"type":"Feature","properties":{"segmentId":"RL1306_142~T57072","lineId":"L1306","routeId":"L1306","mode":"train","routeColor":"#251E62","routeTextColor":"#FFFFFF","routeShortName":"T6","routeLongName":"Brdy: Praha - Beroun - Blatná","fromStop":{"stopId":"U142Z301","nodeId":"142","name":"Praha hl.n.","lat":50.083096,"lon":14.436194},"toStop":{"stopId":"T57072","nodeId":"T57072","name":"Pha hl.n. Lc201,202","lat":50.075817,"lon":14.433132},"lengthM":878.5,"bidirectional":true},"geometry":{"type":"LineString","coordinates":[[14.436066,50.08319],[14.43556,50.082502],[14.434809,50.081494],[14.433715,50.080103],[14.433455,50.079715],[14.43313,50.079262],[14.432948,50.078981],[14.432766,50.078662],[14.432617,50.078251],[14.432558,50.077985],[14.432538,50.07771],[14.432548,50.077441],[14.432616,50.07703],[14.432777,50.076604],[14.433018,50.076115],[14.433156,50.075829]]}},{"type":"Feature","properties":{"segmentId":"RL1149_142~T57073","lineId":"L1149","routeId":"L1149","mode":"train","routeColor":"#251E62","routeTextColor":"#FFFFFF","routeShortName":"R49","routeLongName":"Praha - Benešov u Prahy - Tábor","fromStop":{"stopId":"T57073","nodeId":"T57073","name":"Pha hl.n. Lc105-102","lat":50.076302,"lon":14.433863},"toStop":{"stopId":"U142Z301","nodeId":"142","name":"Praha hl.n.","lat":50.083096,"lon":14.436194},"lengthM":824.5,"bidirectional":true},"geometry":{"type":"LineString","coordinates":[[14.433689,50.076215],[14.433472,50.076529],[14.433311,50.076807],[14.433185,50.077063],[14.433063,50.077424],[14.433031,50.077709],[14.433026,50.077852],[14.433057,50.07812],[14.433078,50.078233],[14.433116,50.078366],[14.433192,50.078567],[14.433393,50.07896],[14.433649,50.079415],[14.434809,50.081494],[14.43556,50.082502],[14.436066,50.08319]]}},{"type":"Feature","properties":{"segmentId":"RL1142_T58321~T58322","lineId":"L1142","routeId":"L1142","mode":"train","routeColor":"#251E62","routeTextColor":"#FFFFFF","routeShortName":"R42","routeLongName":"Praha - Lysá nad Labem - Nymburk - Kolín","fromStop":{"stopId":"T58322","nodeId":"T58322","name":"Odb Balabenka","lat":50.101847,"lon":14.480344},"toStop":{"stopId":"T58321","nodeId":"T58321","name":"Praha M.n.-Sluncová","lat":50.091699,"lon":14.460163},"lengthM":1945.4,"bidirectional":true},"geometry":{"type":"LineString","coordinates":[[14.480355,50.101846],[14.480266,50.101528],[14.480119,50.101071],[14.480054,50.100897],[14.479934,50.100621],[14.47978,50.100313],[14.479655,50.100095],[14.47953,50.099896],[14.479274,50.099537],[14.479121,50.099346],[14.478959,50.099158],[14.478699,50.098881],[14.478272,50.098461],[14.478071,50.098278],[14.47777,50.09802],[14.477391,50.097732],[14.47709,50.097522],[14.476681,50.097265],[14.476172,50.09697],[14.473174,50.095292],[14.472368,50.094867],[14.471937,50.09465],[14.470944,50.094198],[14.470405,50.093955],[14.469975,50.09377],[14.469141,50.093423],[14.468607,50.09321],[14.468367,50.093117],[14.467903,50.092954],[14.467477,50.092821],[14.467273,50.092763],[14.467081,50.092711],[14.466678,50.092614],[14.466467,50.092568],[14.465934,50.092466],[14.465678,50.092422],[14.465009,50.092334],[14.463761,50.092188],[14.462747,50.092059],[14.461099,50.091848],[14.460779,50.091808],[14.460236,50.091736],[14.460159,50.091723]]}},{"type":"Feature","properties":{"segmentId":"RL1142_T58321~T58396","lineId":"L1142","routeId":"L1142","mode":"train","routeColor":"#251E62","routeTextColor":"#FFFFFF","routeShortName":"R42","routeLongName":"Praha - Lysá nad Labem - Nymburk - Kolín","fromStop":{"stopId":"T58321","nodeId":"T58321","name":"Praha M.n.-Sluncová","lat":50.091699,"lon":14.460163},"toStop":{"stopId":"T58396","nodeId":"T58396","name":"Praha M.n.-Hrabovka","lat":50.08963,"lon":14.449321},"lengthM":808.1,"bidirectional":true},"geometry":{"type":"LineString","coordinates":[[14.460159,50.091723],[14.459641,50.091638],[14.458913,50.09151],[14.458139,50.09136],[14.449327,50.089599]]}},{"type":"Feature","properties":{"segmentId":"RL1142_480~T58396","lineId":"L1142","routeId":"L1142","mode":"train","routeColor":"#251E62","routeTextColor":"#FFFFFF","routeShortName":"R42","routeLongName":"Praha - Lysá nad Labem - Nymburk - Kolín","fromStop":{"stopId":"T58396","nodeId":"T58396","name":"Praha M.n.-Hrabovka","lat":50.08963,"lon":14.449321},"toStop":{"stopId":"U480Z301","nodeId":"480","name":"Praha Masarykovo nádraží","lat":50.087936,"lon":14.43374},"lengthM":1139.8,"bidirectional":true},"geometry":{"type":"LineString","coordinates":[[14.449327,50.089599],[14.449262,50.089586],[14.448372,50.089388],[14.446775,50.08908],[14.446686,50.089061],[14.446018,50.088927],[14.445733,50.088869],[14.445575,50.088836],[14.445336,50.088786],[14.444796,50.088674],[14.443477,50.088397],[14.44273,50.088238],[14.442446,50.088188],[14.442303,50.088165],[14.442174,50.088145],[14.441944,50.088116],[14.441702,50.088092],[14.441301,50.088057],[14.441114,50.088043],[14.440899,50.088025],[14.440785,50.088016],[14.44039,50.087985],[14.43998,50.087952],[14.439441,50.087911],[14.439022,50.087877],[14.438599,50.087863],[14.438034,50.087843],[14.437507,50.087802],[14.437101,50.087769],[14.436846,50.087753],[14.436643,50.087748],[14.436535,50.087747],[14.434026,50.087743],[14.433741,50.087741]]}},{"type":"Feature","properties":{"segmentId":"RL1009_142~T57073","lineId":"L1009","routeId":"L1009","mode":"train","routeColor":"#251E62","routeTextColor":"#FFFFFF","routeShortName":"S9","routeLongName":"Milovice - Praha - Strančice - Benešov u Prahy","fromStop":{"stopId":"U142Z301","nodeId":"142","name":"Praha hl.n.","lat":50.083096,"lon":14.436194},"toStop":{"stopId":"T57073","nodeId":"T57073","name":"Pha hl.n. Lc105-102","lat":50.076302,"lon":14.433863},"lengthM":824.5,"bidirectional":true},"geometry":{"type":"LineString","coordinates":[[14.436066,50.08319],[14.43556,50.082502],[14.434809,50.081494],[14.433649,50.079415],[14.433393,50.07896],[14.433192,50.078567],[14.433116,50.078366],[14.433078,50.078233],[14.433057,50.07812],[14.433026,50.077852],[14.433031,50.077709],[14.433063,50.077424],[14.433185,50.077063],[14.433311,50.076807],[14.433472,50.076529],[14.433689,50.076215]]}},{"type":"Feature","properties":{"segmentId":"RL1002_T58322~T58323","lineId":"L1002","routeId":"L1002","mode":"train","routeColor":"#251E62","routeTextColor":"#FFFFFF","routeShortName":"S2","routeLongName":"Praha - Lysá nad Labem - Nymburk - Kolín","fromStop":{"stopId":"T58322","nodeId":"T58322","name":"Odb Balabenka","lat":50.101847,"lon":14.480344},"toStop":{"stopId":"T58323","nodeId":"T58323","name":"P.hl.n.-Vítkov v.301","lat":50.093168,"lon":14.469236},"lengthM":1284.7,"bidirectional":true},"geometry":{"type":"LineString","coordinates":[[14.480355,50.101846],[14.480266,50.101528],[14.480119,50.101071],[14.480054,50.100897],[14.479934,50.100621],[14.47978,50.100313],[14.479655,50.100095],[14.47953,50.099896],[14.479274,50.099537],[14.479121,50.099346],[14.478959,50.099158],[14.478699,50.098881],[14.478272,50.098461],[14.478071,50.098278],[14.47777,50.09802],[14.477391,50.097732],[14.47709,50.097522],[14.476681,50.097265],[14.476172,50.09697],[14.473174,50.095292],[14.472062,50.094667],[14.470042,50.093545],[14.469578,50.0933],[14.469246,50.093146]]}},{"type":"Feature","properties":{"segmentId":"RL1002_142~T58323","lineId":"L1002","routeId":"L1002","mode":"train","routeColor":"#251E62","routeTextColor":"#FFFFFF","routeShortName":"S2","routeLongName":"Praha - Lysá nad Labem - Nymburk - Kolín","fromStop":{"stopId":"T58323","nodeId":"T58323","name":"P.hl.n.-Vítkov v.301","lat":50.093168,"lon":14.469236},"toStop":{"stopId":"U142Z301","nodeId":"142","name":"Praha hl.n.","lat":50.083096,"lon":14.436194},"lengthM":2745.4,"bidirectional":true},"geometry":{"type":"LineString","coordinates":[[14.469246,50.093146],[14.469218,50.093133],[14.468692,50.092913],[14.468244,50.092749],[14.467898,50.092635],[14.46735,50.092481],[14.467103,50.09242],[14.466599,50.092315],[14.464918,50.092022],[14.464652,50.09197],[14.464243,50.09188],[14.463805,50.091766],[14.463565,50.091695],[14.462637,50.091364],[14.461431,50.090903],[14.460844,50.090694],[14.460178,50.090491],[14.458867,50.090179],[14.456252,50.08957],[14.453626,50.088974],[14.452303,50.088668],[14.450958,50.088425],[14.450242,50.088366],[14.449573,50.088328],[14.448165,50.088349],[14.446783,50.088385],[14.446343,50.088401],[14.445744,50.0884],[14.445397,50.088386],[14.445079,50.088366],[14.444761,50.088335],[14.444405,50.088293],[14.444027,50.088235],[14.443679,50.088171],[14.443441,50.088122],[14.443101,50.088041],[14.442678,50.087926],[14.442439,50.087853],[14.441039,50.087405],[14.440726,50.08729],[14.440299,50.087122],[14.439949,50.086977],[14.439605,50.08683],[14.439188,50.086609],[14.438928,50.086449],[14.4387,50.0863],[14.438421,50.0861],[14.438253,50.085971],[14.438129,50.085864],[14.438028,50.08576],[14.437896,50.085631],[14.437781,50.085511],[14.437668,50.085381],[14.4373,50.084868],[14.436066,50.08319]]}},{"type":"Feature","properties":{"segmentId":"RL1301_142~T57072","lineId":"L1301","routeId":"L1301","mode":"train","routeColor":"#251E62","routeTextColor":"#FFFFFF","routeShortName":"T1","routeLongName":"Pražský motoráček: Praha hl.n. - Praha-Zličín","fromStop":{"stopId":"U142Z301","nodeId":"142","name":"Praha hl.n.","lat":50.083096,"lon":14.436194},"toStop":{"stopId":"T57072","nodeId":"T57072","name":"Pha hl.n. Lc201,202","lat":50.075817,"lon":14.433132},"lengthM":878.5,"bidirectional":true},"geometry":{"type":"LineString","coordinates":[[14.436066,50.08319],[14.43556,50.082502],[14.434809,50.081494],[14.433715,50.080103],[14.433455,50.079715],[14.43313,50.079262],[14.432948,50.078981],[14.432766,50.078662],[14.432617,50.078251],[14.432558,50.077985],[14.432538,50.07771],[14.432548,50.077441],[14.432616,50.07703],[14.432777,50.076604],[14.433018,50.076115],[14.433156,50.075829]]}},{"type":"Feature","properties":{"segmentId":"RL1034_480~T58396","lineId":"L1034","routeId":"L1034","mode":"train","routeColor":"#251E62","routeTextColor":"#FFFFFF","routeShortName":"S34","routeLongName":"Praha Masarykovo nádraží - Praha-Čakovice","fromStop":{"stopId":"U480Z301","nodeId":"480","name":"Praha Masarykovo nádraží","lat":50.087936,"lon":14.43374},"toStop":{"stopId":"T58396","nodeId":"T58396","name":"Praha M.n.-Hrabovka","lat":50.08963,"lon":14.449321},"lengthM":1139.8,"bidirectional":true},"geometry":{"type":"LineString","coordinates":[[14.433741,50.087741],[14.434026,50.087743],[14.436535,50.087747],[14.436643,50.087748],[14.436846,50.087753],[14.437101,50.087769],[14.437507,50.087802],[14.438034,50.087843],[14.438599,50.087863],[14.439022,50.087877],[14.439441,50.087911],[14.43998,50.087952],[14.44039,50.087985],[14.440785,50.088016],[14.440899,50.088025],[14.441114,50.088043],[14.441301,50.088057],[14.441702,50.088092],[14.441944,50.088116],[14.442174,50.088145],[14.442303,50.088165],[14.442446,50.088188],[14.44273,50.088238],[14.443477,50.088397],[14.444796,50.088674],[14.445336,50.088786],[14.445575,50.088836],[14.445733,50.088869],[14.446018,50.088927],[14.446686,50.089061],[14.446775,50.08908],[14.448372,50.089388],[14.449262,50.089586],[14.449327,50.089599]]}},{"type":"Feature","properties":{"segmentId":"RL1034_T58321~T58396","lineId":"L1034","routeId":"L1034","mode":"train","routeColor":"#251E62","routeTextColor":"#FFFFFF","routeShortName":"S34","routeLongName":"Praha Masarykovo nádraží - Praha-Čakovice","fromStop":{"stopId":"T58396","nodeId":"T58396","name":"Praha M.n.-Hrabovka","lat":50.08963,"lon":14.449321},"toStop":{"stopId":"T58321","nodeId":"T58321","name":"Praha M.n.-Sluncová","lat":50.091699,"lon":14.460163},"lengthM":808.1,"bidirectional":true},"geometry":{"type":"LineString","coordinates":[[14.449327,50.089599],[14.458139,50.09136],[14.458913,50.09151],[14.459641,50.091638],[14.460159,50.091723]]}},{"type":"Feature","properties":{"segmentId":"RL1034_T58321~T58322","lineId":"L1034","routeId":"L1034","mode":"train","routeColor":"#251E62","routeTextColor":"#FFFFFF","routeShortName":"S34","routeLongName":"Praha Masarykovo nádraží - Praha-Čakovice","fromStop":{"stopId":"T58321","nodeId":"T58321","name":"Praha M.n.-Sluncová","lat":50.091699,"lon":14.460163},"toStop":{"stopId":"T58322","nodeId":"T58322","name":"Odb Balabenka","lat":50.101847,"lon":14.480344},"lengthM":1945.4,"bidirectional":true},"geometry":{"type":"LineString","coordinates":[[14.460159,50.091723],[14.460236,50.091736],[14.460779,50.091808],[14.461099,50.091848],[14.462747,50.092059],[14.463761,50.092188],[14.465009,50.092334],[14.465678,50.092422],[14.465934,50.092466],[14.466467,50.092568],[14.466678,50.092614],[14.467081,50.092711],[14.467273,50.092763],[14.467477,50.092821],[14.467903,50.092954],[14.468367,50.093117],[14.468607,50.09321],[14.469141,50.093423],[14.469975,50.09377],[14.470405,50.093955],[14.470944,50.094198],[14.471937,50.09465],[14.472368,50.094867],[14.473174,50.095292],[14.476172,50.09697],[14.476681,50.097265],[14.47709,50.097522],[14.477391,50.097732],[14.47777,50.09802],[14.478071,50.098278],[14.478272,50.098461],[14.478699,50.098881],[14.478959,50.099158],[14.479121,50.099346],[14.479274,50.099537],[14.47953,50.099896],[14.479655,50.100095],[14.47978,50.100313],[14.479934,50.100621],[14.480054,50.100897],[14.480119,50.101071],[14.480266,50.101528],[14.480355,50.101846]]}},{"type":"Feature","properties":{"segmentId":"RL1001_134~T58321","lineId":"L1001","routeId":"L1001","mode":"train","routeColor":"#251E62","routeTextColor":"#FFFFFF","routeShortName":"S1","routeLongName":"Praha - Český Brod - Poříčany - Kolín","fromStop":{"stopId":"U134Z301","nodeId":"134","name":"Praha-Libeň","lat":50.100788,"lon":14.501663},"toStop":{"stopId":"T58321","nodeId":"T58321","name":"Praha M.n.-Sluncová","lat":50.091699,"lon":14.460163},"lengthM":3403.9,"bidirectional":true},"geometry":{"type":"LineString","coordinates":[[14.501666,50.100804],[14.501494,50.100834],[14.501137,50.100895],[14.500822,50.100943],[14.500499,50.100984],[14.500227,50.101014],[14.499955,50.101041],[14.499792,50.101054],[14.499517,50.101075],[14.499275,50.10109],[14.499039,50.101098],[14.498921,50.101101],[14.498607,50.101109],[14.498237,50.101115],[14.497983,50.101119],[14.497701,50.101127],[14.497435,50.101136],[14.497156,50.10115],[14.497081,50.101154],[14.496464,50.101184],[14.49562,50.101231],[14.494982,50.101288],[14.494255,50.10137],[14.492338,50.101605],[14.49192,50.101653],[14.491553,50.101693],[14.490965,50.101751],[14.490181,50.101821],[14.489331,50.101889],[14.488219,50.101951],[14.486556,50.102076],[14.486041,50.102111],[14.485737,50.102125],[14.485235,50.102132],[14.484915,50.10213],[14.484429,50.102112],[14.483902,50.102074],[14.483545,50.102036],[14.483176,50.101988],[14.482771,50.101924],[14.482397,50.101853],[14.482014,50.10177],[14.481756,50.101705],[14.481306,50.101581],[14.480957,50.101472],[14.480427,50.10129],[14.480016,50.101138],[14.479562,50.100961],[14.479092,50.100768],[14.478642,50.100571],[14.478056,50.100297],[14.477724,50.100132],[14.477206,50.099858],[14.476602,50.099512],[14.47639,50.099382],[14.475995,50.099128],[14.475471,50.098767],[14.47516,50.098537],[14.474857,50.098302],[14.474292,50.097834],[14.473729,50.097352],[14.470991,50.09494],[14.470675,50.094678],[14.470343,50.094424],[14.470011,50.094193],[14.469802,50.094062],[14.469629,50.093958],[14.469302,50.093777],[14.46905,50.093649],[14.468826,50.093543],[14.468409,50.093363],[14.468172,50.093268],[14.46761,50.093071],[14.467097,50.092908],[14.466604,50.092761],[14.465999,50.092628],[14.465665,50.092563],[14.465167,50.092475],[14.464679,50.092399],[14.461784,50.091978],[14.460236,50.091736],[14.460159,50.091723]]}},{"type":"Feature","properties":{"segmentId":"RL1001_T58321~T58396","lineId":"L1001","routeId":"L1001","mode":"train","routeColor":"#251E62","routeTextColor":"#FFFFFF","routeShortName":"S1","routeLongName":"Praha - Český Brod - Poříčany - Kolín","fromStop":{"stopId":"T58321","nodeId":"T58321","name":"Praha M.n.-Sluncová","lat":50.091699,"lon":14.460163},"toStop":{"stopId":"T58396","nodeId":"T58396","name":"Praha M.n.-Hrabovka","lat":50.08963,"lon":14.449321},"lengthM":808.1,"bidirectional":true},"geometry":{"type":"LineString","coordinates":[[14.460159,50.091723],[14.459641,50.091638],[14.458913,50.09151],[14.458139,50.09136],[14.449327,50.089599]]}},{"type":"Feature","properties":{"segmentId":"RL1001_480~T58396","lineId":"L1001","routeId":"L1001","mode":"train","routeColor":"#251E62","routeTextColor":"#FFFFFF","routeShortName":"S1","routeLongName":"Praha - Český Brod - Poříčany - Kolín","fromStop":{"stopId":"T58396","nodeId":"T58396","name":"Praha M.n.-Hrabovka","lat":50.08963,"lon":14.449321},"toStop":{"stopId":"U480Z301","nodeId":"480","name":"Praha Masarykovo nádraží","lat":50.087936,"lon":14.43374},"lengthM":1139.8,"bidirectional":true},"geometry":{"type":"LineString","coordinates":[[14.449327,50.089599],[14.449262,50.089586],[14.448372,50.089388],[14.446775,50.08908],[14.446686,50.089061],[14.446018,50.088927],[14.445733,50.088869],[14.445575,50.088836],[14.445336,50.088786],[14.444796,50.088674],[14.443477,50.088397],[14.44273,50.088238],[14.442446,50.088188],[14.442303,50.088165],[14.442174,50.088145],[14.441944,50.088116],[14.441702,50.088092],[14.441301,50.088057],[14.441114,50.088043],[14.440899,50.088025],[14.440785,50.088016],[14.44039,50.087985],[14.43998,50.087952],[14.439441,50.087911],[14.439022,50.087877],[14.438599,50.087863],[14.438034,50.087843],[14.437507,50.087802],[14.437101,50.087769],[14.436846,50.087753],[14.436643,50.087748],[14.436535,50.087747],[14.434026,50.087743],[14.433741,50.087741]]}},{"type":"Feature","properties":{"segmentId":"RL1007_142~T57072","lineId":"L1007","routeId":"L1007","mode":"train","routeColor":"#251E62","routeTextColor":"#FFFFFF","routeShortName":"S7","routeLongName":"Praha - Řevnice - Beroun","fromStop":{"stopId":"U142Z301","nodeId":"142","name":"Praha hl.n.","lat":50.083096,"lon":14.436194},"toStop":{"stopId":"T57072","nodeId":"T57072","name":"Pha hl.n. Lc201,202","lat":50.075817,"lon":14.433132},"lengthM":878.5,"bidirectional":true},"geometry":{"type":"LineString","coordinates":[[14.436066,50.08319],[14.43556,50.082502],[14.434809,50.081494],[14.433715,50.080103],[14.433455,50.079715],[14.43313,50.079262],[14.432948,50.078981],[14.432766,50.078662],[14.432617,50.078251],[14.432558,50.077985],[14.432538,50.07771],[14.432548,50.077441],[14.432616,50.07703],[14.432777,50.076604],[14.433018,50.076115],[14.433156,50.075829]]}},{"type":"Feature","properties":{"segmentId":"RL1008_142~T57073","lineId":"L1008","routeId":"L1008","mode":"train","routeColor":"#251E62","routeTextColor":"#FFFFFF","routeShortName":"S8","routeLongName":"Praha - Vrané nad Vltavou - Čerčany","fromStop":{"stopId":"T57073","nodeId":"T57073","name":"Pha hl.n. Lc105-102","lat":50.076302,"lon":14.433863},"toStop":{"stopId":"U142Z301","nodeId":"142","name":"Praha hl.n.","lat":50.083096,"lon":14.436194},"lengthM":824.5,"bidirectional":true},"geometry":{"type":"LineString","coordinates":[[14.433689,50.076215],[14.433472,50.076529],[14.433311,50.076807],[14.433185,50.077063],[14.433063,50.077424],[14.433031,50.077709],[14.433026,50.077852],[14.433057,50.07812],[14.433078,50.078233],[14.433116,50.078366],[14.433192,50.078567],[14.433393,50.07896],[14.433649,50.079415],[14.434809,50.081494],[14.43556,50.082502],[14.436066,50.08319]]}},{"type":"Feature","properties":{"segmentId":"RL1088_142~T57073","lineId":"L1088","routeId":"L1088","mode":"train","routeColor":"#251E62","routeTextColor":"#FFFFFF","routeShortName":"S88","routeLongName":"Praha - Vrané nad Vltavou - Čisovice - Dobříš","fromStop":{"stopId":"T57073","nodeId":"T57073","name":"Pha hl.n. Lc105-102","lat":50.076302,"lon":14.433863},"toStop":{"stopId":"U142Z301","nodeId":"142","name":"Praha hl.n.","lat":50.083096,"lon":14.436194},"lengthM":824.5,"bidirectional":true},"geometry":{"type":"LineString","coordinates":[[14.433689,50.076215],[14.433472,50.076529],[14.433311,50.076807],[14.433185,50.077063],[14.433063,50.077424],[14.433031,50.077709],[14.433026,50.077852],[14.433057,50.07812],[14.433078,50.078233],[14.433116,50.078366],[14.433192,50.078567],[14.433393,50.07896],[14.433649,50.079415],[14.434809,50.081494],[14.43556,50.082502],[14.436066,50.08319]]}},{"type":"Feature","properties":{"segmentId":"RL1061_134~T57075","lineId":"L1061","routeId":"L1061","mode":"train","routeColor":"#251E62","routeTextColor":"#FFFFFF","routeShortName":"S61","routeLongName":"Praha - Úvaly","fromStop":{"stopId":"U134Z301","nodeId":"134","name":"Praha-Libeň","lat":50.100788,"lon":14.501663},"toStop":{"stopId":"T57075","nodeId":"T57075","name":"Pha hl.n.L601b,L602b","lat":50.092023,"lon":14.464201},"lengthM":3119.2,"bidirectional":true},"geometry":{"type":"LineString","coordinates":[[14.501666,50.100804],[14.501494,50.100834],[14.501137,50.100895],[14.500822,50.100943],[14.500499,50.100984],[14.500227,50.101014],[14.499955,50.101041],[14.499792,50.101054],[14.499517,50.101075],[14.499275,50.10109],[14.499039,50.101098],[14.498921,50.101101],[14.498607,50.101109],[14.498237,50.101115],[14.497983,50.101119],[14.497701,50.101127],[14.497435,50.101136],[14.497156,50.10115],[14.497081,50.101154],[14.496464,50.101184],[14.49562,50.101231],[14.494982,50.101288],[14.494255,50.10137],[14.492338,50.101605],[14.49192,50.101653],[14.491553,50.101693],[14.490965,50.101751],[14.490181,50.101821],[14.489331,50.101889],[14.488219,50.101951],[14.486556,50.102076],[14.486041,50.102111],[14.485737,50.102125],[14.485235,50.102132],[14.484915,50.10213],[14.484429,50.102112],[14.483902,50.102074],[14.483545,50.102036],[14.483176,50.101988],[14.482771,50.101924],[14.482397,50.101853],[14.482014,50.10177],[14.481756,50.101705],[14.481306,50.101581],[14.480957,50.101472],[14.480427,50.10129],[14.480016,50.101138],[14.479562,50.100961],[14.479092,50.100768],[14.478642,50.100571],[14.478056,50.100297],[14.477724,50.100132],[14.477206,50.099858],[14.476602,50.099512],[14.47639,50.099382],[14.475995,50.099128],[14.475471,50.098767],[14.47516,50.098537],[14.474857,50.098302],[14.474292,50.097834],[14.473729,50.097352],[14.470991,50.09494],[14.470675,50.094678],[14.470343,50.094424],[14.470011,50.094193],[14.469802,50.094062],[14.469629,50.093958],[14.469302,50.093777],[14.46905,50.093649],[14.468826,50.093543],[14.468409,50.093363],[14.468172,50.093268],[14.46761,50.093071],[14.467097,50.092908],[14.466604,50.092761],[14.465412,50.092407],[14.464892,50.092248],[14.464196,50.09204]]}},{"type":"Feature","properties":{"segmentId":"RL1061_142~T57075","lineId":"L1061","routeId":"L1061","mode":"train","routeColor":"#251E62","routeTextColor":"#FFFFFF","routeShortName":"S61","routeLongName":"Praha - Úvaly","fromStop":{"stopId":"T57075","nodeId":"T57075","name":"Pha hl.n.L601b,L602b","lat":50.092023,"lon":14.464201},"toStop":{"stopId":"U142Z301","nodeId":"142","name":"Praha hl.n.","lat":50.083096,"lon":14.436194},"lengthM":2355.3,"bidirectional":true},"geometry":{"type":"LineString","coordinates":[[14.464196,50.09204],[14.462725,50.0916],[14.461124,50.091129],[14.459858,50.090769],[14.458551,50.090428],[14.457241,50.090116],[14.454601,50.0895],[14.453284,50.089203],[14.451959,50.08895],[14.450583,50.088799],[14.449178,50.088719],[14.445562,50.088495],[14.44509,50.088461],[14.444733,50.088425],[14.4442,50.088356],[14.443664,50.088263],[14.443163,50.088153],[14.44293,50.088094],[14.44256,50.087991],[14.440945,50.087476],[14.440632,50.087361],[14.44007,50.087129],[14.439828,50.087021],[14.439708,50.086962],[14.439148,50.086665],[14.438852,50.08649],[14.438665,50.086369],[14.438447,50.086217],[14.438258,50.086073],[14.438107,50.085925],[14.437964,50.085757],[14.437668,50.085381],[14.4373,50.084868],[14.436066,50.08319]]}}]}